runspec started at Wed Jul  1 06:06:24 2026 on "Ubuntu"
runspec is: /media/hahafish/Data/ForUbuntu/speccpu2006/bin/runspec
runspec: runspec --config=infra-mixsan-wo-check_O2 --nobuild --iterations 3 --ignore_errors 400.perlbench 401.bzip2 403.gcc 429.mcf 433.milc 444.namd 445.gobmk 447.dealII 450.soplex 453.povray 456.hmmer 458.sjeng 462.libquantum 464.h264ref 470.lbm 471.omnetpp 473.astar 482.sphinx3 483.xalancbmk

Locating benchmarks...found 31 benchmarks in 12 benchsets.
Locating output formats: ASCII, config, CSV, flags, HTML, mail, PDF, PostScript, raw, Screen, Submission Check
Reading config file '/media/hahafish/Data/ForUbuntu/speccpu2006/config/infra-mixsan-wo-check_O2.cfg'
Verbosity = 5
Action    = validate
Tune      = base
Ext       = infra-mixsan-wo-check_O2
Size      = ref
Machine   = default
benchmarks= 400.perlbench,401.bzip2,403.gcc,429.mcf,433.milc,444.namd,445.gobmk,447.dealII,450.soplex,453.povray,456.hmmer,458.sjeng,462.libquantum,464.h264ref,470.lbm,471.omnetpp,473.astar,482.sphinx3,483.xalancbmk
outputs   = raw,flags,ASCII,HTML
username  = hahafish
Benchmarks selected: 400.perlbench, 401.bzip2, 403.gcc, 429.mcf, 433.milc, 444.namd, 445.gobmk, 447.dealII, 450.soplex, 453.povray, 456.hmmer, 458.sjeng, 462.libquantum, 464.h264ref, 470.lbm, 471.omnetpp, 473.astar, 482.sphinx3, 483.xalancbmk
Compiling Binaries

------------------------------------------------------------------------
  Up to date 400.perlbench ref base infra-mixsan-wo-check_O2 default

------------------------------------------------------------------------
  Up to date 401.bzip2 ref base infra-mixsan-wo-check_O2 default

------------------------------------------------------------------------
  Up to date 403.gcc ref base infra-mixsan-wo-check_O2 default

------------------------------------------------------------------------
  Up to date 429.mcf ref base infra-mixsan-wo-check_O2 default

------------------------------------------------------------------------
  Up to date 433.milc ref base infra-mixsan-wo-check_O2 default

------------------------------------------------------------------------
  Up to date 444.namd ref base infra-mixsan-wo-check_O2 default

------------------------------------------------------------------------
  Up to date 445.gobmk ref base infra-mixsan-wo-check_O2 default

------------------------------------------------------------------------
  Up to date 447.dealII ref base infra-mixsan-wo-check_O2 default

------------------------------------------------------------------------
  Up to date 450.soplex ref base infra-mixsan-wo-check_O2 default

------------------------------------------------------------------------
  Up to date 453.povray ref base infra-mixsan-wo-check_O2 default

------------------------------------------------------------------------
  Up to date 456.hmmer ref base infra-mixsan-wo-check_O2 default

------------------------------------------------------------------------
  Up to date 458.sjeng ref base infra-mixsan-wo-check_O2 default

------------------------------------------------------------------------
  Up to date 462.libquantum ref base infra-mixsan-wo-check_O2 default

------------------------------------------------------------------------
  Up to date 464.h264ref ref base infra-mixsan-wo-check_O2 default

------------------------------------------------------------------------
  Up to date 470.lbm ref base infra-mixsan-wo-check_O2 default

------------------------------------------------------------------------
  Up to date 471.omnetpp ref base infra-mixsan-wo-check_O2 default

------------------------------------------------------------------------
  Up to date 473.astar ref base infra-mixsan-wo-check_O2 default

------------------------------------------------------------------------
  Up to date 482.sphinx3 ref base infra-mixsan-wo-check_O2 default

------------------------------------------------------------------------
  Up to date 483.xalancbmk ref base infra-mixsan-wo-check_O2 default


Parsing Flags
  Looking at 400.perlbench base infra-mixsan-wo-check_O2 default: done
  Looking at 401.bzip2 base infra-mixsan-wo-check_O2 default: done
  Looking at 403.gcc base infra-mixsan-wo-check_O2 default: done
  Looking at 429.mcf base infra-mixsan-wo-check_O2 default: done
  Looking at 433.milc base infra-mixsan-wo-check_O2 default: done
  Looking at 444.namd base infra-mixsan-wo-check_O2 default: done
  Looking at 445.gobmk base infra-mixsan-wo-check_O2 default: done
  Looking at 447.dealII base infra-mixsan-wo-check_O2 default: done
  Looking at 450.soplex base infra-mixsan-wo-check_O2 default: done
  Looking at 453.povray base infra-mixsan-wo-check_O2 default: done
  Looking at 456.hmmer base infra-mixsan-wo-check_O2 default: done
  Looking at 458.sjeng base infra-mixsan-wo-check_O2 default: done
  Looking at 462.libquantum base infra-mixsan-wo-check_O2 default: done
  Looking at 464.h264ref base infra-mixsan-wo-check_O2 default: done
  Looking at 470.lbm base infra-mixsan-wo-check_O2 default: done
  Looking at 471.omnetpp base infra-mixsan-wo-check_O2 default: done
  Looking at 473.astar base infra-mixsan-wo-check_O2 default: done
  Looking at 482.sphinx3 base infra-mixsan-wo-check_O2 default: done
  Looking at 483.xalancbmk base infra-mixsan-wo-check_O2 default: done
Flag Parsing Complete

Setting Up Run Directories
  Setting up 400.perlbench ref base infra-mixsan-wo-check_O2 default: existing (run_base_ref_infra-mixsan-wo-check_O2.0000)
  Setting up 401.bzip2 ref base infra-mixsan-wo-check_O2 default: 
Notice: Unusable path detected in run directory list file.
  /media/hahafish/Data/ForUbuntu/speccpu2006/benchspec/CPU2006/401.bzip2/run/list
references one or more paths which will be ignored, because they are
not subdirectories of this run directory.  This condition may be a
result of having moved your SPEC benchmark tree.  If that's what happened,
and if you don't need the old run directories, you can just remove
them, along with the list file.  (Usually it's safe to delete old
run directories, as they are automatically re-created when needed.)


created (run_base_ref_infra-mixsan-wo-check_O2.0000)
  Setting up 403.gcc ref base infra-mixsan-wo-check_O2 default: existing (run_base_ref_infra-mixsan-wo-check_O2.0000)
  Setting up 429.mcf ref base infra-mixsan-wo-check_O2 default: 
Notice: Unusable path detected in run directory list file.
  /media/hahafish/Data/ForUbuntu/speccpu2006/benchspec/CPU2006/429.mcf/run/list
references one or more paths which will be ignored, because they are
not subdirectories of this run directory.  This condition may be a
result of having moved your SPEC benchmark tree.  If that's what happened,
and if you don't need the old run directories, you can just remove
them, along with the list file.  (Usually it's safe to delete old
run directories, as they are automatically re-created when needed.)


created (run_base_ref_infra-mixsan-wo-check_O2.0003)
  Setting up 433.milc ref base infra-mixsan-wo-check_O2 default: 
Notice: Unusable path detected in run directory list file.
  /media/hahafish/Data/ForUbuntu/speccpu2006/benchspec/CPU2006/433.milc/run/list
references one or more paths which will be ignored, because they are
not subdirectories of this run directory.  This condition may be a
result of having moved your SPEC benchmark tree.  If that's what happened,
and if you don't need the old run directories, you can just remove
them, along with the list file.  (Usually it's safe to delete old
run directories, as they are automatically re-created when needed.)


existing (run_base_ref_infra-mixsan-wo-check_O2.0000)
  Setting up 444.namd ref base infra-mixsan-wo-check_O2 default: created (run_base_ref_infra-mixsan-wo-check_O2.0000)
  Setting up 445.gobmk ref base infra-mixsan-wo-check_O2 default: 
Notice: Unusable path detected in run directory list file.
  /media/hahafish/Data/ForUbuntu/speccpu2006/benchspec/CPU2006/445.gobmk/run/list
references one or more paths which will be ignored, because they are
not subdirectories of this run directory.  This condition may be a
result of having moved your SPEC benchmark tree.  If that's what happened,
and if you don't need the old run directories, you can just remove
them, along with the list file.  (Usually it's safe to delete old
run directories, as they are automatically re-created when needed.)


existing (run_base_ref_infra-mixsan-wo-check_O2.0002)
  Setting up 447.dealII ref base infra-mixsan-wo-check_O2 default: existing (run_base_ref_infra-mixsan-wo-check_O2.0000)
  Setting up 450.soplex ref base infra-mixsan-wo-check_O2 default: existing (run_base_ref_infra-mixsan-wo-check_O2.0000)
  Setting up 453.povray ref base infra-mixsan-wo-check_O2 default: 
Notice: Unusable path detected in run directory list file.
  /media/hahafish/Data/ForUbuntu/speccpu2006/benchspec/CPU2006/453.povray/run/list
references one or more paths which will be ignored, because they are
not subdirectories of this run directory.  This condition may be a
result of having moved your SPEC benchmark tree.  If that's what happened,
and if you don't need the old run directories, you can just remove
them, along with the list file.  (Usually it's safe to delete old
run directories, as they are automatically re-created when needed.)


created (run_base_ref_infra-mixsan-wo-check_O2.0000)
  Setting up 456.hmmer ref base infra-mixsan-wo-check_O2 default: 
Notice: Unusable path detected in run directory list file.
  /media/hahafish/Data/ForUbuntu/speccpu2006/benchspec/CPU2006/456.hmmer/run/list
references one or more paths which will be ignored, because they are
not subdirectories of this run directory.  This condition may be a
result of having moved your SPEC benchmark tree.  If that's what happened,
and if you don't need the old run directories, you can just remove
them, along with the list file.  (Usually it's safe to delete old
run directories, as they are automatically re-created when needed.)


created (run_base_ref_infra-mixsan-wo-check_O2.0002)
  Setting up 458.sjeng ref base infra-mixsan-wo-check_O2 default: 
Notice: Unusable path detected in run directory list file.
  /media/hahafish/Data/ForUbuntu/speccpu2006/benchspec/CPU2006/458.sjeng/run/list
references one or more paths which will be ignored, because they are
not subdirectories of this run directory.  This condition may be a
result of having moved your SPEC benchmark tree.  If that's what happened,
and if you don't need the old run directories, you can just remove
them, along with the list file.  (Usually it's safe to delete old
run directories, as they are automatically re-created when needed.)


created (run_base_ref_infra-mixsan-wo-check_O2.0000)
  Setting up 462.libquantum ref base infra-mixsan-wo-check_O2 default: 
Notice: Unusable path detected in run directory list file.
  /media/hahafish/Data/ForUbuntu/speccpu2006/benchspec/CPU2006/462.libquantum/run/list
references one or more paths which will be ignored, because they are
not subdirectories of this run directory.  This condition may be a
result of having moved your SPEC benchmark tree.  If that's what happened,
and if you don't need the old run directories, you can just remove
them, along with the list file.  (Usually it's safe to delete old
run directories, as they are automatically re-created when needed.)


created (run_base_ref_infra-mixsan-wo-check_O2.0002)
  Setting up 464.h264ref ref base infra-mixsan-wo-check_O2 default: 
Notice: Unusable path detected in run directory list file.
  /media/hahafish/Data/ForUbuntu/speccpu2006/benchspec/CPU2006/464.h264ref/run/list
references one or more paths which will be ignored, because they are
not subdirectories of this run directory.  This condition may be a
result of having moved your SPEC benchmark tree.  If that's what happened,
and if you don't need the old run directories, you can just remove
them, along with the list file.  (Usually it's safe to delete old
run directories, as they are automatically re-created when needed.)


created (run_base_ref_infra-mixsan-wo-check_O2.0000)
  Setting up 470.lbm ref base infra-mixsan-wo-check_O2 default: existing (run_base_ref_infra-mixsan-wo-check_O2.0000)
  Setting up 471.omnetpp ref base infra-mixsan-wo-check_O2 default: existing (run_base_ref_infra-mixsan-wo-check_O2.0000)
  Setting up 473.astar ref base infra-mixsan-wo-check_O2 default: 
Notice: Unusable path detected in run directory list file.
  /media/hahafish/Data/ForUbuntu/speccpu2006/benchspec/CPU2006/473.astar/run/list
references one or more paths which will be ignored, because they are
not subdirectories of this run directory.  This condition may be a
result of having moved your SPEC benchmark tree.  If that's what happened,
and if you don't need the old run directories, you can just remove
them, along with the list file.  (Usually it's safe to delete old
run directories, as they are automatically re-created when needed.)


created (run_base_ref_infra-mixsan-wo-check_O2.0002)
  Setting up 482.sphinx3 ref base infra-mixsan-wo-check_O2 default: 
Notice: Unusable path detected in run directory list file.
  /media/hahafish/Data/ForUbuntu/speccpu2006/benchspec/CPU2006/482.sphinx3/run/list
references one or more paths which will be ignored, because they are
not subdirectories of this run directory.  This condition may be a
result of having moved your SPEC benchmark tree.  If that's what happened,
and if you don't need the old run directories, you can just remove
them, along with the list file.  (Usually it's safe to delete old
run directories, as they are automatically re-created when needed.)


existing (run_base_ref_infra-mixsan-wo-check_O2.0002)
  Setting up 483.xalancbmk ref base infra-mixsan-wo-check_O2 default: existing (run_base_ref_infra-mixsan-wo-check_O2.0000)

-----------------------------------
Running Benchmarks

-----------------------------------
  Running (#1) 400.perlbench ref base infra-mixsan-wo-check_O2 default
Commands to run: 
    -C /media/hahafish/Data/ForUbuntu/speccpu2006/benchspec/CPU2006/400.perlbench/run/run_base_ref_infra-mixsan-wo-check_O2.0000
    -o checkspam.2500.5.25.11.150.1.1.1.1.out -e checkspam.2500.5.25.11.150.1.1.1.1.err ../run_base_ref_infra-mixsan-wo-check_O2.0000/perlbench_base.infra-mixsan-wo-check_O2 -I./lib checkspam.pl 2500 5 25 11 150 1 1 1 1
    -o diffmail.4.800.10.17.19.300.out -e diffmail.4.800.10.17.19.300.err ../run_base_ref_infra-mixsan-wo-check_O2.0000/perlbench_base.infra-mixsan-wo-check_O2 -I./lib diffmail.pl 4 800 10 17 19 300
    -o splitmail.1600.12.26.16.4500.out -e splitmail.1600.12.26.16.4500.err ../run_base_ref_infra-mixsan-wo-check_O2.0000/perlbench_base.infra-mixsan-wo-check_O2 -I./lib splitmail.pl 1600 12 26 16 4500
Specinvoke: /media/hahafish/Data/ForUbuntu/speccpu2006/bin/specinvoke -d /media/hahafish/Data/ForUbuntu/speccpu2006/benchspec/CPU2006/400.perlbench/run/run_base_ref_infra-mixsan-wo-check_O2.0000 -e speccmds.err -o speccmds.stdout -f speccmds.cmd -C
Issuing command '/media/hahafish/Data/ForUbuntu/speccpu2006/bin/specinvoke -d /media/hahafish/Data/ForUbuntu/speccpu2006/benchspec/CPU2006/400.perlbench/run/run_base_ref_infra-mixsan-wo-check_O2.0000 -e speccmds.err -o speccmds.stdout -f speccmds.cmd -C'
Start command: Wed Jul  1 06:06:31 2026 (1782857191)
Stop command: Wed Jul  1 06:08:49 2026 (1782857329)
Elapsed time for command: 00:02:18 (138)
Workload elapsed time (0:1) = 57.573378 seconds
Workload elapsed time (0:2) = 37.325527 seconds
Workload elapsed time (0:3) = 34.772159 seconds
copy 0 finished @ Wed Jul  1 06:08:41 2026.  Total elapsed time: 129.671064
comparing files in '/media/hahafish/Data/ForUbuntu/speccpu2006/benchspec/CPU2006/400.perlbench/run/run_base_ref_infra-mixsan-wo-check_O2.0000'
comparing 'checkspam.2500.5.25.11.150.1.1.1.1.out' with abstol=, binary=, calctol=0, cw=, floatcompare=, ignorecase=, obiwan=, reltol=, skipabstol=, skipobiwan=, skipreltol=, skiptol=
comparing 'diffmail.4.800.10.17.19.300.out' with abstol=, binary=, calctol=0, cw=, floatcompare=, ignorecase=, obiwan=, reltol=, skipabstol=, skipobiwan=, skipreltol=, skiptol=
comparing 'splitmail.1600.12.26.16.4500.out' with abstol=, binary=, calctol=0, cw=, floatcompare=, ignorecase=, obiwan=, reltol=, skipabstol=, skipobiwan=, skipreltol=, skiptol=
Specinvoke: /media/hahafish/Data/ForUbuntu/speccpu2006/bin/specinvoke -E -d /media/hahafish/Data/ForUbuntu/speccpu2006/benchspec/CPU2006/400.perlbench/run/run_base_ref_infra-mixsan-wo-check_O2.0000 -c 1 -e compare.err -o compare.stdout -f compare.cmd
Issuing command '/media/hahafish/Data/ForUbuntu/speccpu2006/bin/specinvoke -E -d /media/hahafish/Data/ForUbuntu/speccpu2006/benchspec/CPU2006/400.perlbench/run/run_base_ref_infra-mixsan-wo-check_O2.0000 -c 1 -e compare.err -o compare.stdout -f compare.cmd'
Start command: Wed Jul  1 06:08:49 2026 (1782857329)
Stop command: Wed Jul  1 06:08:51 2026 (1782857331)
Elapsed time for command: 00:00:02 (2)
Benchmark Times:
  Start:    Wed Jul  1 06:06:31 2026 (1782857191)
  Stop:     Wed Jul  1 06:08:49 2026 (1782857329)
  Elapsed:  00:02:18 (138)
  Reported: 129 671129000 129.671129
 Success 400.perlbench base ref ratio=75.34, runtime=129.671129

-----------------------------------
  Running (#1) 401.bzip2 ref base infra-mixsan-wo-check_O2 default
Commands to run: 
    -C /media/hahafish/Data/ForUbuntu/speccpu2006/benchspec/CPU2006/401.bzip2/run/run_base_ref_infra-mixsan-wo-check_O2.0000
    -o input.source.out -e input.source.err ../run_base_ref_infra-mixsan-wo-check_O2.0000/bzip2_base.infra-mixsan-wo-check_O2 input.source 280
    -o chicken.jpg.out -e chicken.jpg.err ../run_base_ref_infra-mixsan-wo-check_O2.0000/bzip2_base.infra-mixsan-wo-check_O2 chicken.jpg 30
    -o liberty.jpg.out -e liberty.jpg.err ../run_base_ref_infra-mixsan-wo-check_O2.0000/bzip2_base.infra-mixsan-wo-check_O2 liberty.jpg 30
    -o input.program.out -e input.program.err ../run_base_ref_infra-mixsan-wo-check_O2.0000/bzip2_base.infra-mixsan-wo-check_O2 input.program 280
    -o text.html.out -e text.html.err ../run_base_ref_infra-mixsan-wo-check_O2.0000/bzip2_base.infra-mixsan-wo-check_O2 text.html 280
    -o input.combined.out -e input.combined.err ../run_base_ref_infra-mixsan-wo-check_O2.0000/bzip2_base.infra-mixsan-wo-check_O2 input.combined 200
Specinvoke: /media/hahafish/Data/ForUbuntu/speccpu2006/bin/specinvoke -d /media/hahafish/Data/ForUbuntu/speccpu2006/benchspec/CPU2006/401.bzip2/run/run_base_ref_infra-mixsan-wo-check_O2.0000 -e speccmds.err -o speccmds.stdout -f speccmds.cmd -C
Issuing command '/media/hahafish/Data/ForUbuntu/speccpu2006/bin/specinvoke -d /media/hahafish/Data/ForUbuntu/speccpu2006/benchspec/CPU2006/401.bzip2/run/run_base_ref_infra-mixsan-wo-check_O2.0000 -e speccmds.err -o speccmds.stdout -f speccmds.cmd -C'
Start command: Wed Jul  1 06:08:51 2026 (1782857331)
Stop command: Wed Jul  1 06:12:24 2026 (1782857544)
Elapsed time for command: 00:03:33 (213)
Workload elapsed time (0:1) = 45.263491 seconds
Workload elapsed time (0:2) = 12.747023 seconds
Workload elapsed time (0:3) = 19.559963 seconds
Workload elapsed time (0:4) = 45.340662 seconds
Workload elapsed time (0:5) = 47.05798 seconds
Workload elapsed time (0:6) = 34.617342 seconds
copy 0 finished @ Wed Jul  1 06:12:16 2026.  Total elapsed time: 204.586461
comparing files in '/media/hahafish/Data/ForUbuntu/speccpu2006/benchspec/CPU2006/401.bzip2/run/run_base_ref_infra-mixsan-wo-check_O2.0000'
comparing 'chicken.jpg.out' with abstol=, binary=, calctol=0, cw=, floatcompare=, ignorecase=, obiwan=, reltol=, skipabstol=, skipobiwan=, skipreltol=, skiptol=
comparing 'input.combined.out' with abstol=, binary=, calctol=0, cw=, floatcompare=, ignorecase=, obiwan=, reltol=, skipabstol=, skipobiwan=, skipreltol=, skiptol=
comparing 'input.program.out' with abstol=, binary=, calctol=0, cw=, floatcompare=, ignorecase=, obiwan=, reltol=, skipabstol=, skipobiwan=, skipreltol=, skiptol=
comparing 'input.source.out' with abstol=, binary=, calctol=0, cw=, floatcompare=, ignorecase=, obiwan=, reltol=, skipabstol=, skipobiwan=, skipreltol=, skiptol=
comparing 'liberty.jpg.out' with abstol=, binary=, calctol=0, cw=, floatcompare=, ignorecase=, obiwan=, reltol=, skipabstol=, skipobiwan=, skipreltol=, skiptol=
comparing 'text.html.out' with abstol=, binary=, calctol=0, cw=, floatcompare=, ignorecase=, obiwan=, reltol=, skipabstol=, skipobiwan=, skipreltol=, skiptol=
Specinvoke: /media/hahafish/Data/ForUbuntu/speccpu2006/bin/specinvoke -E -d /media/hahafish/Data/ForUbuntu/speccpu2006/benchspec/CPU2006/401.bzip2/run/run_base_ref_infra-mixsan-wo-check_O2.0000 -c 1 -e compare.err -o compare.stdout -f compare.cmd
Issuing command '/media/hahafish/Data/ForUbuntu/speccpu2006/bin/specinvoke -E -d /media/hahafish/Data/ForUbuntu/speccpu2006/benchspec/CPU2006/401.bzip2/run/run_base_ref_infra-mixsan-wo-check_O2.0000 -c 1 -e compare.err -o compare.stdout -f compare.cmd'
Start command: Wed Jul  1 06:12:24 2026 (1782857544)
Stop command: Wed Jul  1 06:12:26 2026 (1782857546)
Elapsed time for command: 00:00:02 (2)
Benchmark Times:
  Start:    Wed Jul  1 06:08:51 2026 (1782857331)
  Stop:     Wed Jul  1 06:12:24 2026 (1782857544)
  Elapsed:  00:03:33 (213)
  Reported: 204 586552000 204.586552
 Success 401.bzip2 base ref ratio=47.17, runtime=204.586552

-----------------------------------
  Running (#1) 403.gcc ref base infra-mixsan-wo-check_O2 default
Commands to run: 
    -C /media/hahafish/Data/ForUbuntu/speccpu2006/benchspec/CPU2006/403.gcc/run/run_base_ref_infra-mixsan-wo-check_O2.0000
    -o 166.out -e 166.err ../run_base_ref_infra-mixsan-wo-check_O2.0000/gcc_base.infra-mixsan-wo-check_O2 166.i -o 166.s
    -o 200.out -e 200.err ../run_base_ref_infra-mixsan-wo-check_O2.0000/gcc_base.infra-mixsan-wo-check_O2 200.i -o 200.s
    -o c-typeck.out -e c-typeck.err ../run_base_ref_infra-mixsan-wo-check_O2.0000/gcc_base.infra-mixsan-wo-check_O2 c-typeck.i -o c-typeck.s
    -o cp-decl.out -e cp-decl.err ../run_base_ref_infra-mixsan-wo-check_O2.0000/gcc_base.infra-mixsan-wo-check_O2 cp-decl.i -o cp-decl.s
    -o expr.out -e expr.err ../run_base_ref_infra-mixsan-wo-check_O2.0000/gcc_base.infra-mixsan-wo-check_O2 expr.i -o expr.s
    -o expr2.out -e expr2.err ../run_base_ref_infra-mixsan-wo-check_O2.0000/gcc_base.infra-mixsan-wo-check_O2 expr2.i -o expr2.s
    -o g23.out -e g23.err ../run_base_ref_infra-mixsan-wo-check_O2.0000/gcc_base.infra-mixsan-wo-check_O2 g23.i -o g23.s
    -o s04.out -e s04.err ../run_base_ref_infra-mixsan-wo-check_O2.0000/gcc_base.infra-mixsan-wo-check_O2 s04.i -o s04.s
    -o scilab.out -e scilab.err ../run_base_ref_infra-mixsan-wo-check_O2.0000/gcc_base.infra-mixsan-wo-check_O2 scilab.i -o scilab.s
Specinvoke: /media/hahafish/Data/ForUbuntu/speccpu2006/bin/specinvoke -d /media/hahafish/Data/ForUbuntu/speccpu2006/benchspec/CPU2006/403.gcc/run/run_base_ref_infra-mixsan-wo-check_O2.0000 -e speccmds.err -o speccmds.stdout -f speccmds.cmd -C
Issuing command '/media/hahafish/Data/ForUbuntu/speccpu2006/bin/specinvoke -d /media/hahafish/Data/ForUbuntu/speccpu2006/benchspec/CPU2006/403.gcc/run/run_base_ref_infra-mixsan-wo-check_O2.0000 -e speccmds.err -o speccmds.stdout -f speccmds.cmd -C'
Start command: Wed Jul  1 06:12:26 2026 (1782857546)
Stop command: Wed Jul  1 06:14:50 2026 (1782857690)
Elapsed time for command: 00:02:24 (144)
Workload elapsed time (0:1) = 8.390179 seconds
Workload elapsed time (0:2) = 27.091445 seconds
Workload elapsed time (0:3) = 13.997542 seconds
Workload elapsed time (0:4) = 10.171782 seconds
Workload elapsed time (0:5) = 11.348946 seconds
Workload elapsed time (0:6) = 15.937407 seconds
Workload elapsed time (0:7) = 21.563484 seconds
Workload elapsed time (0:8) = 16.738973 seconds
Workload elapsed time (0:9) = 10.622808 seconds
copy 0 finished @ Wed Jul  1 06:14:42 2026.  Total elapsed time: 135.862566
comparing files in '/media/hahafish/Data/ForUbuntu/speccpu2006/benchspec/CPU2006/403.gcc/run/run_base_ref_infra-mixsan-wo-check_O2.0000'
comparing '166.s' with abstol=, binary=, calctol=0, cw=, floatcompare=, ignorecase=, obiwan=, reltol=, skipabstol=, skipobiwan=, skipreltol=, skiptol=
comparing '200.s' with abstol=, binary=, calctol=0, cw=, floatcompare=, ignorecase=, obiwan=, reltol=, skipabstol=, skipobiwan=, skipreltol=, skiptol=
comparing 'c-typeck.s' with abstol=, binary=, calctol=0, cw=, floatcompare=, ignorecase=, obiwan=, reltol=, skipabstol=, skipobiwan=, skipreltol=, skiptol=
comparing 'cp-decl.s' with abstol=, binary=, calctol=0, cw=, floatcompare=, ignorecase=, obiwan=, reltol=, skipabstol=, skipobiwan=, skipreltol=, skiptol=
comparing 'expr.s' with abstol=, binary=, calctol=0, cw=, floatcompare=, ignorecase=, obiwan=, reltol=, skipabstol=, skipobiwan=, skipreltol=, skiptol=
comparing 'expr2.s' with abstol=, binary=, calctol=0, cw=, floatcompare=, ignorecase=, obiwan=, reltol=, skipabstol=, skipobiwan=, skipreltol=, skiptol=
comparing 'g23.s' with abstol=, binary=, calctol=0, cw=, floatcompare=, ignorecase=, obiwan=, reltol=, skipabstol=, skipobiwan=, skipreltol=, skiptol=
comparing 's04.s' with abstol=, binary=, calctol=0, cw=, floatcompare=, ignorecase=, obiwan=, reltol=, skipabstol=, skipobiwan=, skipreltol=, skiptol=
comparing 'scilab.s' with abstol=, binary=, calctol=0, cw=, floatcompare=, ignorecase=, obiwan=, reltol=, skipabstol=, skipobiwan=, skipreltol=, skiptol=
Specinvoke: /media/hahafish/Data/ForUbuntu/speccpu2006/bin/specinvoke -E -d /media/hahafish/Data/ForUbuntu/speccpu2006/benchspec/CPU2006/403.gcc/run/run_base_ref_infra-mixsan-wo-check_O2.0000 -c 1 -e compare.err -o compare.stdout -f compare.cmd
Issuing command '/media/hahafish/Data/ForUbuntu/speccpu2006/bin/specinvoke -E -d /media/hahafish/Data/ForUbuntu/speccpu2006/benchspec/CPU2006/403.gcc/run/run_base_ref_infra-mixsan-wo-check_O2.0000 -c 1 -e compare.err -o compare.stdout -f compare.cmd'
Start command: Wed Jul  1 06:14:50 2026 (1782857690)
Stop command: Wed Jul  1 06:14:52 2026 (1782857692)
Elapsed time for command: 00:00:02 (2)
Benchmark Times:
  Start:    Wed Jul  1 06:12:26 2026 (1782857546)
  Stop:     Wed Jul  1 06:14:50 2026 (1782857690)
  Elapsed:  00:02:24 (144)
  Reported: 135 862696000 135.862696
 Success 403.gcc base ref ratio=59.25, runtime=135.862696

-----------------------------------
  Running (#1) 429.mcf ref base infra-mixsan-wo-check_O2 default
Commands to run: 
    -C /home/hahafish/speccpu2006/benchspec/CPU2006/429.mcf/run/run_base_ref_infra-mixsan-wo-check_O2.0003
    -o inp.out -e inp.err ../run_base_ref_infra-mixsan-wo-check_O2.0003/mcf_base.infra-mixsan-wo-check_O2 inp.in
Specinvoke: /media/hahafish/Data/ForUbuntu/speccpu2006/bin/specinvoke -d /home/hahafish/speccpu2006/benchspec/CPU2006/429.mcf/run/run_base_ref_infra-mixsan-wo-check_O2.0003 -e speccmds.err -o speccmds.stdout -f speccmds.cmd -C
Issuing command '/media/hahafish/Data/ForUbuntu/speccpu2006/bin/specinvoke -d /home/hahafish/speccpu2006/benchspec/CPU2006/429.mcf/run/run_base_ref_infra-mixsan-wo-check_O2.0003 -e speccmds.err -o speccmds.stdout -f speccmds.cmd -C'
Start command: Wed Jul  1 06:14:52 2026 (1782857692)
Stop command: Wed Jul  1 06:16:56 2026 (1782857816)
Elapsed time for command: 00:02:04 (124)
Workload elapsed time (0:1) = 115.837957 seconds
copy 0 finished @ Wed Jul  1 06:16:48 2026.  Total elapsed time: 115.837957
comparing files in '/home/hahafish/speccpu2006/benchspec/CPU2006/429.mcf/run/run_base_ref_infra-mixsan-wo-check_O2.0003'
comparing 'inp.out' with abstol=, binary=, calctol=0, cw=, floatcompare=, ignorecase=, obiwan=, reltol=, skipabstol=, skipobiwan=, skipreltol=, skiptol=
comparing 'mcf.out' with abstol=, binary=, calctol=0, cw=, floatcompare=, ignorecase=, obiwan=, reltol=, skipabstol=, skipobiwan=, skipreltol=, skiptol=
Specinvoke: /media/hahafish/Data/ForUbuntu/speccpu2006/bin/specinvoke -E -d /home/hahafish/speccpu2006/benchspec/CPU2006/429.mcf/run/run_base_ref_infra-mixsan-wo-check_O2.0003 -c 1 -e compare.err -o compare.stdout -f compare.cmd
Issuing command '/media/hahafish/Data/ForUbuntu/speccpu2006/bin/specinvoke -E -d /home/hahafish/speccpu2006/benchspec/CPU2006/429.mcf/run/run_base_ref_infra-mixsan-wo-check_O2.0003 -c 1 -e compare.err -o compare.stdout -f compare.cmd'
Start command: Wed Jul  1 06:16:56 2026 (1782857816)
Stop command: Wed Jul  1 06:16:58 2026 (1782857818)
Elapsed time for command: 00:00:02 (2)
Benchmark Times:
  Start:    Wed Jul  1 06:14:52 2026 (1782857692)
  Stop:     Wed Jul  1 06:16:56 2026 (1782857816)
  Elapsed:  00:02:04 (124)
  Reported: 115 838003000 115.838003
 Success 429.mcf base ref ratio=78.73, runtime=115.838003

-----------------------------------
  Running (#1) 433.milc ref base infra-mixsan-wo-check_O2 default
Commands to run: 
    -C /home/hahafish/speccpu2006/benchspec/CPU2006/433.milc/run/run_base_ref_infra-mixsan-wo-check_O2.0000
    -i su3imp.in -o su3imp.out -e su3imp.err ../run_base_ref_infra-mixsan-wo-check_O2.0000/milc_base.infra-mixsan-wo-check_O2
Specinvoke: /media/hahafish/Data/ForUbuntu/speccpu2006/bin/specinvoke -d /home/hahafish/speccpu2006/benchspec/CPU2006/433.milc/run/run_base_ref_infra-mixsan-wo-check_O2.0000 -e speccmds.err -o speccmds.stdout -f speccmds.cmd -C
Issuing command '/media/hahafish/Data/ForUbuntu/speccpu2006/bin/specinvoke -d /home/hahafish/speccpu2006/benchspec/CPU2006/433.milc/run/run_base_ref_infra-mixsan-wo-check_O2.0000 -e speccmds.err -o speccmds.stdout -f speccmds.cmd -C'
Start command: Wed Jul  1 06:16:58 2026 (1782857818)
Stop command: Wed Jul  1 06:19:37 2026 (1782857977)
Elapsed time for command: 00:02:39 (159)
Workload elapsed time (0:1) = 151.470844 seconds
copy 0 finished @ Wed Jul  1 06:19:29 2026.  Total elapsed time: 151.470844
comparing files in '/home/hahafish/speccpu2006/benchspec/CPU2006/433.milc/run/run_base_ref_infra-mixsan-wo-check_O2.0000'
comparing 'su3imp.out' with abstol=2e-07, binary=, calctol=0, cw=, floatcompare=, ignorecase=, obiwan=, reltol=0.0001, skipabstol=, skipobiwan=, skipreltol=, skiptol=
Specinvoke: /media/hahafish/Data/ForUbuntu/speccpu2006/bin/specinvoke -E -d /home/hahafish/speccpu2006/benchspec/CPU2006/433.milc/run/run_base_ref_infra-mixsan-wo-check_O2.0000 -c 1 -e compare.err -o compare.stdout -f compare.cmd
Issuing command '/media/hahafish/Data/ForUbuntu/speccpu2006/bin/specinvoke -E -d /home/hahafish/speccpu2006/benchspec/CPU2006/433.milc/run/run_base_ref_infra-mixsan-wo-check_O2.0000 -c 1 -e compare.err -o compare.stdout -f compare.cmd'
Start command: Wed Jul  1 06:19:37 2026 (1782857977)
Stop command: Wed Jul  1 06:19:39 2026 (1782857979)
Elapsed time for command: 00:00:02 (2)
Benchmark Times:
  Start:    Wed Jul  1 06:16:58 2026 (1782857818)
  Stop:     Wed Jul  1 06:19:37 2026 (1782857977)
  Elapsed:  00:02:39 (159)
  Reported: 151 470887000 151.470887
 Success 433.milc base ref ratio=60.61, runtime=151.470887

-----------------------------------
  Running (#1) 444.namd ref base infra-mixsan-wo-check_O2 default
Commands to run: 
    -C /media/hahafish/Data/ForUbuntu/speccpu2006/benchspec/CPU2006/444.namd/run/run_base_ref_infra-mixsan-wo-check_O2.0000
    -o namd.stdout -e namd.err ../run_base_ref_infra-mixsan-wo-check_O2.0000/namd_base.infra-mixsan-wo-check_O2 --input namd.input --iterations 38 --output namd.out 
Specinvoke: /media/hahafish/Data/ForUbuntu/speccpu2006/bin/specinvoke -d /media/hahafish/Data/ForUbuntu/speccpu2006/benchspec/CPU2006/444.namd/run/run_base_ref_infra-mixsan-wo-check_O2.0000 -e speccmds.err -o speccmds.stdout -f speccmds.cmd -C
Issuing command '/media/hahafish/Data/ForUbuntu/speccpu2006/bin/specinvoke -d /media/hahafish/Data/ForUbuntu/speccpu2006/benchspec/CPU2006/444.namd/run/run_base_ref_infra-mixsan-wo-check_O2.0000 -e speccmds.err -o speccmds.stdout -f speccmds.cmd -C'
Start command: Wed Jul  1 06:19:39 2026 (1782857979)
Stop command: Wed Jul  1 06:21:40 2026 (1782858100)
Elapsed time for command: 00:02:01 (121)
Workload elapsed time (0:1) = 112.833061 seconds
copy 0 finished @ Wed Jul  1 06:21:32 2026.  Total elapsed time: 112.833061
comparing files in '/media/hahafish/Data/ForUbuntu/speccpu2006/benchspec/CPU2006/444.namd/run/run_base_ref_infra-mixsan-wo-check_O2.0000'
comparing 'namd.out' with abstol=1e-05, binary=, calctol=0, cw=, floatcompare=, ignorecase=, obiwan=, reltol=, skipabstol=, skipobiwan=, skipreltol=, skiptol=
Specinvoke: /media/hahafish/Data/ForUbuntu/speccpu2006/bin/specinvoke -E -d /media/hahafish/Data/ForUbuntu/speccpu2006/benchspec/CPU2006/444.namd/run/run_base_ref_infra-mixsan-wo-check_O2.0000 -c 1 -e compare.err -o compare.stdout -f compare.cmd
Issuing command '/media/hahafish/Data/ForUbuntu/speccpu2006/bin/specinvoke -E -d /media/hahafish/Data/ForUbuntu/speccpu2006/benchspec/CPU2006/444.namd/run/run_base_ref_infra-mixsan-wo-check_O2.0000 -c 1 -e compare.err -o compare.stdout -f compare.cmd'
Start command: Wed Jul  1 06:21:40 2026 (1782858100)
Stop command: Wed Jul  1 06:21:42 2026 (1782858102)
Elapsed time for command: 00:00:02 (2)
Benchmark Times:
  Start:    Wed Jul  1 06:19:39 2026 (1782857979)
  Stop:     Wed Jul  1 06:21:40 2026 (1782858100)
  Elapsed:  00:02:01 (121)
  Reported: 112 833101000 112.833101
 Success 444.namd base ref ratio=71.08, runtime=112.833101

-----------------------------------
  Running (#1) 445.gobmk ref base infra-mixsan-wo-check_O2 default
Commands to run: 
    -C /home/hahafish/speccpu2006/benchspec/CPU2006/445.gobmk/run/run_base_ref_infra-mixsan-wo-check_O2.0002
    -i 13x13.tst -o 13x13.out -e 13x13.err ../run_base_ref_infra-mixsan-wo-check_O2.0002/gobmk_base.infra-mixsan-wo-check_O2 --quiet --mode gtp
    -i nngs.tst -o nngs.out -e nngs.err ../run_base_ref_infra-mixsan-wo-check_O2.0002/gobmk_base.infra-mixsan-wo-check_O2 --quiet --mode gtp
    -i score2.tst -o score2.out -e score2.err ../run_base_ref_infra-mixsan-wo-check_O2.0002/gobmk_base.infra-mixsan-wo-check_O2 --quiet --mode gtp
    -i trevorc.tst -o trevorc.out -e trevorc.err ../run_base_ref_infra-mixsan-wo-check_O2.0002/gobmk_base.infra-mixsan-wo-check_O2 --quiet --mode gtp
    -i trevord.tst -o trevord.out -e trevord.err ../run_base_ref_infra-mixsan-wo-check_O2.0002/gobmk_base.infra-mixsan-wo-check_O2 --quiet --mode gtp
Specinvoke: /media/hahafish/Data/ForUbuntu/speccpu2006/bin/specinvoke -d /home/hahafish/speccpu2006/benchspec/CPU2006/445.gobmk/run/run_base_ref_infra-mixsan-wo-check_O2.0002 -e speccmds.err -o speccmds.stdout -f speccmds.cmd -C
Issuing command '/media/hahafish/Data/ForUbuntu/speccpu2006/bin/specinvoke -d /home/hahafish/speccpu2006/benchspec/CPU2006/445.gobmk/run/run_base_ref_infra-mixsan-wo-check_O2.0002 -e speccmds.err -o speccmds.stdout -f speccmds.cmd -C'
Start command: Wed Jul  1 06:21:42 2026 (1782858102)
Stop command: Wed Jul  1 06:24:46 2026 (1782858286)
Elapsed time for command: 00:03:04 (184)
Workload elapsed time (0:1) = 25.123716 seconds
Workload elapsed time (0:2) = 62.804224 seconds
Workload elapsed time (0:3) = 31.104754 seconds
Workload elapsed time (0:4) = 24.536105 seconds
Workload elapsed time (0:5) = 31.768049 seconds
copy 0 finished @ Wed Jul  1 06:24:38 2026.  Total elapsed time: 175.336848
comparing files in '/home/hahafish/speccpu2006/benchspec/CPU2006/445.gobmk/run/run_base_ref_infra-mixsan-wo-check_O2.0002'
comparing '13x13.out' with abstol=, binary=, calctol=0, cw=, floatcompare=, ignorecase=, obiwan=, reltol=, skipabstol=, skipobiwan=, skipreltol=, skiptol=
comparing 'nngs.out' with abstol=, binary=, calctol=0, cw=, floatcompare=, ignorecase=, obiwan=, reltol=, skipabstol=, skipobiwan=, skipreltol=, skiptol=
comparing 'score2.out' with abstol=, binary=, calctol=0, cw=, floatcompare=, ignorecase=, obiwan=, reltol=, skipabstol=, skipobiwan=, skipreltol=, skiptol=
comparing 'trevorc.out' with abstol=, binary=, calctol=0, cw=, floatcompare=, ignorecase=, obiwan=, reltol=, skipabstol=, skipobiwan=, skipreltol=, skiptol=
comparing 'trevord.out' with abstol=, binary=, calctol=0, cw=, floatcompare=, ignorecase=, obiwan=, reltol=, skipabstol=, skipobiwan=, skipreltol=, skiptol=
Specinvoke: /media/hahafish/Data/ForUbuntu/speccpu2006/bin/specinvoke -E -d /home/hahafish/speccpu2006/benchspec/CPU2006/445.gobmk/run/run_base_ref_infra-mixsan-wo-check_O2.0002 -c 1 -e compare.err -o compare.stdout -f compare.cmd
Issuing command '/media/hahafish/Data/ForUbuntu/speccpu2006/bin/specinvoke -E -d /home/hahafish/speccpu2006/benchspec/CPU2006/445.gobmk/run/run_base_ref_infra-mixsan-wo-check_O2.0002 -c 1 -e compare.err -o compare.stdout -f compare.cmd'
Start command: Wed Jul  1 06:24:46 2026 (1782858286)
Stop command: Wed Jul  1 06:24:48 2026 (1782858288)
Elapsed time for command: 00:00:02 (2)
Benchmark Times:
  Start:    Wed Jul  1 06:21:42 2026 (1782858102)
  Stop:     Wed Jul  1 06:24:46 2026 (1782858286)
  Elapsed:  00:03:04 (184)
  Reported: 175 336914000 175.336914
 Success 445.gobmk base ref ratio=59.83, runtime=175.336914

-----------------------------------
  Running (#1) 447.dealII ref base infra-mixsan-wo-check_O2 default
Commands to run: 
    -C /media/hahafish/Data/ForUbuntu/speccpu2006/benchspec/CPU2006/447.dealII/run/run_base_ref_infra-mixsan-wo-check_O2.0000
    -o log -e dealII.err ../run_base_ref_infra-mixsan-wo-check_O2.0000/dealII_base.infra-mixsan-wo-check_O2 23
Specinvoke: /media/hahafish/Data/ForUbuntu/speccpu2006/bin/specinvoke -d /media/hahafish/Data/ForUbuntu/speccpu2006/benchspec/CPU2006/447.dealII/run/run_base_ref_infra-mixsan-wo-check_O2.0000 -e speccmds.err -o speccmds.stdout -f speccmds.cmd -C
Issuing command '/media/hahafish/Data/ForUbuntu/speccpu2006/bin/specinvoke -d /media/hahafish/Data/ForUbuntu/speccpu2006/benchspec/CPU2006/447.dealII/run/run_base_ref_infra-mixsan-wo-check_O2.0000 -e speccmds.err -o speccmds.stdout -f speccmds.cmd -C'
Start command: Wed Jul  1 06:24:48 2026 (1782858288)
Stop command: Wed Jul  1 06:26:31 2026 (1782858391)
Elapsed time for command: 00:01:43 (103)
Workload elapsed time (0:1) = 94.793936 seconds
copy 0 finished @ Wed Jul  1 06:26:23 2026.  Total elapsed time: 94.793936
comparing files in '/media/hahafish/Data/ForUbuntu/speccpu2006/benchspec/CPU2006/447.dealII/run/run_base_ref_infra-mixsan-wo-check_O2.0000'
comparing 'grid-0.eps' with abstol=1e-07, binary=, calctol=0, cw=, floatcompare=, ignorecase=, obiwan=, reltol=, skipabstol=, skipobiwan=, skipreltol=, skiptol=
comparing 'grid-1.eps' with abstol=1e-07, binary=, calctol=0, cw=, floatcompare=, ignorecase=, obiwan=, reltol=, skipabstol=, skipobiwan=, skipreltol=, skiptol=
comparing 'grid-2.eps' with abstol=1e-07, binary=, calctol=0, cw=, floatcompare=, ignorecase=, obiwan=, reltol=, skipabstol=, skipobiwan=, skipreltol=, skiptol=
comparing 'grid-3.eps' with abstol=1e-07, binary=, calctol=0, cw=, floatcompare=, ignorecase=, obiwan=, reltol=, skipabstol=, skipobiwan=, skipreltol=, skiptol=
comparing 'grid-4.eps' with abstol=1e-07, binary=, calctol=0, cw=, floatcompare=, ignorecase=, obiwan=, reltol=, skipabstol=, skipobiwan=, skipreltol=, skiptol=
comparing 'grid-5.eps' with abstol=1e-07, binary=, calctol=0, cw=, floatcompare=, ignorecase=, obiwan=, reltol=, skipabstol=, skipobiwan=, skipreltol=, skiptol=
comparing 'grid-6.eps' with abstol=1e-07, binary=, calctol=0, cw=, floatcompare=, ignorecase=, obiwan=, reltol=, skipabstol=, skipobiwan=, skipreltol=, skiptol=
comparing 'grid-7.eps' with abstol=1e-07, binary=, calctol=0, cw=, floatcompare=, ignorecase=, obiwan=, reltol=, skipabstol=, skipobiwan=, skipreltol=, skiptol=
comparing 'grid-8.eps' with abstol=1e-07, binary=, calctol=0, cw=, floatcompare=, ignorecase=, obiwan=, reltol=, skipabstol=, skipobiwan=, skipreltol=, skiptol=
comparing 'solution-0.gmv' with abstol=1e-07, binary=, calctol=0, cw=, floatcompare=, ignorecase=, obiwan=, reltol=, skipabstol=, skipobiwan=, skipreltol=, skiptol=
comparing 'solution-1.gmv' with abstol=1e-07, binary=, calctol=0, cw=, floatcompare=, ignorecase=, obiwan=, reltol=, skipabstol=, skipobiwan=, skipreltol=, skiptol=
comparing 'solution-2.gmv' with abstol=1e-07, binary=, calctol=0, cw=, floatcompare=, ignorecase=, obiwan=, reltol=, skipabstol=, skipobiwan=, skipreltol=, skiptol=
comparing 'solution-3.gmv' with abstol=1e-07, binary=, calctol=0, cw=, floatcompare=, ignorecase=, obiwan=, reltol=, skipabstol=, skipobiwan=, skipreltol=, skiptol=
comparing 'solution-4.gmv' with abstol=1e-07, binary=, calctol=0, cw=, floatcompare=, ignorecase=, obiwan=, reltol=, skipabstol=, skipobiwan=, skipreltol=, skiptol=
comparing 'solution-5.gmv' with abstol=1e-07, binary=, calctol=0, cw=, floatcompare=, ignorecase=, obiwan=, reltol=, skipabstol=, skipobiwan=, skipreltol=, skiptol=
comparing 'solution-6.gmv' with abstol=1e-07, binary=, calctol=0, cw=, floatcompare=, ignorecase=, obiwan=, reltol=, skipabstol=, skipobiwan=, skipreltol=, skiptol=
comparing 'solution-7.gmv' with abstol=1e-07, binary=, calctol=0, cw=, floatcompare=, ignorecase=, obiwan=, reltol=, skipabstol=, skipobiwan=, skipreltol=, skiptol=
comparing 'solution-8.gmv' with abstol=1e-07, binary=, calctol=0, cw=, floatcompare=, ignorecase=, obiwan=, reltol=, skipabstol=, skipobiwan=, skipreltol=, skiptol=
comparing 'grid-10.eps' with abstol=1e-07, binary=, calctol=0, cw=, floatcompare=, ignorecase=, obiwan=, reltol=, skipabstol=, skipobiwan=, skipreltol=, skiptol=
comparing 'grid-11.eps' with abstol=1e-07, binary=, calctol=0, cw=, floatcompare=, ignorecase=, obiwan=, reltol=, skipabstol=, skipobiwan=, skipreltol=, skiptol=
comparing 'grid-12.eps' with abstol=1e-07, binary=, calctol=0, cw=, floatcompare=, ignorecase=, obiwan=, reltol=, skipabstol=, skipobiwan=, skipreltol=, skiptol=
comparing 'grid-13.eps' with abstol=1e-07, binary=, calctol=0, cw=, floatcompare=, ignorecase=, obiwan=, reltol=, skipabstol=, skipobiwan=, skipreltol=, skiptol=
comparing 'grid-14.eps' with abstol=1e-07, binary=, calctol=0, cw=, floatcompare=, ignorecase=, obiwan=, reltol=, skipabstol=, skipobiwan=, skipreltol=, skiptol=
comparing 'grid-15.eps' with abstol=1e-07, binary=, calctol=0, cw=, floatcompare=, ignorecase=, obiwan=, reltol=, skipabstol=, skipobiwan=, skipreltol=, skiptol=
comparing 'grid-16.eps' with abstol=1e-07, binary=, calctol=0, cw=, floatcompare=, ignorecase=, obiwan=, reltol=, skipabstol=, skipobiwan=, skipreltol=, skiptol=
comparing 'grid-17.eps' with abstol=1e-07, binary=, calctol=0, cw=, floatcompare=, ignorecase=, obiwan=, reltol=, skipabstol=, skipobiwan=, skipreltol=, skiptol=
comparing 'grid-18.eps' with abstol=1e-07, binary=, calctol=0, cw=, floatcompare=, ignorecase=, obiwan=, reltol=, skipabstol=, skipobiwan=, skipreltol=, skiptol=
comparing 'grid-19.eps' with abstol=1e-07, binary=, calctol=0, cw=, floatcompare=, ignorecase=, obiwan=, reltol=, skipabstol=, skipobiwan=, skipreltol=, skiptol=
comparing 'grid-20.eps' with abstol=1e-07, binary=, calctol=0, cw=, floatcompare=, ignorecase=, obiwan=, reltol=, skipabstol=, skipobiwan=, skipreltol=, skiptol=
comparing 'grid-21.eps' with abstol=1e-07, binary=, calctol=0, cw=, floatcompare=, ignorecase=, obiwan=, reltol=, skipabstol=, skipobiwan=, skipreltol=, skiptol=
comparing 'grid-22.eps' with abstol=1e-07, binary=, calctol=0, cw=, floatcompare=, ignorecase=, obiwan=, reltol=, skipabstol=, skipobiwan=, skipreltol=, skiptol=
comparing 'grid-23.eps' with abstol=1e-07, binary=, calctol=0, cw=, floatcompare=, ignorecase=, obiwan=, reltol=, skipabstol=, skipobiwan=, skipreltol=, skiptol=
comparing 'grid-9.eps' with abstol=1e-07, binary=, calctol=0, cw=, floatcompare=, ignorecase=, obiwan=, reltol=, skipabstol=, skipobiwan=, skipreltol=, skiptol=
comparing 'log' with abstol=1e-07, binary=, calctol=0, cw=, floatcompare=, ignorecase=, obiwan=, reltol=, skipabstol=, skipobiwan=, skipreltol=, skiptol=
comparing 'solution-10.gmv' with abstol=1e-07, binary=, calctol=0, cw=, floatcompare=, ignorecase=, obiwan=, reltol=, skipabstol=, skipobiwan=, skipreltol=, skiptol=
comparing 'solution-11.gmv' with abstol=1e-07, binary=, calctol=0, cw=, floatcompare=, ignorecase=, obiwan=, reltol=, skipabstol=, skipobiwan=, skipreltol=, skiptol=
comparing 'solution-12.gmv' with abstol=1e-07, binary=, calctol=0, cw=, floatcompare=, ignorecase=, obiwan=, reltol=, skipabstol=, skipobiwan=, skipreltol=, skiptol=
comparing 'solution-13.gmv' with abstol=1e-07, binary=, calctol=0, cw=, floatcompare=, ignorecase=, obiwan=, reltol=, skipabstol=, skipobiwan=, skipreltol=, skiptol=
comparing 'solution-14.gmv' with abstol=1e-07, binary=, calctol=0, cw=, floatcompare=, ignorecase=, obiwan=, reltol=, skipabstol=, skipobiwan=, skipreltol=, skiptol=
comparing 'solution-15.gmv' with abstol=1e-07, binary=, calctol=0, cw=, floatcompare=, ignorecase=, obiwan=, reltol=, skipabstol=, skipobiwan=, skipreltol=, skiptol=
comparing 'solution-16.gmv' with abstol=1e-07, binary=, calctol=0, cw=, floatcompare=, ignorecase=, obiwan=, reltol=, skipabstol=, skipobiwan=, skipreltol=, skiptol=
comparing 'solution-17.gmv' with abstol=1e-07, binary=, calctol=0, cw=, floatcompare=, ignorecase=, obiwan=, reltol=, skipabstol=, skipobiwan=, skipreltol=, skiptol=
comparing 'solution-18.gmv' with abstol=1e-07, binary=, calctol=0, cw=, floatcompare=, ignorecase=, obiwan=, reltol=, skipabstol=, skipobiwan=, skipreltol=, skiptol=
comparing 'solution-19.gmv' with abstol=1e-07, binary=, calctol=0, cw=, floatcompare=, ignorecase=, obiwan=, reltol=, skipabstol=, skipobiwan=, skipreltol=, skiptol=
comparing 'solution-20.gmv' with abstol=1e-07, binary=, calctol=0, cw=, floatcompare=, ignorecase=, obiwan=, reltol=, skipabstol=, skipobiwan=, skipreltol=, skiptol=
comparing 'solution-21.gmv' with abstol=1e-07, binary=, calctol=0, cw=, floatcompare=, ignorecase=, obiwan=, reltol=, skipabstol=, skipobiwan=, skipreltol=, skiptol=
comparing 'solution-22.gmv' with abstol=1e-07, binary=, calctol=0, cw=, floatcompare=, ignorecase=, obiwan=, reltol=, skipabstol=, skipobiwan=, skipreltol=, skiptol=
comparing 'solution-23.gmv' with abstol=1e-07, binary=, calctol=0, cw=, floatcompare=, ignorecase=, obiwan=, reltol=, skipabstol=, skipobiwan=, skipreltol=, skiptol=
comparing 'solution-9.gmv' with abstol=1e-07, binary=, calctol=0, cw=, floatcompare=, ignorecase=, obiwan=, reltol=, skipabstol=, skipobiwan=, skipreltol=, skiptol=
Specinvoke: /media/hahafish/Data/ForUbuntu/speccpu2006/bin/specinvoke -E -d /media/hahafish/Data/ForUbuntu/speccpu2006/benchspec/CPU2006/447.dealII/run/run_base_ref_infra-mixsan-wo-check_O2.0000 -c 1 -e compare.err -o compare.stdout -f compare.cmd
Issuing command '/media/hahafish/Data/ForUbuntu/speccpu2006/bin/specinvoke -E -d /media/hahafish/Data/ForUbuntu/speccpu2006/benchspec/CPU2006/447.dealII/run/run_base_ref_infra-mixsan-wo-check_O2.0000 -c 1 -e compare.err -o compare.stdout -f compare.cmd'
Start command: Wed Jul  1 06:26:31 2026 (1782858391)
Stop command: Wed Jul  1 06:26:45 2026 (1782858405)
Elapsed time for command: 00:00:14 (14)
Benchmark Times:
  Start:    Wed Jul  1 06:24:48 2026 (1782858288)
  Stop:     Wed Jul  1 06:26:31 2026 (1782858391)
  Elapsed:  00:01:43 (103)
  Reported: 94 793981000 94.793981
 Success 447.dealII base ref ratio=120.68, runtime=94.793981

-----------------------------------
  Running (#1) 450.soplex ref base infra-mixsan-wo-check_O2 default
Commands to run: 
    -C /media/hahafish/Data/ForUbuntu/speccpu2006/benchspec/CPU2006/450.soplex/run/run_base_ref_infra-mixsan-wo-check_O2.0000
    -o pds-50.mps.out -e pds-50.mps.stderr ../run_base_ref_infra-mixsan-wo-check_O2.0000/soplex_base.infra-mixsan-wo-check_O2 -s1 -e -m45000 pds-50.mps
    -o ref.out -e ref.stderr ../run_base_ref_infra-mixsan-wo-check_O2.0000/soplex_base.infra-mixsan-wo-check_O2 -m3500 ref.mps
Specinvoke: /media/hahafish/Data/ForUbuntu/speccpu2006/bin/specinvoke -d /media/hahafish/Data/ForUbuntu/speccpu2006/benchspec/CPU2006/450.soplex/run/run_base_ref_infra-mixsan-wo-check_O2.0000 -e speccmds.err -o speccmds.stdout -f speccmds.cmd -C
Issuing command '/media/hahafish/Data/ForUbuntu/speccpu2006/bin/specinvoke -d /media/hahafish/Data/ForUbuntu/speccpu2006/benchspec/CPU2006/450.soplex/run/run_base_ref_infra-mixsan-wo-check_O2.0000 -e speccmds.err -o speccmds.stdout -f speccmds.cmd -C'
Start command: Wed Jul  1 06:26:45 2026 (1782858405)
Stop command: Wed Jul  1 06:28:32 2026 (1782858512)
Elapsed time for command: 00:01:47 (107)
Workload elapsed time (0:1) = 50.322343 seconds
Workload elapsed time (0:2) = 49.091944 seconds
copy 0 finished @ Wed Jul  1 06:28:24 2026.  Total elapsed time: 99.414287
comparing files in '/media/hahafish/Data/ForUbuntu/speccpu2006/benchspec/CPU2006/450.soplex/run/run_base_ref_infra-mixsan-wo-check_O2.0000'
comparing 'pds-50.mps.out' with abstol=1e-05, binary=, calctol=0, cw=, floatcompare=, ignorecase=, obiwan=1, reltol=0.02, skipabstol=, skipobiwan=, skipreltol=, skiptol=
comparing 'pds-50.mps.stderr' with abstol=20, binary=, calctol=0, cw=, floatcompare=, ignorecase=, obiwan=1, reltol=0.0001, skipabstol=, skipobiwan=, skipreltol=, skiptol=
comparing 'ref.out' with abstol=1e-05, binary=, calctol=0, cw=, floatcompare=, ignorecase=, obiwan=1, reltol=0.02, skipabstol=, skipobiwan=, skipreltol=, skiptol=
comparing 'ref.stderr' with abstol=20, binary=, calctol=0, cw=, floatcompare=, ignorecase=, obiwan=1, reltol=0.0001, skipabstol=, skipobiwan=, skipreltol=, skiptol=
Specinvoke: /media/hahafish/Data/ForUbuntu/speccpu2006/bin/specinvoke -E -d /media/hahafish/Data/ForUbuntu/speccpu2006/benchspec/CPU2006/450.soplex/run/run_base_ref_infra-mixsan-wo-check_O2.0000 -c 1 -e compare.err -o compare.stdout -f compare.cmd
Issuing command '/media/hahafish/Data/ForUbuntu/speccpu2006/bin/specinvoke -E -d /media/hahafish/Data/ForUbuntu/speccpu2006/benchspec/CPU2006/450.soplex/run/run_base_ref_infra-mixsan-wo-check_O2.0000 -c 1 -e compare.err -o compare.stdout -f compare.cmd'
Start command: Wed Jul  1 06:28:32 2026 (1782858512)
Stop command: Wed Jul  1 06:28:34 2026 (1782858514)
Elapsed time for command: 00:00:02 (2)
Error with '/media/hahafish/Data/ForUbuntu/speccpu2006/bin/specinvoke -E -d /media/hahafish/Data/ForUbuntu/speccpu2006/benchspec/CPU2006/450.soplex/run/run_base_ref_infra-mixsan-wo-check_O2.0000 -c 1 -e compare.err -o compare.stdout -f compare.cmd': check file '/media/hahafish/Data/ForUbuntu/speccpu2006/benchspec/CPU2006/450.soplex/run/run_base_ref_infra-mixsan-wo-check_O2.0000/.err'
*** Miscompare of pds-50.mps.stderr, see /media/hahafish/Data/ForUbuntu/speccpu2006/benchspec/CPU2006/450.soplex/run/run_base_ref_infra-mixsan-wo-check_O2.0000/pds-50.mps.stderr.mis
'pds-50.mps.stderr' long
*** Miscompare of ref.stderr, see /media/hahafish/Data/ForUbuntu/speccpu2006/benchspec/CPU2006/450.soplex/run/run_base_ref_infra-mixsan-wo-check_O2.0000/ref.stderr.mis
'ref.stderr' long
Benchmark Times:
  Start:    Wed Jul  1 06:26:45 2026 (1782858405)
  Stop:     Wed Jul  1 06:28:32 2026 (1782858512)
  Elapsed:  00:01:47 (107)
  Reported: 99 414338000 99.414338
 Error 450.soplex base ref ratio=83.89, runtime=99.414338

-----------------------------------
  Running (#1) 453.povray ref base infra-mixsan-wo-check_O2 default
Commands to run: 
    -C /media/hahafish/Data/ForUbuntu/speccpu2006/benchspec/CPU2006/453.povray/run/run_base_ref_infra-mixsan-wo-check_O2.0000
    -o SPEC-benchmark-ref.stdout -e SPEC-benchmark-ref.stderr ../run_base_ref_infra-mixsan-wo-check_O2.0000/povray_base.infra-mixsan-wo-check_O2 SPEC-benchmark-ref.ini
Specinvoke: /media/hahafish/Data/ForUbuntu/speccpu2006/bin/specinvoke -d /media/hahafish/Data/ForUbuntu/speccpu2006/benchspec/CPU2006/453.povray/run/run_base_ref_infra-mixsan-wo-check_O2.0000 -e speccmds.err -o speccmds.stdout -f speccmds.cmd -C
Issuing command '/media/hahafish/Data/ForUbuntu/speccpu2006/bin/specinvoke -d /media/hahafish/Data/ForUbuntu/speccpu2006/benchspec/CPU2006/453.povray/run/run_base_ref_infra-mixsan-wo-check_O2.0000 -e speccmds.err -o speccmds.stdout -f speccmds.cmd -C'
Start command: Wed Jul  1 06:28:35 2026 (1782858515)
Stop command: Wed Jul  1 06:29:24 2026 (1782858564)
Elapsed time for command: 00:00:49 (49)
Workload elapsed time (0:1) = 40.983692 seconds
copy 0 finished @ Wed Jul  1 06:29:16 2026.  Total elapsed time: 40.983692
comparing files in '/media/hahafish/Data/ForUbuntu/speccpu2006/benchspec/CPU2006/453.povray/run/run_base_ref_infra-mixsan-wo-check_O2.0000'
comparing 'SPEC-benchmark.log' with abstol=0, binary=, calctol=0, cw=, floatcompare=, ignorecase=, obiwan=, reltol=5e-05, skipabstol=, skipobiwan=, skipreltol=, skiptol=
comparing 'SPEC-benchmark.tga' with abstol=0, binary=1, calctol=0, cw=, floatcompare=, ignorecase=, obiwan=, reltol=5e-05, skipabstol=, skipobiwan=, skipreltol=, skiptol=50
Specinvoke: /media/hahafish/Data/ForUbuntu/speccpu2006/bin/specinvoke -E -d /media/hahafish/Data/ForUbuntu/speccpu2006/benchspec/CPU2006/453.povray/run/run_base_ref_infra-mixsan-wo-check_O2.0000 -c 1 -e compare.err -o compare.stdout -f compare.cmd
Issuing command '/media/hahafish/Data/ForUbuntu/speccpu2006/bin/specinvoke -E -d /media/hahafish/Data/ForUbuntu/speccpu2006/benchspec/CPU2006/453.povray/run/run_base_ref_infra-mixsan-wo-check_O2.0000 -c 1 -e compare.err -o compare.stdout -f compare.cmd'
Start command: Wed Jul  1 06:29:24 2026 (1782858564)
Stop command: Wed Jul  1 06:29:29 2026 (1782858569)
Elapsed time for command: 00:00:05 (5)
Benchmark Times:
  Start:    Wed Jul  1 06:28:35 2026 (1782858515)
  Stop:     Wed Jul  1 06:29:24 2026 (1782858564)
  Elapsed:  00:00:49 (49)
  Reported: 40 983726000 40.983726
 Success 453.povray base ref ratio=129.81, runtime=40.983726

-----------------------------------
  Running (#1) 456.hmmer ref base infra-mixsan-wo-check_O2 default
Commands to run: 
    -C /home/hahafish/speccpu2006/benchspec/CPU2006/456.hmmer/run/run_base_ref_infra-mixsan-wo-check_O2.0002
    -o nph3.out -e nph3.err ../run_base_ref_infra-mixsan-wo-check_O2.0002/hmmer_base.infra-mixsan-wo-check_O2 nph3.hmm swiss41
    -o retro.out -e retro.err ../run_base_ref_infra-mixsan-wo-check_O2.0002/hmmer_base.infra-mixsan-wo-check_O2 --fixed 0 --mean 500 --num 500000 --sd 350 --seed 0 retro.hmm
Specinvoke: /media/hahafish/Data/ForUbuntu/speccpu2006/bin/specinvoke -d /home/hahafish/speccpu2006/benchspec/CPU2006/456.hmmer/run/run_base_ref_infra-mixsan-wo-check_O2.0002 -e speccmds.err -o speccmds.stdout -f speccmds.cmd -C
Issuing command '/media/hahafish/Data/ForUbuntu/speccpu2006/bin/specinvoke -d /home/hahafish/speccpu2006/benchspec/CPU2006/456.hmmer/run/run_base_ref_infra-mixsan-wo-check_O2.0002 -e speccmds.err -o speccmds.stdout -f speccmds.cmd -C'
Start command: Wed Jul  1 06:29:29 2026 (1782858569)
Stop command: Wed Jul  1 06:31:31 2026 (1782858691)
Elapsed time for command: 00:02:02 (122)
Workload elapsed time (0:1) = 35.920237 seconds
Workload elapsed time (0:2) = 77.828088 seconds
copy 0 finished @ Wed Jul  1 06:31:23 2026.  Total elapsed time: 113.748325
comparing files in '/home/hahafish/speccpu2006/benchspec/CPU2006/456.hmmer/run/run_base_ref_infra-mixsan-wo-check_O2.0002'
comparing 'nph3.out' with abstol=1e-05, binary=, calctol=0, cw=, floatcompare=, ignorecase=, obiwan=, reltol=0.002, skipabstol=, skipobiwan=, skipreltol=, skiptol=10
comparing 'retro.out' with abstol=1e-05, binary=, calctol=0, cw=, floatcompare=, ignorecase=, obiwan=, reltol=0.002, skipabstol=, skipobiwan=, skipreltol=, skiptol=10
Specinvoke: /media/hahafish/Data/ForUbuntu/speccpu2006/bin/specinvoke -E -d /home/hahafish/speccpu2006/benchspec/CPU2006/456.hmmer/run/run_base_ref_infra-mixsan-wo-check_O2.0002 -c 1 -e compare.err -o compare.stdout -f compare.cmd
Issuing command '/media/hahafish/Data/ForUbuntu/speccpu2006/bin/specinvoke -E -d /home/hahafish/speccpu2006/benchspec/CPU2006/456.hmmer/run/run_base_ref_infra-mixsan-wo-check_O2.0002 -c 1 -e compare.err -o compare.stdout -f compare.cmd'
Start command: Wed Jul  1 06:31:31 2026 (1782858691)
Stop command: Wed Jul  1 06:31:33 2026 (1782858693)
Elapsed time for command: 00:00:02 (2)
Benchmark Times:
  Start:    Wed Jul  1 06:29:29 2026 (1782858569)
  Stop:     Wed Jul  1 06:31:31 2026 (1782858691)
  Elapsed:  00:02:02 (122)
  Reported: 113 748368000 113.748368
 Success 456.hmmer base ref ratio=82.02, runtime=113.748368

-----------------------------------
  Running (#1) 458.sjeng ref base infra-mixsan-wo-check_O2 default
Commands to run: 
    -C /media/hahafish/Data/ForUbuntu/speccpu2006/benchspec/CPU2006/458.sjeng/run/run_base_ref_infra-mixsan-wo-check_O2.0000
    -o ref.out -e ref.err ../run_base_ref_infra-mixsan-wo-check_O2.0000/sjeng_base.infra-mixsan-wo-check_O2 ref.txt
Specinvoke: /media/hahafish/Data/ForUbuntu/speccpu2006/bin/specinvoke -d /media/hahafish/Data/ForUbuntu/speccpu2006/benchspec/CPU2006/458.sjeng/run/run_base_ref_infra-mixsan-wo-check_O2.0000 -e speccmds.err -o speccmds.stdout -f speccmds.cmd -C
Issuing command '/media/hahafish/Data/ForUbuntu/speccpu2006/bin/specinvoke -d /media/hahafish/Data/ForUbuntu/speccpu2006/benchspec/CPU2006/458.sjeng/run/run_base_ref_infra-mixsan-wo-check_O2.0000 -e speccmds.err -o speccmds.stdout -f speccmds.cmd -C'
Start command: Wed Jul  1 06:31:33 2026 (1782858693)
Stop command: Wed Jul  1 06:35:21 2026 (1782858921)
Elapsed time for command: 00:03:48 (228)
Workload elapsed time (0:1) = 219.852644 seconds
copy 0 finished @ Wed Jul  1 06:35:13 2026.  Total elapsed time: 219.852644
comparing files in '/media/hahafish/Data/ForUbuntu/speccpu2006/benchspec/CPU2006/458.sjeng/run/run_base_ref_infra-mixsan-wo-check_O2.0000'
comparing 'ref.out' with abstol=, binary=, calctol=0, cw=, floatcompare=, ignorecase=, obiwan=, reltol=, skipabstol=, skipobiwan=, skipreltol=, skiptol=
Specinvoke: /media/hahafish/Data/ForUbuntu/speccpu2006/bin/specinvoke -E -d /media/hahafish/Data/ForUbuntu/speccpu2006/benchspec/CPU2006/458.sjeng/run/run_base_ref_infra-mixsan-wo-check_O2.0000 -c 1 -e compare.err -o compare.stdout -f compare.cmd
Issuing command '/media/hahafish/Data/ForUbuntu/speccpu2006/bin/specinvoke -E -d /media/hahafish/Data/ForUbuntu/speccpu2006/benchspec/CPU2006/458.sjeng/run/run_base_ref_infra-mixsan-wo-check_O2.0000 -c 1 -e compare.err -o compare.stdout -f compare.cmd'
Start command: Wed Jul  1 06:35:21 2026 (1782858921)
Stop command: Wed Jul  1 06:35:23 2026 (1782858923)
Elapsed time for command: 00:00:02 (2)
Benchmark Times:
  Start:    Wed Jul  1 06:31:33 2026 (1782858693)
  Stop:     Wed Jul  1 06:35:21 2026 (1782858921)
  Elapsed:  00:03:48 (228)
  Reported: 219 852685000 219.852685
 Success 458.sjeng base ref ratio=55.04, runtime=219.852685

-----------------------------------
  Running (#1) 462.libquantum ref base infra-mixsan-wo-check_O2 default
Commands to run: 
    -C /home/hahafish/speccpu2006/benchspec/CPU2006/462.libquantum/run/run_base_ref_infra-mixsan-wo-check_O2.0002
    -o ref.out -e ref.err ../run_base_ref_infra-mixsan-wo-check_O2.0002/libquantum_base.infra-mixsan-wo-check_O2 1397 8
Specinvoke: /media/hahafish/Data/ForUbuntu/speccpu2006/bin/specinvoke -d /home/hahafish/speccpu2006/benchspec/CPU2006/462.libquantum/run/run_base_ref_infra-mixsan-wo-check_O2.0002 -e speccmds.err -o speccmds.stdout -f speccmds.cmd -C
Issuing command '/media/hahafish/Data/ForUbuntu/speccpu2006/bin/specinvoke -d /home/hahafish/speccpu2006/benchspec/CPU2006/462.libquantum/run/run_base_ref_infra-mixsan-wo-check_O2.0002 -e speccmds.err -o speccmds.stdout -f speccmds.cmd -C'
Start command: Wed Jul  1 06:35:23 2026 (1782858923)
Stop command: Wed Jul  1 06:39:04 2026 (1782859144)
Elapsed time for command: 00:03:41 (221)
Workload elapsed time (0:1) = 212.749971 seconds
copy 0 finished @ Wed Jul  1 06:38:56 2026.  Total elapsed time: 212.749971
comparing files in '/home/hahafish/speccpu2006/benchspec/CPU2006/462.libquantum/run/run_base_ref_infra-mixsan-wo-check_O2.0002'
comparing 'ref.out' with abstol=, binary=, calctol=0, cw=, floatcompare=, ignorecase=, obiwan=1, reltol=, skipabstol=, skipobiwan=, skipreltol=, skiptol=
Specinvoke: /media/hahafish/Data/ForUbuntu/speccpu2006/bin/specinvoke -E -d /home/hahafish/speccpu2006/benchspec/CPU2006/462.libquantum/run/run_base_ref_infra-mixsan-wo-check_O2.0002 -c 1 -e compare.err -o compare.stdout -f compare.cmd
Issuing command '/media/hahafish/Data/ForUbuntu/speccpu2006/bin/specinvoke -E -d /home/hahafish/speccpu2006/benchspec/CPU2006/462.libquantum/run/run_base_ref_infra-mixsan-wo-check_O2.0002 -c 1 -e compare.err -o compare.stdout -f compare.cmd'
Start command: Wed Jul  1 06:39:04 2026 (1782859144)
Stop command: Wed Jul  1 06:39:06 2026 (1782859146)
Elapsed time for command: 00:00:02 (2)
Benchmark Times:
  Start:    Wed Jul  1 06:35:23 2026 (1782858923)
  Stop:     Wed Jul  1 06:39:04 2026 (1782859144)
  Elapsed:  00:03:41 (221)
  Reported: 212 750013000 212.750013
 Success 462.libquantum base ref ratio=97.39, runtime=212.750013

-----------------------------------
  Running (#1) 464.h264ref ref base infra-mixsan-wo-check_O2 default
Commands to run: 
    -C /media/hahafish/Data/ForUbuntu/speccpu2006/benchspec/CPU2006/464.h264ref/run/run_base_ref_infra-mixsan-wo-check_O2.0000
    -o foreman_ref_baseline_encodelog.out -e foreman_ref_baseline_encodelog.err ../run_base_ref_infra-mixsan-wo-check_O2.0000/h264ref_base.infra-mixsan-wo-check_O2 -d foreman_ref_encoder_baseline.cfg
    -o foreman_ref_main_encodelog.out -e foreman_ref_main_encodelog.err ../run_base_ref_infra-mixsan-wo-check_O2.0000/h264ref_base.infra-mixsan-wo-check_O2 -d foreman_ref_encoder_main.cfg
    -o sss_main_encodelog.out -e sss_main_encodelog.err ../run_base_ref_infra-mixsan-wo-check_O2.0000/h264ref_base.infra-mixsan-wo-check_O2 -d sss_encoder_main.cfg
Specinvoke: /media/hahafish/Data/ForUbuntu/speccpu2006/bin/specinvoke -d /media/hahafish/Data/ForUbuntu/speccpu2006/benchspec/CPU2006/464.h264ref/run/run_base_ref_infra-mixsan-wo-check_O2.0000 -e speccmds.err -o speccmds.stdout -f speccmds.cmd -C
Issuing command '/media/hahafish/Data/ForUbuntu/speccpu2006/bin/specinvoke -d /media/hahafish/Data/ForUbuntu/speccpu2006/benchspec/CPU2006/464.h264ref/run/run_base_ref_infra-mixsan-wo-check_O2.0000 -e speccmds.err -o speccmds.stdout -f speccmds.cmd -C'
Start command: Wed Jul  1 06:39:06 2026 (1782859146)
Stop command: Wed Jul  1 06:41:50 2026 (1782859310)
Elapsed time for command: 00:02:44 (164)
Workload elapsed time (0:1) = 21.585676 seconds
Workload elapsed time (0:2) = 14.200583 seconds
Workload elapsed time (0:3) = 120.927794 seconds
copy 0 finished @ Wed Jul  1 06:41:42 2026.  Total elapsed time: 156.714053
comparing files in '/media/hahafish/Data/ForUbuntu/speccpu2006/benchspec/CPU2006/464.h264ref/run/run_base_ref_infra-mixsan-wo-check_O2.0000'
comparing 'foreman_ref_baseline_encodelog.out' with abstol=, binary=, calctol=0, cw=1, floatcompare=1, ignorecase=, obiwan=, reltol=, skipabstol=, skipobiwan=, skipreltol=, skiptol=
comparing 'foreman_ref_baseline_leakybucketparam.cfg' with abstol=, binary=1, calctol=0, cw=1, floatcompare=1, ignorecase=, obiwan=, reltol=, skipabstol=, skipobiwan=, skipreltol=, skiptol=
comparing 'foreman_ref_main_encodelog.out' with abstol=, binary=, calctol=0, cw=1, floatcompare=1, ignorecase=, obiwan=, reltol=, skipabstol=, skipobiwan=, skipreltol=, skiptol=
comparing 'foreman_ref_main_leakybucketparam.cfg' with abstol=, binary=1, calctol=0, cw=1, floatcompare=1, ignorecase=, obiwan=, reltol=, skipabstol=, skipobiwan=, skipreltol=, skiptol=
comparing 'sss_main_encodelog.out' with abstol=, binary=, calctol=0, cw=1, floatcompare=1, ignorecase=, obiwan=, reltol=, skipabstol=, skipobiwan=, skipreltol=, skiptol=
comparing 'sss_main_leakybucketparam.cfg' with abstol=, binary=1, calctol=0, cw=1, floatcompare=1, ignorecase=, obiwan=, reltol=, skipabstol=, skipobiwan=, skipreltol=, skiptol=
Specinvoke: /media/hahafish/Data/ForUbuntu/speccpu2006/bin/specinvoke -E -d /media/hahafish/Data/ForUbuntu/speccpu2006/benchspec/CPU2006/464.h264ref/run/run_base_ref_infra-mixsan-wo-check_O2.0000 -c 1 -e compare.err -o compare.stdout -f compare.cmd
Issuing command '/media/hahafish/Data/ForUbuntu/speccpu2006/bin/specinvoke -E -d /media/hahafish/Data/ForUbuntu/speccpu2006/benchspec/CPU2006/464.h264ref/run/run_base_ref_infra-mixsan-wo-check_O2.0000 -c 1 -e compare.err -o compare.stdout -f compare.cmd'
Start command: Wed Jul  1 06:41:50 2026 (1782859310)
Stop command: Wed Jul  1 06:41:53 2026 (1782859313)
Elapsed time for command: 00:00:03 (3)
Benchmark Times:
  Start:    Wed Jul  1 06:39:06 2026 (1782859146)
  Stop:     Wed Jul  1 06:41:50 2026 (1782859310)
  Elapsed:  00:02:44 (164)
  Reported: 156 714103000 156.714103
 Success 464.h264ref base ref ratio=141.21, runtime=156.714103

-----------------------------------
  Running (#1) 470.lbm ref base infra-mixsan-wo-check_O2 default
Commands to run: 
    -C /media/hahafish/Data/ForUbuntu/speccpu2006/benchspec/CPU2006/470.lbm/run/run_base_ref_infra-mixsan-wo-check_O2.0000
    -o lbm.out -e lbm.err ../run_base_ref_infra-mixsan-wo-check_O2.0000/lbm_base.infra-mixsan-wo-check_O2 3000 reference.dat 0 0 100_100_130_ldc.of
Specinvoke: /media/hahafish/Data/ForUbuntu/speccpu2006/bin/specinvoke -d /media/hahafish/Data/ForUbuntu/speccpu2006/benchspec/CPU2006/470.lbm/run/run_base_ref_infra-mixsan-wo-check_O2.0000 -e speccmds.err -o speccmds.stdout -f speccmds.cmd -C
Issuing command '/media/hahafish/Data/ForUbuntu/speccpu2006/bin/specinvoke -d /media/hahafish/Data/ForUbuntu/speccpu2006/benchspec/CPU2006/470.lbm/run/run_base_ref_infra-mixsan-wo-check_O2.0000 -e speccmds.err -o speccmds.stdout -f speccmds.cmd -C'
Start command: Wed Jul  1 06:41:53 2026 (1782859313)
Stop command: Wed Jul  1 06:43:40 2026 (1782859420)
Elapsed time for command: 00:01:47 (107)
Workload elapsed time (0:1) = 99.326985 seconds
copy 0 finished @ Wed Jul  1 06:43:32 2026.  Total elapsed time: 99.326985
comparing files in '/media/hahafish/Data/ForUbuntu/speccpu2006/benchspec/CPU2006/470.lbm/run/run_base_ref_infra-mixsan-wo-check_O2.0000'
comparing 'lbm.out' with abstol=1e-07, binary=, calctol=0, cw=, floatcompare=, ignorecase=, obiwan=, reltol=, skipabstol=, skipobiwan=, skipreltol=, skiptol=
Specinvoke: /media/hahafish/Data/ForUbuntu/speccpu2006/bin/specinvoke -E -d /media/hahafish/Data/ForUbuntu/speccpu2006/benchspec/CPU2006/470.lbm/run/run_base_ref_infra-mixsan-wo-check_O2.0000 -c 1 -e compare.err -o compare.stdout -f compare.cmd
Issuing command '/media/hahafish/Data/ForUbuntu/speccpu2006/bin/specinvoke -E -d /media/hahafish/Data/ForUbuntu/speccpu2006/benchspec/CPU2006/470.lbm/run/run_base_ref_infra-mixsan-wo-check_O2.0000 -c 1 -e compare.err -o compare.stdout -f compare.cmd'
Start command: Wed Jul  1 06:43:40 2026 (1782859420)
Stop command: Wed Jul  1 06:43:42 2026 (1782859422)
Elapsed time for command: 00:00:02 (2)
Benchmark Times:
  Start:    Wed Jul  1 06:41:53 2026 (1782859313)
  Stop:     Wed Jul  1 06:43:40 2026 (1782859420)
  Elapsed:  00:01:47 (107)
  Reported: 99 327028000 99.327028
 Success 470.lbm base ref ratio=138.33, runtime=99.327028

-----------------------------------
  Running (#1) 471.omnetpp ref base infra-mixsan-wo-check_O2 default
Commands to run: 
    -C /media/hahafish/Data/ForUbuntu/speccpu2006/benchspec/CPU2006/471.omnetpp/run/run_base_ref_infra-mixsan-wo-check_O2.0000
    -o omnetpp.log -e omnetpp.err ../run_base_ref_infra-mixsan-wo-check_O2.0000/omnetpp_base.infra-mixsan-wo-check_O2 omnetpp.ini
Specinvoke: /media/hahafish/Data/ForUbuntu/speccpu2006/bin/specinvoke -d /media/hahafish/Data/ForUbuntu/speccpu2006/benchspec/CPU2006/471.omnetpp/run/run_base_ref_infra-mixsan-wo-check_O2.0000 -e speccmds.err -o speccmds.stdout -f speccmds.cmd -C
Issuing command '/media/hahafish/Data/ForUbuntu/speccpu2006/bin/specinvoke -d /media/hahafish/Data/ForUbuntu/speccpu2006/benchspec/CPU2006/471.omnetpp/run/run_base_ref_infra-mixsan-wo-check_O2.0000 -e speccmds.err -o speccmds.stdout -f speccmds.cmd -C'
Start command: Wed Jul  1 06:43:42 2026 (1782859422)
Stop command: Wed Jul  1 06:46:38 2026 (1782859598)
Elapsed time for command: 00:02:56 (176)
Workload elapsed time (0:1) = 168.0558 seconds
copy 0 finished @ Wed Jul  1 06:46:30 2026.  Total elapsed time: 168.0558
comparing files in '/media/hahafish/Data/ForUbuntu/speccpu2006/benchspec/CPU2006/471.omnetpp/run/run_base_ref_infra-mixsan-wo-check_O2.0000'
comparing 'omnetpp.log' with abstol=1e-06, binary=, calctol=0, cw=, floatcompare=, ignorecase=, obiwan=, reltol=1e-05, skipabstol=, skipobiwan=, skipreltol=, skiptol=
comparing 'omnetpp.sca' with abstol=1e-06, binary=, calctol=0, cw=, floatcompare=, ignorecase=, obiwan=, reltol=1e-05, skipabstol=, skipobiwan=, skipreltol=, skiptol=
Specinvoke: /media/hahafish/Data/ForUbuntu/speccpu2006/bin/specinvoke -E -d /media/hahafish/Data/ForUbuntu/speccpu2006/benchspec/CPU2006/471.omnetpp/run/run_base_ref_infra-mixsan-wo-check_O2.0000 -c 1 -e compare.err -o compare.stdout -f compare.cmd
Issuing command '/media/hahafish/Data/ForUbuntu/speccpu2006/bin/specinvoke -E -d /media/hahafish/Data/ForUbuntu/speccpu2006/benchspec/CPU2006/471.omnetpp/run/run_base_ref_infra-mixsan-wo-check_O2.0000 -c 1 -e compare.err -o compare.stdout -f compare.cmd'
Start command: Wed Jul  1 06:46:38 2026 (1782859598)
Stop command: Wed Jul  1 06:46:40 2026 (1782859600)
Elapsed time for command: 00:00:02 (2)
Benchmark Times:
  Start:    Wed Jul  1 06:43:42 2026 (1782859422)
  Stop:     Wed Jul  1 06:46:38 2026 (1782859598)
  Elapsed:  00:02:56 (176)
  Reported: 168 55845000 168.055845
 Success 471.omnetpp base ref ratio=37.19, runtime=168.055845

-----------------------------------
  Running (#1) 473.astar ref base infra-mixsan-wo-check_O2 default
Commands to run: 
    -C /home/hahafish/speccpu2006/benchspec/CPU2006/473.astar/run/run_base_ref_infra-mixsan-wo-check_O2.0002
    -o BigLakes2048.out -e BigLakes2048.err ../run_base_ref_infra-mixsan-wo-check_O2.0002/astar_base.infra-mixsan-wo-check_O2 BigLakes2048.cfg
    -o rivers.out -e rivers.err ../run_base_ref_infra-mixsan-wo-check_O2.0002/astar_base.infra-mixsan-wo-check_O2 rivers.cfg
Specinvoke: /media/hahafish/Data/ForUbuntu/speccpu2006/bin/specinvoke -d /home/hahafish/speccpu2006/benchspec/CPU2006/473.astar/run/run_base_ref_infra-mixsan-wo-check_O2.0002 -e speccmds.err -o speccmds.stdout -f speccmds.cmd -C
Issuing command '/media/hahafish/Data/ForUbuntu/speccpu2006/bin/specinvoke -d /home/hahafish/speccpu2006/benchspec/CPU2006/473.astar/run/run_base_ref_infra-mixsan-wo-check_O2.0002 -e speccmds.err -o speccmds.stdout -f speccmds.cmd -C'
Start command: Wed Jul  1 06:46:40 2026 (1782859600)
Stop command: Wed Jul  1 06:49:42 2026 (1782859782)
Elapsed time for command: 00:03:02 (182)
Workload elapsed time (0:1) = 63.097823 seconds
Workload elapsed time (0:2) = 110.881471 seconds
copy 0 finished @ Wed Jul  1 06:49:34 2026.  Total elapsed time: 173.979294
comparing files in '/home/hahafish/speccpu2006/benchspec/CPU2006/473.astar/run/run_base_ref_infra-mixsan-wo-check_O2.0002'
comparing 'BigLakes2048.out' with abstol=, binary=, calctol=0, cw=, floatcompare=, ignorecase=, obiwan=, reltol=0.001, skipabstol=, skipobiwan=, skipreltol=, skiptol=
comparing 'rivers.out' with abstol=, binary=, calctol=0, cw=, floatcompare=, ignorecase=, obiwan=, reltol=0.001, skipabstol=, skipobiwan=, skipreltol=, skiptol=
Specinvoke: /media/hahafish/Data/ForUbuntu/speccpu2006/bin/specinvoke -E -d /home/hahafish/speccpu2006/benchspec/CPU2006/473.astar/run/run_base_ref_infra-mixsan-wo-check_O2.0002 -c 1 -e compare.err -o compare.stdout -f compare.cmd
Issuing command '/media/hahafish/Data/ForUbuntu/speccpu2006/bin/specinvoke -E -d /home/hahafish/speccpu2006/benchspec/CPU2006/473.astar/run/run_base_ref_infra-mixsan-wo-check_O2.0002 -c 1 -e compare.err -o compare.stdout -f compare.cmd'
Start command: Wed Jul  1 06:49:42 2026 (1782859782)
Stop command: Wed Jul  1 06:49:44 2026 (1782859784)
Elapsed time for command: 00:00:02 (2)
Benchmark Times:
  Start:    Wed Jul  1 06:46:40 2026 (1782859600)
  Stop:     Wed Jul  1 06:49:42 2026 (1782859782)
  Elapsed:  00:03:02 (182)
  Reported: 173 979343000 173.979343
 Success 473.astar base ref ratio=40.35, runtime=173.979343

-----------------------------------
  Running (#1) 482.sphinx3 ref base infra-mixsan-wo-check_O2 default
Commands to run: 
    -C /home/hahafish/speccpu2006/benchspec/CPU2006/482.sphinx3/run/run_base_ref_infra-mixsan-wo-check_O2.0002
    -o an4.log -e an4.err ../run_base_ref_infra-mixsan-wo-check_O2.0002/sphinx_livepretend_base.infra-mixsan-wo-check_O2 ctlfile . args.an4
Specinvoke: /media/hahafish/Data/ForUbuntu/speccpu2006/bin/specinvoke -d /home/hahafish/speccpu2006/benchspec/CPU2006/482.sphinx3/run/run_base_ref_infra-mixsan-wo-check_O2.0002 -e speccmds.err -o speccmds.stdout -f speccmds.cmd -C
Issuing command '/media/hahafish/Data/ForUbuntu/speccpu2006/bin/specinvoke -d /home/hahafish/speccpu2006/benchspec/CPU2006/482.sphinx3/run/run_base_ref_infra-mixsan-wo-check_O2.0002 -e speccmds.err -o speccmds.stdout -f speccmds.cmd -C'
Start command: Wed Jul  1 06:49:44 2026 (1782859784)
Stop command: Wed Jul  1 06:52:26 2026 (1782859946)
Elapsed time for command: 00:02:42 (162)
Workload elapsed time (0:1) = 154.07428 seconds
copy 0 finished @ Wed Jul  1 06:52:18 2026.  Total elapsed time: 154.07428
comparing files in '/home/hahafish/speccpu2006/benchspec/CPU2006/482.sphinx3/run/run_base_ref_infra-mixsan-wo-check_O2.0002'
comparing 'an4.log' with abstol=, binary=, calctol=0, cw=, floatcompare=1, ignorecase=, obiwan=, reltol=0.001, skipabstol=, skipobiwan=, skipreltol=, skiptol=
comparing 'considered.out' with abstol=, binary=, calctol=0, cw=, floatcompare=1, ignorecase=, obiwan=, reltol=0.0004, skipabstol=, skipobiwan=, skipreltol=, skiptol=
comparing 'total_considered.out' with abstol=, binary=, calctol=0, cw=, floatcompare=1, ignorecase=, obiwan=, reltol=1e-06, skipabstol=, skipobiwan=, skipreltol=, skiptol=
Specinvoke: /media/hahafish/Data/ForUbuntu/speccpu2006/bin/specinvoke -E -d /home/hahafish/speccpu2006/benchspec/CPU2006/482.sphinx3/run/run_base_ref_infra-mixsan-wo-check_O2.0002 -c 1 -e compare.err -o compare.stdout -f compare.cmd
Issuing command '/media/hahafish/Data/ForUbuntu/speccpu2006/bin/specinvoke -E -d /home/hahafish/speccpu2006/benchspec/CPU2006/482.sphinx3/run/run_base_ref_infra-mixsan-wo-check_O2.0002 -c 1 -e compare.err -o compare.stdout -f compare.cmd'
Start command: Wed Jul  1 06:52:26 2026 (1782859946)
Stop command: Wed Jul  1 06:52:28 2026 (1782859948)
Elapsed time for command: 00:00:02 (2)
Benchmark Times:
  Start:    Wed Jul  1 06:49:44 2026 (1782859784)
  Stop:     Wed Jul  1 06:52:26 2026 (1782859946)
  Elapsed:  00:02:42 (162)
  Reported: 154 74320000 154.07432
 Success 482.sphinx3 base ref ratio=126.50, runtime=154.074320

-----------------------------------
  Running (#1) 483.xalancbmk ref base infra-mixsan-wo-check_O2 default
Commands to run: 
    -C /media/hahafish/Data/ForUbuntu/speccpu2006/benchspec/CPU2006/483.xalancbmk/run/run_base_ref_infra-mixsan-wo-check_O2.0000
    -o ref.out -e ref.err ../run_base_ref_infra-mixsan-wo-check_O2.0000/Xalan_base.infra-mixsan-wo-check_O2 -v t5.xml xalanc.xsl
Specinvoke: /media/hahafish/Data/ForUbuntu/speccpu2006/bin/specinvoke -d /media/hahafish/Data/ForUbuntu/speccpu2006/benchspec/CPU2006/483.xalancbmk/run/run_base_ref_infra-mixsan-wo-check_O2.0000 -e speccmds.err -o speccmds.stdout -f speccmds.cmd -C
Issuing command '/media/hahafish/Data/ForUbuntu/speccpu2006/bin/specinvoke -d /media/hahafish/Data/ForUbuntu/speccpu2006/benchspec/CPU2006/483.xalancbmk/run/run_base_ref_infra-mixsan-wo-check_O2.0000 -e speccmds.err -o speccmds.stdout -f speccmds.cmd -C'
Start command: Wed Jul  1 06:52:29 2026 (1782859949)
Stop command: Wed Jul  1 06:53:28 2026 (1782860008)
Elapsed time for command: 00:00:59 (59)
Workload elapsed time (0:1) = 51.839776 seconds
copy 0 finished @ Wed Jul  1 06:53:20 2026.  Total elapsed time: 51.839776
comparing files in '/media/hahafish/Data/ForUbuntu/speccpu2006/benchspec/CPU2006/483.xalancbmk/run/run_base_ref_infra-mixsan-wo-check_O2.0000'
comparing 'ref.out' with abstol=, binary=, calctol=0, cw=, floatcompare=, ignorecase=, obiwan=, reltol=, skipabstol=, skipobiwan=, skipreltol=, skiptol=
Specinvoke: /media/hahafish/Data/ForUbuntu/speccpu2006/bin/specinvoke -E -d /media/hahafish/Data/ForUbuntu/speccpu2006/benchspec/CPU2006/483.xalancbmk/run/run_base_ref_infra-mixsan-wo-check_O2.0000 -c 1 -e compare.err -o compare.stdout -f compare.cmd
Issuing command '/media/hahafish/Data/ForUbuntu/speccpu2006/bin/specinvoke -E -d /media/hahafish/Data/ForUbuntu/speccpu2006/benchspec/CPU2006/483.xalancbmk/run/run_base_ref_infra-mixsan-wo-check_O2.0000 -c 1 -e compare.err -o compare.stdout -f compare.cmd'
Start command: Wed Jul  1 06:53:28 2026 (1782860008)
Stop command: Wed Jul  1 06:53:31 2026 (1782860011)
Elapsed time for command: 00:00:03 (3)
Benchmark Times:
  Start:    Wed Jul  1 06:52:29 2026 (1782859949)
  Stop:     Wed Jul  1 06:53:28 2026 (1782860008)
  Elapsed:  00:00:59 (59)
  Reported: 51 839823000 51.839823
 Success 483.xalancbmk base ref ratio=133.10, runtime=51.839823

-----------------------------------
  Running (#2) 400.perlbench ref base infra-mixsan-wo-check_O2 default
Commands to run: 
    -C /media/hahafish/Data/ForUbuntu/speccpu2006/benchspec/CPU2006/400.perlbench/run/run_base_ref_infra-mixsan-wo-check_O2.0000
    -o checkspam.2500.5.25.11.150.1.1.1.1.out -e checkspam.2500.5.25.11.150.1.1.1.1.err ../run_base_ref_infra-mixsan-wo-check_O2.0000/perlbench_base.infra-mixsan-wo-check_O2 -I./lib checkspam.pl 2500 5 25 11 150 1 1 1 1
    -o diffmail.4.800.10.17.19.300.out -e diffmail.4.800.10.17.19.300.err ../run_base_ref_infra-mixsan-wo-check_O2.0000/perlbench_base.infra-mixsan-wo-check_O2 -I./lib diffmail.pl 4 800 10 17 19 300
    -o splitmail.1600.12.26.16.4500.out -e splitmail.1600.12.26.16.4500.err ../run_base_ref_infra-mixsan-wo-check_O2.0000/perlbench_base.infra-mixsan-wo-check_O2 -I./lib splitmail.pl 1600 12 26 16 4500
Specinvoke: /media/hahafish/Data/ForUbuntu/speccpu2006/bin/specinvoke -d /media/hahafish/Data/ForUbuntu/speccpu2006/benchspec/CPU2006/400.perlbench/run/run_base_ref_infra-mixsan-wo-check_O2.0000 -e speccmds.err -o speccmds.stdout -f speccmds.cmd -C
Issuing command '/media/hahafish/Data/ForUbuntu/speccpu2006/bin/specinvoke -d /media/hahafish/Data/ForUbuntu/speccpu2006/benchspec/CPU2006/400.perlbench/run/run_base_ref_infra-mixsan-wo-check_O2.0000 -e speccmds.err -o speccmds.stdout -f speccmds.cmd -C'
Start command: Wed Jul  1 06:53:31 2026 (1782860011)
Stop command: Wed Jul  1 06:55:48 2026 (1782860148)
Elapsed time for command: 00:02:17 (137)
Workload elapsed time (0:1) = 57.509585 seconds
Workload elapsed time (0:2) = 37.134313 seconds
Workload elapsed time (0:3) = 34.648926 seconds
copy 0 finished @ Wed Jul  1 06:55:40 2026.  Total elapsed time: 129.292824
comparing files in '/media/hahafish/Data/ForUbuntu/speccpu2006/benchspec/CPU2006/400.perlbench/run/run_base_ref_infra-mixsan-wo-check_O2.0000'
comparing 'checkspam.2500.5.25.11.150.1.1.1.1.out' with abstol=, binary=, calctol=0, cw=, floatcompare=, ignorecase=, obiwan=, reltol=, skipabstol=, skipobiwan=, skipreltol=, skiptol=
comparing 'diffmail.4.800.10.17.19.300.out' with abstol=, binary=, calctol=0, cw=, floatcompare=, ignorecase=, obiwan=, reltol=, skipabstol=, skipobiwan=, skipreltol=, skiptol=
comparing 'splitmail.1600.12.26.16.4500.out' with abstol=, binary=, calctol=0, cw=, floatcompare=, ignorecase=, obiwan=, reltol=, skipabstol=, skipobiwan=, skipreltol=, skiptol=
Specinvoke: /media/hahafish/Data/ForUbuntu/speccpu2006/bin/specinvoke -E -d /media/hahafish/Data/ForUbuntu/speccpu2006/benchspec/CPU2006/400.perlbench/run/run_base_ref_infra-mixsan-wo-check_O2.0000 -c 1 -e compare.err -o compare.stdout -f compare.cmd
Issuing command '/media/hahafish/Data/ForUbuntu/speccpu2006/bin/specinvoke -E -d /media/hahafish/Data/ForUbuntu/speccpu2006/benchspec/CPU2006/400.perlbench/run/run_base_ref_infra-mixsan-wo-check_O2.0000 -c 1 -e compare.err -o compare.stdout -f compare.cmd'
Start command: Wed Jul  1 06:55:48 2026 (1782860148)
Stop command: Wed Jul  1 06:55:50 2026 (1782860150)
Elapsed time for command: 00:00:02 (2)
Benchmark Times:
  Start:    Wed Jul  1 06:53:31 2026 (1782860011)
  Stop:     Wed Jul  1 06:55:48 2026 (1782860148)
  Elapsed:  00:02:17 (137)
  Reported: 129 292889000 129.292889
 Success 400.perlbench base ref ratio=75.56, runtime=129.292889

-----------------------------------
  Running (#2) 401.bzip2 ref base infra-mixsan-wo-check_O2 default
Commands to run: 
    -C /media/hahafish/Data/ForUbuntu/speccpu2006/benchspec/CPU2006/401.bzip2/run/run_base_ref_infra-mixsan-wo-check_O2.0000
    -o input.source.out -e input.source.err ../run_base_ref_infra-mixsan-wo-check_O2.0000/bzip2_base.infra-mixsan-wo-check_O2 input.source 280
    -o chicken.jpg.out -e chicken.jpg.err ../run_base_ref_infra-mixsan-wo-check_O2.0000/bzip2_base.infra-mixsan-wo-check_O2 chicken.jpg 30
    -o liberty.jpg.out -e liberty.jpg.err ../run_base_ref_infra-mixsan-wo-check_O2.0000/bzip2_base.infra-mixsan-wo-check_O2 liberty.jpg 30
    -o input.program.out -e input.program.err ../run_base_ref_infra-mixsan-wo-check_O2.0000/bzip2_base.infra-mixsan-wo-check_O2 input.program 280
    -o text.html.out -e text.html.err ../run_base_ref_infra-mixsan-wo-check_O2.0000/bzip2_base.infra-mixsan-wo-check_O2 text.html 280
    -o input.combined.out -e input.combined.err ../run_base_ref_infra-mixsan-wo-check_O2.0000/bzip2_base.infra-mixsan-wo-check_O2 input.combined 200
Specinvoke: /media/hahafish/Data/ForUbuntu/speccpu2006/bin/specinvoke -d /media/hahafish/Data/ForUbuntu/speccpu2006/benchspec/CPU2006/401.bzip2/run/run_base_ref_infra-mixsan-wo-check_O2.0000 -e speccmds.err -o speccmds.stdout -f speccmds.cmd -C
Issuing command '/media/hahafish/Data/ForUbuntu/speccpu2006/bin/specinvoke -d /media/hahafish/Data/ForUbuntu/speccpu2006/benchspec/CPU2006/401.bzip2/run/run_base_ref_infra-mixsan-wo-check_O2.0000 -e speccmds.err -o speccmds.stdout -f speccmds.cmd -C'
Start command: Wed Jul  1 06:55:50 2026 (1782860150)
Stop command: Wed Jul  1 06:59:23 2026 (1782860363)
Elapsed time for command: 00:03:33 (213)
Workload elapsed time (0:1) = 45.130763 seconds
Workload elapsed time (0:2) = 12.748562 seconds
Workload elapsed time (0:3) = 19.469451 seconds
Workload elapsed time (0:4) = 45.683204 seconds
Workload elapsed time (0:5) = 47.208926 seconds
Workload elapsed time (0:6) = 34.673147 seconds
copy 0 finished @ Wed Jul  1 06:59:15 2026.  Total elapsed time: 204.914053
comparing files in '/media/hahafish/Data/ForUbuntu/speccpu2006/benchspec/CPU2006/401.bzip2/run/run_base_ref_infra-mixsan-wo-check_O2.0000'
comparing 'chicken.jpg.out' with abstol=, binary=, calctol=0, cw=, floatcompare=, ignorecase=, obiwan=, reltol=, skipabstol=, skipobiwan=, skipreltol=, skiptol=
comparing 'input.combined.out' with abstol=, binary=, calctol=0, cw=, floatcompare=, ignorecase=, obiwan=, reltol=, skipabstol=, skipobiwan=, skipreltol=, skiptol=
comparing 'input.program.out' with abstol=, binary=, calctol=0, cw=, floatcompare=, ignorecase=, obiwan=, reltol=, skipabstol=, skipobiwan=, skipreltol=, skiptol=
comparing 'input.source.out' with abstol=, binary=, calctol=0, cw=, floatcompare=, ignorecase=, obiwan=, reltol=, skipabstol=, skipobiwan=, skipreltol=, skiptol=
comparing 'liberty.jpg.out' with abstol=, binary=, calctol=0, cw=, floatcompare=, ignorecase=, obiwan=, reltol=, skipabstol=, skipobiwan=, skipreltol=, skiptol=
comparing 'text.html.out' with abstol=, binary=, calctol=0, cw=, floatcompare=, ignorecase=, obiwan=, reltol=, skipabstol=, skipobiwan=, skipreltol=, skiptol=
Specinvoke: /media/hahafish/Data/ForUbuntu/speccpu2006/bin/specinvoke -E -d /media/hahafish/Data/ForUbuntu/speccpu2006/benchspec/CPU2006/401.bzip2/run/run_base_ref_infra-mixsan-wo-check_O2.0000 -c 1 -e compare.err -o compare.stdout -f compare.cmd
Issuing command '/media/hahafish/Data/ForUbuntu/speccpu2006/bin/specinvoke -E -d /media/hahafish/Data/ForUbuntu/speccpu2006/benchspec/CPU2006/401.bzip2/run/run_base_ref_infra-mixsan-wo-check_O2.0000 -c 1 -e compare.err -o compare.stdout -f compare.cmd'
Start command: Wed Jul  1 06:59:23 2026 (1782860363)
Stop command: Wed Jul  1 06:59:25 2026 (1782860365)
Elapsed time for command: 00:00:02 (2)
Benchmark Times:
  Start:    Wed Jul  1 06:55:50 2026 (1782860150)
  Stop:     Wed Jul  1 06:59:23 2026 (1782860363)
  Elapsed:  00:03:33 (213)
  Reported: 204 914144000 204.914144
 Success 401.bzip2 base ref ratio=47.09, runtime=204.914144

-----------------------------------
  Running (#2) 403.gcc ref base infra-mixsan-wo-check_O2 default
Commands to run: 
    -C /media/hahafish/Data/ForUbuntu/speccpu2006/benchspec/CPU2006/403.gcc/run/run_base_ref_infra-mixsan-wo-check_O2.0000
    -o 166.out -e 166.err ../run_base_ref_infra-mixsan-wo-check_O2.0000/gcc_base.infra-mixsan-wo-check_O2 166.i -o 166.s
    -o 200.out -e 200.err ../run_base_ref_infra-mixsan-wo-check_O2.0000/gcc_base.infra-mixsan-wo-check_O2 200.i -o 200.s
    -o c-typeck.out -e c-typeck.err ../run_base_ref_infra-mixsan-wo-check_O2.0000/gcc_base.infra-mixsan-wo-check_O2 c-typeck.i -o c-typeck.s
    -o cp-decl.out -e cp-decl.err ../run_base_ref_infra-mixsan-wo-check_O2.0000/gcc_base.infra-mixsan-wo-check_O2 cp-decl.i -o cp-decl.s
    -o expr.out -e expr.err ../run_base_ref_infra-mixsan-wo-check_O2.0000/gcc_base.infra-mixsan-wo-check_O2 expr.i -o expr.s
    -o expr2.out -e expr2.err ../run_base_ref_infra-mixsan-wo-check_O2.0000/gcc_base.infra-mixsan-wo-check_O2 expr2.i -o expr2.s
    -o g23.out -e g23.err ../run_base_ref_infra-mixsan-wo-check_O2.0000/gcc_base.infra-mixsan-wo-check_O2 g23.i -o g23.s
    -o s04.out -e s04.err ../run_base_ref_infra-mixsan-wo-check_O2.0000/gcc_base.infra-mixsan-wo-check_O2 s04.i -o s04.s
    -o scilab.out -e scilab.err ../run_base_ref_infra-mixsan-wo-check_O2.0000/gcc_base.infra-mixsan-wo-check_O2 scilab.i -o scilab.s
Specinvoke: /media/hahafish/Data/ForUbuntu/speccpu2006/bin/specinvoke -d /media/hahafish/Data/ForUbuntu/speccpu2006/benchspec/CPU2006/403.gcc/run/run_base_ref_infra-mixsan-wo-check_O2.0000 -e speccmds.err -o speccmds.stdout -f speccmds.cmd -C
Issuing command '/media/hahafish/Data/ForUbuntu/speccpu2006/bin/specinvoke -d /media/hahafish/Data/ForUbuntu/speccpu2006/benchspec/CPU2006/403.gcc/run/run_base_ref_infra-mixsan-wo-check_O2.0000 -e speccmds.err -o speccmds.stdout -f speccmds.cmd -C'
Start command: Wed Jul  1 06:59:25 2026 (1782860365)
Stop command: Wed Jul  1 07:01:50 2026 (1782860510)
Elapsed time for command: 00:02:25 (145)
Workload elapsed time (0:1) = 8.464835 seconds
Workload elapsed time (0:2) = 27.733032 seconds
Workload elapsed time (0:3) = 14.422063 seconds
Workload elapsed time (0:4) = 10.129773 seconds
Workload elapsed time (0:5) = 11.372325 seconds
Workload elapsed time (0:6) = 16.016563 seconds
Workload elapsed time (0:7) = 21.359118 seconds
Workload elapsed time (0:8) = 16.707948 seconds
Workload elapsed time (0:9) = 10.81185 seconds
copy 0 finished @ Wed Jul  1 07:01:42 2026.  Total elapsed time: 137.017507
comparing files in '/media/hahafish/Data/ForUbuntu/speccpu2006/benchspec/CPU2006/403.gcc/run/run_base_ref_infra-mixsan-wo-check_O2.0000'
comparing '166.s' with abstol=, binary=, calctol=0, cw=, floatcompare=, ignorecase=, obiwan=, reltol=, skipabstol=, skipobiwan=, skipreltol=, skiptol=
comparing '200.s' with abstol=, binary=, calctol=0, cw=, floatcompare=, ignorecase=, obiwan=, reltol=, skipabstol=, skipobiwan=, skipreltol=, skiptol=
comparing 'c-typeck.s' with abstol=, binary=, calctol=0, cw=, floatcompare=, ignorecase=, obiwan=, reltol=, skipabstol=, skipobiwan=, skipreltol=, skiptol=
comparing 'cp-decl.s' with abstol=, binary=, calctol=0, cw=, floatcompare=, ignorecase=, obiwan=, reltol=, skipabstol=, skipobiwan=, skipreltol=, skiptol=
comparing 'expr.s' with abstol=, binary=, calctol=0, cw=, floatcompare=, ignorecase=, obiwan=, reltol=, skipabstol=, skipobiwan=, skipreltol=, skiptol=
comparing 'expr2.s' with abstol=, binary=, calctol=0, cw=, floatcompare=, ignorecase=, obiwan=, reltol=, skipabstol=, skipobiwan=, skipreltol=, skiptol=
comparing 'g23.s' with abstol=, binary=, calctol=0, cw=, floatcompare=, ignorecase=, obiwan=, reltol=, skipabstol=, skipobiwan=, skipreltol=, skiptol=
comparing 's04.s' with abstol=, binary=, calctol=0, cw=, floatcompare=, ignorecase=, obiwan=, reltol=, skipabstol=, skipobiwan=, skipreltol=, skiptol=
comparing 'scilab.s' with abstol=, binary=, calctol=0, cw=, floatcompare=, ignorecase=, obiwan=, reltol=, skipabstol=, skipobiwan=, skipreltol=, skiptol=
Specinvoke: /media/hahafish/Data/ForUbuntu/speccpu2006/bin/specinvoke -E -d /media/hahafish/Data/ForUbuntu/speccpu2006/benchspec/CPU2006/403.gcc/run/run_base_ref_infra-mixsan-wo-check_O2.0000 -c 1 -e compare.err -o compare.stdout -f compare.cmd
Issuing command '/media/hahafish/Data/ForUbuntu/speccpu2006/bin/specinvoke -E -d /media/hahafish/Data/ForUbuntu/speccpu2006/benchspec/CPU2006/403.gcc/run/run_base_ref_infra-mixsan-wo-check_O2.0000 -c 1 -e compare.err -o compare.stdout -f compare.cmd'
Start command: Wed Jul  1 07:01:50 2026 (1782860510)
Stop command: Wed Jul  1 07:01:53 2026 (1782860513)
Elapsed time for command: 00:00:03 (3)
Benchmark Times:
  Start:    Wed Jul  1 06:59:25 2026 (1782860365)
  Stop:     Wed Jul  1 07:01:50 2026 (1782860510)
  Elapsed:  00:02:25 (145)
  Reported: 137 17631000 137.017631
 Success 403.gcc base ref ratio=58.75, runtime=137.017631

-----------------------------------
  Running (#2) 429.mcf ref base infra-mixsan-wo-check_O2 default
Commands to run: 
    -C /home/hahafish/speccpu2006/benchspec/CPU2006/429.mcf/run/run_base_ref_infra-mixsan-wo-check_O2.0003
    -o inp.out -e inp.err ../run_base_ref_infra-mixsan-wo-check_O2.0003/mcf_base.infra-mixsan-wo-check_O2 inp.in
Specinvoke: /media/hahafish/Data/ForUbuntu/speccpu2006/bin/specinvoke -d /home/hahafish/speccpu2006/benchspec/CPU2006/429.mcf/run/run_base_ref_infra-mixsan-wo-check_O2.0003 -e speccmds.err -o speccmds.stdout -f speccmds.cmd -C
Issuing command '/media/hahafish/Data/ForUbuntu/speccpu2006/bin/specinvoke -d /home/hahafish/speccpu2006/benchspec/CPU2006/429.mcf/run/run_base_ref_infra-mixsan-wo-check_O2.0003 -e speccmds.err -o speccmds.stdout -f speccmds.cmd -C'
Start command: Wed Jul  1 07:01:53 2026 (1782860513)
Stop command: Wed Jul  1 07:03:56 2026 (1782860636)
Elapsed time for command: 00:02:03 (123)
Workload elapsed time (0:1) = 115.784434 seconds
copy 0 finished @ Wed Jul  1 07:03:48 2026.  Total elapsed time: 115.784434
comparing files in '/home/hahafish/speccpu2006/benchspec/CPU2006/429.mcf/run/run_base_ref_infra-mixsan-wo-check_O2.0003'
comparing 'inp.out' with abstol=, binary=, calctol=0, cw=, floatcompare=, ignorecase=, obiwan=, reltol=, skipabstol=, skipobiwan=, skipreltol=, skiptol=
comparing 'mcf.out' with abstol=, binary=, calctol=0, cw=, floatcompare=, ignorecase=, obiwan=, reltol=, skipabstol=, skipobiwan=, skipreltol=, skiptol=
Specinvoke: /media/hahafish/Data/ForUbuntu/speccpu2006/bin/specinvoke -E -d /home/hahafish/speccpu2006/benchspec/CPU2006/429.mcf/run/run_base_ref_infra-mixsan-wo-check_O2.0003 -c 1 -e compare.err -o compare.stdout -f compare.cmd
Issuing command '/media/hahafish/Data/ForUbuntu/speccpu2006/bin/specinvoke -E -d /home/hahafish/speccpu2006/benchspec/CPU2006/429.mcf/run/run_base_ref_infra-mixsan-wo-check_O2.0003 -c 1 -e compare.err -o compare.stdout -f compare.cmd'
Start command: Wed Jul  1 07:03:56 2026 (1782860636)
Stop command: Wed Jul  1 07:03:58 2026 (1782860638)
Elapsed time for command: 00:00:02 (2)
Benchmark Times:
  Start:    Wed Jul  1 07:01:53 2026 (1782860513)
  Stop:     Wed Jul  1 07:03:56 2026 (1782860636)
  Elapsed:  00:02:03 (123)
  Reported: 115 784481000 115.784481
 Success 429.mcf base ref ratio=78.77, runtime=115.784481

-----------------------------------
  Running (#2) 433.milc ref base infra-mixsan-wo-check_O2 default
Commands to run: 
    -C /home/hahafish/speccpu2006/benchspec/CPU2006/433.milc/run/run_base_ref_infra-mixsan-wo-check_O2.0000
    -i su3imp.in -o su3imp.out -e su3imp.err ../run_base_ref_infra-mixsan-wo-check_O2.0000/milc_base.infra-mixsan-wo-check_O2
Specinvoke: /media/hahafish/Data/ForUbuntu/speccpu2006/bin/specinvoke -d /home/hahafish/speccpu2006/benchspec/CPU2006/433.milc/run/run_base_ref_infra-mixsan-wo-check_O2.0000 -e speccmds.err -o speccmds.stdout -f speccmds.cmd -C
Issuing command '/media/hahafish/Data/ForUbuntu/speccpu2006/bin/specinvoke -d /home/hahafish/speccpu2006/benchspec/CPU2006/433.milc/run/run_base_ref_infra-mixsan-wo-check_O2.0000 -e speccmds.err -o speccmds.stdout -f speccmds.cmd -C'
Start command: Wed Jul  1 07:03:58 2026 (1782860638)
Stop command: Wed Jul  1 07:06:38 2026 (1782860798)
Elapsed time for command: 00:02:40 (160)
Workload elapsed time (0:1) = 151.689038 seconds
copy 0 finished @ Wed Jul  1 07:06:30 2026.  Total elapsed time: 151.689038
comparing files in '/home/hahafish/speccpu2006/benchspec/CPU2006/433.milc/run/run_base_ref_infra-mixsan-wo-check_O2.0000'
comparing 'su3imp.out' with abstol=2e-07, binary=, calctol=0, cw=, floatcompare=, ignorecase=, obiwan=, reltol=0.0001, skipabstol=, skipobiwan=, skipreltol=, skiptol=
Specinvoke: /media/hahafish/Data/ForUbuntu/speccpu2006/bin/specinvoke -E -d /home/hahafish/speccpu2006/benchspec/CPU2006/433.milc/run/run_base_ref_infra-mixsan-wo-check_O2.0000 -c 1 -e compare.err -o compare.stdout -f compare.cmd
Issuing command '/media/hahafish/Data/ForUbuntu/speccpu2006/bin/specinvoke -E -d /home/hahafish/speccpu2006/benchspec/CPU2006/433.milc/run/run_base_ref_infra-mixsan-wo-check_O2.0000 -c 1 -e compare.err -o compare.stdout -f compare.cmd'
Start command: Wed Jul  1 07:06:38 2026 (1782860798)
Stop command: Wed Jul  1 07:06:40 2026 (1782860800)
Elapsed time for command: 00:00:02 (2)
Benchmark Times:
  Start:    Wed Jul  1 07:03:58 2026 (1782860638)
  Stop:     Wed Jul  1 07:06:38 2026 (1782860798)
  Elapsed:  00:02:40 (160)
  Reported: 151 689085000 151.689085
 Success 433.milc base ref ratio=60.52, runtime=151.689085

-----------------------------------
  Running (#2) 444.namd ref base infra-mixsan-wo-check_O2 default
Commands to run: 
    -C /media/hahafish/Data/ForUbuntu/speccpu2006/benchspec/CPU2006/444.namd/run/run_base_ref_infra-mixsan-wo-check_O2.0000
    -o namd.stdout -e namd.err ../run_base_ref_infra-mixsan-wo-check_O2.0000/namd_base.infra-mixsan-wo-check_O2 --input namd.input --iterations 38 --output namd.out 
Specinvoke: /media/hahafish/Data/ForUbuntu/speccpu2006/bin/specinvoke -d /media/hahafish/Data/ForUbuntu/speccpu2006/benchspec/CPU2006/444.namd/run/run_base_ref_infra-mixsan-wo-check_O2.0000 -e speccmds.err -o speccmds.stdout -f speccmds.cmd -C
Issuing command '/media/hahafish/Data/ForUbuntu/speccpu2006/bin/specinvoke -d /media/hahafish/Data/ForUbuntu/speccpu2006/benchspec/CPU2006/444.namd/run/run_base_ref_infra-mixsan-wo-check_O2.0000 -e speccmds.err -o speccmds.stdout -f speccmds.cmd -C'
Start command: Wed Jul  1 07:06:40 2026 (1782860800)
Stop command: Wed Jul  1 07:08:41 2026 (1782860921)
Elapsed time for command: 00:02:01 (121)
Workload elapsed time (0:1) = 112.757549 seconds
copy 0 finished @ Wed Jul  1 07:08:33 2026.  Total elapsed time: 112.757549
comparing files in '/media/hahafish/Data/ForUbuntu/speccpu2006/benchspec/CPU2006/444.namd/run/run_base_ref_infra-mixsan-wo-check_O2.0000'
comparing 'namd.out' with abstol=1e-05, binary=, calctol=0, cw=, floatcompare=, ignorecase=, obiwan=, reltol=, skipabstol=, skipobiwan=, skipreltol=, skiptol=
Specinvoke: /media/hahafish/Data/ForUbuntu/speccpu2006/bin/specinvoke -E -d /media/hahafish/Data/ForUbuntu/speccpu2006/benchspec/CPU2006/444.namd/run/run_base_ref_infra-mixsan-wo-check_O2.0000 -c 1 -e compare.err -o compare.stdout -f compare.cmd
Issuing command '/media/hahafish/Data/ForUbuntu/speccpu2006/bin/specinvoke -E -d /media/hahafish/Data/ForUbuntu/speccpu2006/benchspec/CPU2006/444.namd/run/run_base_ref_infra-mixsan-wo-check_O2.0000 -c 1 -e compare.err -o compare.stdout -f compare.cmd'
Start command: Wed Jul  1 07:08:41 2026 (1782860921)
Stop command: Wed Jul  1 07:08:43 2026 (1782860923)
Elapsed time for command: 00:00:02 (2)
Benchmark Times:
  Start:    Wed Jul  1 07:06:40 2026 (1782860800)
  Stop:     Wed Jul  1 07:08:41 2026 (1782860921)
  Elapsed:  00:02:01 (121)
  Reported: 112 757589000 112.757589
 Success 444.namd base ref ratio=71.13, runtime=112.757589

-----------------------------------
  Running (#2) 445.gobmk ref base infra-mixsan-wo-check_O2 default
Commands to run: 
    -C /home/hahafish/speccpu2006/benchspec/CPU2006/445.gobmk/run/run_base_ref_infra-mixsan-wo-check_O2.0002
    -i 13x13.tst -o 13x13.out -e 13x13.err ../run_base_ref_infra-mixsan-wo-check_O2.0002/gobmk_base.infra-mixsan-wo-check_O2 --quiet --mode gtp
    -i nngs.tst -o nngs.out -e nngs.err ../run_base_ref_infra-mixsan-wo-check_O2.0002/gobmk_base.infra-mixsan-wo-check_O2 --quiet --mode gtp
    -i score2.tst -o score2.out -e score2.err ../run_base_ref_infra-mixsan-wo-check_O2.0002/gobmk_base.infra-mixsan-wo-check_O2 --quiet --mode gtp
    -i trevorc.tst -o trevorc.out -e trevorc.err ../run_base_ref_infra-mixsan-wo-check_O2.0002/gobmk_base.infra-mixsan-wo-check_O2 --quiet --mode gtp
    -i trevord.tst -o trevord.out -e trevord.err ../run_base_ref_infra-mixsan-wo-check_O2.0002/gobmk_base.infra-mixsan-wo-check_O2 --quiet --mode gtp
Specinvoke: /media/hahafish/Data/ForUbuntu/speccpu2006/bin/specinvoke -d /home/hahafish/speccpu2006/benchspec/CPU2006/445.gobmk/run/run_base_ref_infra-mixsan-wo-check_O2.0002 -e speccmds.err -o speccmds.stdout -f speccmds.cmd -C
Issuing command '/media/hahafish/Data/ForUbuntu/speccpu2006/bin/specinvoke -d /home/hahafish/speccpu2006/benchspec/CPU2006/445.gobmk/run/run_base_ref_infra-mixsan-wo-check_O2.0002 -e speccmds.err -o speccmds.stdout -f speccmds.cmd -C'
Start command: Wed Jul  1 07:08:43 2026 (1782860923)
Stop command: Wed Jul  1 07:11:46 2026 (1782861106)
Elapsed time for command: 00:03:03 (183)
Workload elapsed time (0:1) = 25.009754 seconds
Workload elapsed time (0:2) = 62.533436 seconds
Workload elapsed time (0:3) = 31.035625 seconds
Workload elapsed time (0:4) = 24.696062 seconds
Workload elapsed time (0:5) = 31.399952 seconds
copy 0 finished @ Wed Jul  1 07:11:38 2026.  Total elapsed time: 174.674829
comparing files in '/home/hahafish/speccpu2006/benchspec/CPU2006/445.gobmk/run/run_base_ref_infra-mixsan-wo-check_O2.0002'
comparing '13x13.out' with abstol=, binary=, calctol=0, cw=, floatcompare=, ignorecase=, obiwan=, reltol=, skipabstol=, skipobiwan=, skipreltol=, skiptol=
comparing 'nngs.out' with abstol=, binary=, calctol=0, cw=, floatcompare=, ignorecase=, obiwan=, reltol=, skipabstol=, skipobiwan=, skipreltol=, skiptol=
comparing 'score2.out' with abstol=, binary=, calctol=0, cw=, floatcompare=, ignorecase=, obiwan=, reltol=, skipabstol=, skipobiwan=, skipreltol=, skiptol=
comparing 'trevorc.out' with abstol=, binary=, calctol=0, cw=, floatcompare=, ignorecase=, obiwan=, reltol=, skipabstol=, skipobiwan=, skipreltol=, skiptol=
comparing 'trevord.out' with abstol=, binary=, calctol=0, cw=, floatcompare=, ignorecase=, obiwan=, reltol=, skipabstol=, skipobiwan=, skipreltol=, skiptol=
Specinvoke: /media/hahafish/Data/ForUbuntu/speccpu2006/bin/specinvoke -E -d /home/hahafish/speccpu2006/benchspec/CPU2006/445.gobmk/run/run_base_ref_infra-mixsan-wo-check_O2.0002 -c 1 -e compare.err -o compare.stdout -f compare.cmd
Issuing command '/media/hahafish/Data/ForUbuntu/speccpu2006/bin/specinvoke -E -d /home/hahafish/speccpu2006/benchspec/CPU2006/445.gobmk/run/run_base_ref_infra-mixsan-wo-check_O2.0002 -c 1 -e compare.err -o compare.stdout -f compare.cmd'
Start command: Wed Jul  1 07:11:46 2026 (1782861106)
Stop command: Wed Jul  1 07:11:48 2026 (1782861108)
Elapsed time for command: 00:00:02 (2)
Benchmark Times:
  Start:    Wed Jul  1 07:08:43 2026 (1782860923)
  Stop:     Wed Jul  1 07:11:46 2026 (1782861106)
  Elapsed:  00:03:03 (183)
  Reported: 174 674893000 174.674893
 Success 445.gobmk base ref ratio=60.05, runtime=174.674893

-----------------------------------
  Running (#2) 447.dealII ref base infra-mixsan-wo-check_O2 default
Commands to run: 
    -C /media/hahafish/Data/ForUbuntu/speccpu2006/benchspec/CPU2006/447.dealII/run/run_base_ref_infra-mixsan-wo-check_O2.0000
    -o log -e dealII.err ../run_base_ref_infra-mixsan-wo-check_O2.0000/dealII_base.infra-mixsan-wo-check_O2 23
Specinvoke: /media/hahafish/Data/ForUbuntu/speccpu2006/bin/specinvoke -d /media/hahafish/Data/ForUbuntu/speccpu2006/benchspec/CPU2006/447.dealII/run/run_base_ref_infra-mixsan-wo-check_O2.0000 -e speccmds.err -o speccmds.stdout -f speccmds.cmd -C
Issuing command '/media/hahafish/Data/ForUbuntu/speccpu2006/bin/specinvoke -d /media/hahafish/Data/ForUbuntu/speccpu2006/benchspec/CPU2006/447.dealII/run/run_base_ref_infra-mixsan-wo-check_O2.0000 -e speccmds.err -o speccmds.stdout -f speccmds.cmd -C'
Start command: Wed Jul  1 07:11:48 2026 (1782861108)
Stop command: Wed Jul  1 07:13:31 2026 (1782861211)
Elapsed time for command: 00:01:43 (103)
Workload elapsed time (0:1) = 94.590226 seconds
copy 0 finished @ Wed Jul  1 07:13:23 2026.  Total elapsed time: 94.590226
comparing files in '/media/hahafish/Data/ForUbuntu/speccpu2006/benchspec/CPU2006/447.dealII/run/run_base_ref_infra-mixsan-wo-check_O2.0000'
comparing 'grid-0.eps' with abstol=1e-07, binary=, calctol=0, cw=, floatcompare=, ignorecase=, obiwan=, reltol=, skipabstol=, skipobiwan=, skipreltol=, skiptol=
comparing 'grid-1.eps' with abstol=1e-07, binary=, calctol=0, cw=, floatcompare=, ignorecase=, obiwan=, reltol=, skipabstol=, skipobiwan=, skipreltol=, skiptol=
comparing 'grid-2.eps' with abstol=1e-07, binary=, calctol=0, cw=, floatcompare=, ignorecase=, obiwan=, reltol=, skipabstol=, skipobiwan=, skipreltol=, skiptol=
comparing 'grid-3.eps' with abstol=1e-07, binary=, calctol=0, cw=, floatcompare=, ignorecase=, obiwan=, reltol=, skipabstol=, skipobiwan=, skipreltol=, skiptol=
comparing 'grid-4.eps' with abstol=1e-07, binary=, calctol=0, cw=, floatcompare=, ignorecase=, obiwan=, reltol=, skipabstol=, skipobiwan=, skipreltol=, skiptol=
comparing 'grid-5.eps' with abstol=1e-07, binary=, calctol=0, cw=, floatcompare=, ignorecase=, obiwan=, reltol=, skipabstol=, skipobiwan=, skipreltol=, skiptol=
comparing 'grid-6.eps' with abstol=1e-07, binary=, calctol=0, cw=, floatcompare=, ignorecase=, obiwan=, reltol=, skipabstol=, skipobiwan=, skipreltol=, skiptol=
comparing 'grid-7.eps' with abstol=1e-07, binary=, calctol=0, cw=, floatcompare=, ignorecase=, obiwan=, reltol=, skipabstol=, skipobiwan=, skipreltol=, skiptol=
comparing 'grid-8.eps' with abstol=1e-07, binary=, calctol=0, cw=, floatcompare=, ignorecase=, obiwan=, reltol=, skipabstol=, skipobiwan=, skipreltol=, skiptol=
comparing 'solution-0.gmv' with abstol=1e-07, binary=, calctol=0, cw=, floatcompare=, ignorecase=, obiwan=, reltol=, skipabstol=, skipobiwan=, skipreltol=, skiptol=
comparing 'solution-1.gmv' with abstol=1e-07, binary=, calctol=0, cw=, floatcompare=, ignorecase=, obiwan=, reltol=, skipabstol=, skipobiwan=, skipreltol=, skiptol=
comparing 'solution-2.gmv' with abstol=1e-07, binary=, calctol=0, cw=, floatcompare=, ignorecase=, obiwan=, reltol=, skipabstol=, skipobiwan=, skipreltol=, skiptol=
comparing 'solution-3.gmv' with abstol=1e-07, binary=, calctol=0, cw=, floatcompare=, ignorecase=, obiwan=, reltol=, skipabstol=, skipobiwan=, skipreltol=, skiptol=
comparing 'solution-4.gmv' with abstol=1e-07, binary=, calctol=0, cw=, floatcompare=, ignorecase=, obiwan=, reltol=, skipabstol=, skipobiwan=, skipreltol=, skiptol=
comparing 'solution-5.gmv' with abstol=1e-07, binary=, calctol=0, cw=, floatcompare=, ignorecase=, obiwan=, reltol=, skipabstol=, skipobiwan=, skipreltol=, skiptol=
comparing 'solution-6.gmv' with abstol=1e-07, binary=, calctol=0, cw=, floatcompare=, ignorecase=, obiwan=, reltol=, skipabstol=, skipobiwan=, skipreltol=, skiptol=
comparing 'solution-7.gmv' with abstol=1e-07, binary=, calctol=0, cw=, floatcompare=, ignorecase=, obiwan=, reltol=, skipabstol=, skipobiwan=, skipreltol=, skiptol=
comparing 'solution-8.gmv' with abstol=1e-07, binary=, calctol=0, cw=, floatcompare=, ignorecase=, obiwan=, reltol=, skipabstol=, skipobiwan=, skipreltol=, skiptol=
comparing 'grid-10.eps' with abstol=1e-07, binary=, calctol=0, cw=, floatcompare=, ignorecase=, obiwan=, reltol=, skipabstol=, skipobiwan=, skipreltol=, skiptol=
comparing 'grid-11.eps' with abstol=1e-07, binary=, calctol=0, cw=, floatcompare=, ignorecase=, obiwan=, reltol=, skipabstol=, skipobiwan=, skipreltol=, skiptol=
comparing 'grid-12.eps' with abstol=1e-07, binary=, calctol=0, cw=, floatcompare=, ignorecase=, obiwan=, reltol=, skipabstol=, skipobiwan=, skipreltol=, skiptol=
comparing 'grid-13.eps' with abstol=1e-07, binary=, calctol=0, cw=, floatcompare=, ignorecase=, obiwan=, reltol=, skipabstol=, skipobiwan=, skipreltol=, skiptol=
comparing 'grid-14.eps' with abstol=1e-07, binary=, calctol=0, cw=, floatcompare=, ignorecase=, obiwan=, reltol=, skipabstol=, skipobiwan=, skipreltol=, skiptol=
comparing 'grid-15.eps' with abstol=1e-07, binary=, calctol=0, cw=, floatcompare=, ignorecase=, obiwan=, reltol=, skipabstol=, skipobiwan=, skipreltol=, skiptol=
comparing 'grid-16.eps' with abstol=1e-07, binary=, calctol=0, cw=, floatcompare=, ignorecase=, obiwan=, reltol=, skipabstol=, skipobiwan=, skipreltol=, skiptol=
comparing 'grid-17.eps' with abstol=1e-07, binary=, calctol=0, cw=, floatcompare=, ignorecase=, obiwan=, reltol=, skipabstol=, skipobiwan=, skipreltol=, skiptol=
comparing 'grid-18.eps' with abstol=1e-07, binary=, calctol=0, cw=, floatcompare=, ignorecase=, obiwan=, reltol=, skipabstol=, skipobiwan=, skipreltol=, skiptol=
comparing 'grid-19.eps' with abstol=1e-07, binary=, calctol=0, cw=, floatcompare=, ignorecase=, obiwan=, reltol=, skipabstol=, skipobiwan=, skipreltol=, skiptol=
comparing 'grid-20.eps' with abstol=1e-07, binary=, calctol=0, cw=, floatcompare=, ignorecase=, obiwan=, reltol=, skipabstol=, skipobiwan=, skipreltol=, skiptol=
comparing 'grid-21.eps' with abstol=1e-07, binary=, calctol=0, cw=, floatcompare=, ignorecase=, obiwan=, reltol=, skipabstol=, skipobiwan=, skipreltol=, skiptol=
comparing 'grid-22.eps' with abstol=1e-07, binary=, calctol=0, cw=, floatcompare=, ignorecase=, obiwan=, reltol=, skipabstol=, skipobiwan=, skipreltol=, skiptol=
comparing 'grid-23.eps' with abstol=1e-07, binary=, calctol=0, cw=, floatcompare=, ignorecase=, obiwan=, reltol=, skipabstol=, skipobiwan=, skipreltol=, skiptol=
comparing 'grid-9.eps' with abstol=1e-07, binary=, calctol=0, cw=, floatcompare=, ignorecase=, obiwan=, reltol=, skipabstol=, skipobiwan=, skipreltol=, skiptol=
comparing 'log' with abstol=1e-07, binary=, calctol=0, cw=, floatcompare=, ignorecase=, obiwan=, reltol=, skipabstol=, skipobiwan=, skipreltol=, skiptol=
comparing 'solution-10.gmv' with abstol=1e-07, binary=, calctol=0, cw=, floatcompare=, ignorecase=, obiwan=, reltol=, skipabstol=, skipobiwan=, skipreltol=, skiptol=
comparing 'solution-11.gmv' with abstol=1e-07, binary=, calctol=0, cw=, floatcompare=, ignorecase=, obiwan=, reltol=, skipabstol=, skipobiwan=, skipreltol=, skiptol=
comparing 'solution-12.gmv' with abstol=1e-07, binary=, calctol=0, cw=, floatcompare=, ignorecase=, obiwan=, reltol=, skipabstol=, skipobiwan=, skipreltol=, skiptol=
comparing 'solution-13.gmv' with abstol=1e-07, binary=, calctol=0, cw=, floatcompare=, ignorecase=, obiwan=, reltol=, skipabstol=, skipobiwan=, skipreltol=, skiptol=
comparing 'solution-14.gmv' with abstol=1e-07, binary=, calctol=0, cw=, floatcompare=, ignorecase=, obiwan=, reltol=, skipabstol=, skipobiwan=, skipreltol=, skiptol=
comparing 'solution-15.gmv' with abstol=1e-07, binary=, calctol=0, cw=, floatcompare=, ignorecase=, obiwan=, reltol=, skipabstol=, skipobiwan=, skipreltol=, skiptol=
comparing 'solution-16.gmv' with abstol=1e-07, binary=, calctol=0, cw=, floatcompare=, ignorecase=, obiwan=, reltol=, skipabstol=, skipobiwan=, skipreltol=, skiptol=
comparing 'solution-17.gmv' with abstol=1e-07, binary=, calctol=0, cw=, floatcompare=, ignorecase=, obiwan=, reltol=, skipabstol=, skipobiwan=, skipreltol=, skiptol=
comparing 'solution-18.gmv' with abstol=1e-07, binary=, calctol=0, cw=, floatcompare=, ignorecase=, obiwan=, reltol=, skipabstol=, skipobiwan=, skipreltol=, skiptol=
comparing 'solution-19.gmv' with abstol=1e-07, binary=, calctol=0, cw=, floatcompare=, ignorecase=, obiwan=, reltol=, skipabstol=, skipobiwan=, skipreltol=, skiptol=
comparing 'solution-20.gmv' with abstol=1e-07, binary=, calctol=0, cw=, floatcompare=, ignorecase=, obiwan=, reltol=, skipabstol=, skipobiwan=, skipreltol=, skiptol=
comparing 'solution-21.gmv' with abstol=1e-07, binary=, calctol=0, cw=, floatcompare=, ignorecase=, obiwan=, reltol=, skipabstol=, skipobiwan=, skipreltol=, skiptol=
comparing 'solution-22.gmv' with abstol=1e-07, binary=, calctol=0, cw=, floatcompare=, ignorecase=, obiwan=, reltol=, skipabstol=, skipobiwan=, skipreltol=, skiptol=
comparing 'solution-23.gmv' with abstol=1e-07, binary=, calctol=0, cw=, floatcompare=, ignorecase=, obiwan=, reltol=, skipabstol=, skipobiwan=, skipreltol=, skiptol=
comparing 'solution-9.gmv' with abstol=1e-07, binary=, calctol=0, cw=, floatcompare=, ignorecase=, obiwan=, reltol=, skipabstol=, skipobiwan=, skipreltol=, skiptol=
Specinvoke: /media/hahafish/Data/ForUbuntu/speccpu2006/bin/specinvoke -E -d /media/hahafish/Data/ForUbuntu/speccpu2006/benchspec/CPU2006/447.dealII/run/run_base_ref_infra-mixsan-wo-check_O2.0000 -c 1 -e compare.err -o compare.stdout -f compare.cmd
Issuing command '/media/hahafish/Data/ForUbuntu/speccpu2006/bin/specinvoke -E -d /media/hahafish/Data/ForUbuntu/speccpu2006/benchspec/CPU2006/447.dealII/run/run_base_ref_infra-mixsan-wo-check_O2.0000 -c 1 -e compare.err -o compare.stdout -f compare.cmd'
Start command: Wed Jul  1 07:13:31 2026 (1782861211)
Stop command: Wed Jul  1 07:13:45 2026 (1782861225)
Elapsed time for command: 00:00:14 (14)
Benchmark Times:
  Start:    Wed Jul  1 07:11:48 2026 (1782861108)
  Stop:     Wed Jul  1 07:13:31 2026 (1782861211)
  Elapsed:  00:01:43 (103)
  Reported: 94 590273000 94.590273
 Success 447.dealII base ref ratio=120.94, runtime=94.590273

-----------------------------------
  Running (#2) 450.soplex ref base infra-mixsan-wo-check_O2 default
Commands to run: 
    -C /media/hahafish/Data/ForUbuntu/speccpu2006/benchspec/CPU2006/450.soplex/run/run_base_ref_infra-mixsan-wo-check_O2.0000
    -o pds-50.mps.out -e pds-50.mps.stderr ../run_base_ref_infra-mixsan-wo-check_O2.0000/soplex_base.infra-mixsan-wo-check_O2 -s1 -e -m45000 pds-50.mps
    -o ref.out -e ref.stderr ../run_base_ref_infra-mixsan-wo-check_O2.0000/soplex_base.infra-mixsan-wo-check_O2 -m3500 ref.mps
Specinvoke: /media/hahafish/Data/ForUbuntu/speccpu2006/bin/specinvoke -d /media/hahafish/Data/ForUbuntu/speccpu2006/benchspec/CPU2006/450.soplex/run/run_base_ref_infra-mixsan-wo-check_O2.0000 -e speccmds.err -o speccmds.stdout -f speccmds.cmd -C
Issuing command '/media/hahafish/Data/ForUbuntu/speccpu2006/bin/specinvoke -d /media/hahafish/Data/ForUbuntu/speccpu2006/benchspec/CPU2006/450.soplex/run/run_base_ref_infra-mixsan-wo-check_O2.0000 -e speccmds.err -o speccmds.stdout -f speccmds.cmd -C'
Start command: Wed Jul  1 07:13:45 2026 (1782861225)
Stop command: Wed Jul  1 07:15:32 2026 (1782861332)
Elapsed time for command: 00:01:47 (107)
Workload elapsed time (0:1) = 50.205354 seconds
Workload elapsed time (0:2) = 49.327142 seconds
copy 0 finished @ Wed Jul  1 07:15:24 2026.  Total elapsed time: 99.532496
comparing files in '/media/hahafish/Data/ForUbuntu/speccpu2006/benchspec/CPU2006/450.soplex/run/run_base_ref_infra-mixsan-wo-check_O2.0000'
comparing 'pds-50.mps.out' with abstol=1e-05, binary=, calctol=0, cw=, floatcompare=, ignorecase=, obiwan=1, reltol=0.02, skipabstol=, skipobiwan=, skipreltol=, skiptol=
comparing 'pds-50.mps.stderr' with abstol=20, binary=, calctol=0, cw=, floatcompare=, ignorecase=, obiwan=1, reltol=0.0001, skipabstol=, skipobiwan=, skipreltol=, skiptol=
comparing 'ref.out' with abstol=1e-05, binary=, calctol=0, cw=, floatcompare=, ignorecase=, obiwan=1, reltol=0.02, skipabstol=, skipobiwan=, skipreltol=, skiptol=
comparing 'ref.stderr' with abstol=20, binary=, calctol=0, cw=, floatcompare=, ignorecase=, obiwan=1, reltol=0.0001, skipabstol=, skipobiwan=, skipreltol=, skiptol=
Specinvoke: /media/hahafish/Data/ForUbuntu/speccpu2006/bin/specinvoke -E -d /media/hahafish/Data/ForUbuntu/speccpu2006/benchspec/CPU2006/450.soplex/run/run_base_ref_infra-mixsan-wo-check_O2.0000 -c 1 -e compare.err -o compare.stdout -f compare.cmd
Issuing command '/media/hahafish/Data/ForUbuntu/speccpu2006/bin/specinvoke -E -d /media/hahafish/Data/ForUbuntu/speccpu2006/benchspec/CPU2006/450.soplex/run/run_base_ref_infra-mixsan-wo-check_O2.0000 -c 1 -e compare.err -o compare.stdout -f compare.cmd'
Start command: Wed Jul  1 07:15:32 2026 (1782861332)
Stop command: Wed Jul  1 07:15:34 2026 (1782861334)
Elapsed time for command: 00:00:02 (2)
Error with '/media/hahafish/Data/ForUbuntu/speccpu2006/bin/specinvoke -E -d /media/hahafish/Data/ForUbuntu/speccpu2006/benchspec/CPU2006/450.soplex/run/run_base_ref_infra-mixsan-wo-check_O2.0000 -c 1 -e compare.err -o compare.stdout -f compare.cmd': check file '/media/hahafish/Data/ForUbuntu/speccpu2006/benchspec/CPU2006/450.soplex/run/run_base_ref_infra-mixsan-wo-check_O2.0000/.err'
*** Miscompare of pds-50.mps.stderr, see /media/hahafish/Data/ForUbuntu/speccpu2006/benchspec/CPU2006/450.soplex/run/run_base_ref_infra-mixsan-wo-check_O2.0000/pds-50.mps.stderr.mis
'pds-50.mps.stderr' long
*** Miscompare of ref.stderr, see /media/hahafish/Data/ForUbuntu/speccpu2006/benchspec/CPU2006/450.soplex/run/run_base_ref_infra-mixsan-wo-check_O2.0000/ref.stderr.mis
'ref.stderr' long
Benchmark Times:
  Start:    Wed Jul  1 07:13:45 2026 (1782861225)
  Stop:     Wed Jul  1 07:15:32 2026 (1782861332)
  Elapsed:  00:01:47 (107)
  Reported: 99 532547000 99.532547
 Error 450.soplex base ref ratio=83.79, runtime=99.532547

-----------------------------------
  Running (#2) 453.povray ref base infra-mixsan-wo-check_O2 default
Commands to run: 
    -C /media/hahafish/Data/ForUbuntu/speccpu2006/benchspec/CPU2006/453.povray/run/run_base_ref_infra-mixsan-wo-check_O2.0000
    -o SPEC-benchmark-ref.stdout -e SPEC-benchmark-ref.stderr ../run_base_ref_infra-mixsan-wo-check_O2.0000/povray_base.infra-mixsan-wo-check_O2 SPEC-benchmark-ref.ini
Specinvoke: /media/hahafish/Data/ForUbuntu/speccpu2006/bin/specinvoke -d /media/hahafish/Data/ForUbuntu/speccpu2006/benchspec/CPU2006/453.povray/run/run_base_ref_infra-mixsan-wo-check_O2.0000 -e speccmds.err -o speccmds.stdout -f speccmds.cmd -C
Issuing command '/media/hahafish/Data/ForUbuntu/speccpu2006/bin/specinvoke -d /media/hahafish/Data/ForUbuntu/speccpu2006/benchspec/CPU2006/453.povray/run/run_base_ref_infra-mixsan-wo-check_O2.0000 -e speccmds.err -o speccmds.stdout -f speccmds.cmd -C'
Start command: Wed Jul  1 07:15:34 2026 (1782861334)
Stop command: Wed Jul  1 07:16:24 2026 (1782861384)
Elapsed time for command: 00:00:50 (50)
Workload elapsed time (0:1) = 41.232079 seconds
copy 0 finished @ Wed Jul  1 07:16:16 2026.  Total elapsed time: 41.232079
comparing files in '/media/hahafish/Data/ForUbuntu/speccpu2006/benchspec/CPU2006/453.povray/run/run_base_ref_infra-mixsan-wo-check_O2.0000'
comparing 'SPEC-benchmark.log' with abstol=0, binary=, calctol=0, cw=, floatcompare=, ignorecase=, obiwan=, reltol=5e-05, skipabstol=, skipobiwan=, skipreltol=, skiptol=
comparing 'SPEC-benchmark.tga' with abstol=0, binary=1, calctol=0, cw=, floatcompare=, ignorecase=, obiwan=, reltol=5e-05, skipabstol=, skipobiwan=, skipreltol=, skiptol=50
Specinvoke: /media/hahafish/Data/ForUbuntu/speccpu2006/bin/specinvoke -E -d /media/hahafish/Data/ForUbuntu/speccpu2006/benchspec/CPU2006/453.povray/run/run_base_ref_infra-mixsan-wo-check_O2.0000 -c 1 -e compare.err -o compare.stdout -f compare.cmd
Issuing command '/media/hahafish/Data/ForUbuntu/speccpu2006/bin/specinvoke -E -d /media/hahafish/Data/ForUbuntu/speccpu2006/benchspec/CPU2006/453.povray/run/run_base_ref_infra-mixsan-wo-check_O2.0000 -c 1 -e compare.err -o compare.stdout -f compare.cmd'
Start command: Wed Jul  1 07:16:24 2026 (1782861384)
Stop command: Wed Jul  1 07:16:29 2026 (1782861389)
Elapsed time for command: 00:00:05 (5)
Benchmark Times:
  Start:    Wed Jul  1 07:15:34 2026 (1782861334)
  Stop:     Wed Jul  1 07:16:24 2026 (1782861384)
  Elapsed:  00:00:50 (50)
  Reported: 41 232117000 41.232117
 Success 453.povray base ref ratio=129.03, runtime=41.232117

-----------------------------------
  Running (#2) 456.hmmer ref base infra-mixsan-wo-check_O2 default
Commands to run: 
    -C /home/hahafish/speccpu2006/benchspec/CPU2006/456.hmmer/run/run_base_ref_infra-mixsan-wo-check_O2.0002
    -o nph3.out -e nph3.err ../run_base_ref_infra-mixsan-wo-check_O2.0002/hmmer_base.infra-mixsan-wo-check_O2 nph3.hmm swiss41
    -o retro.out -e retro.err ../run_base_ref_infra-mixsan-wo-check_O2.0002/hmmer_base.infra-mixsan-wo-check_O2 --fixed 0 --mean 500 --num 500000 --sd 350 --seed 0 retro.hmm
Specinvoke: /media/hahafish/Data/ForUbuntu/speccpu2006/bin/specinvoke -d /home/hahafish/speccpu2006/benchspec/CPU2006/456.hmmer/run/run_base_ref_infra-mixsan-wo-check_O2.0002 -e speccmds.err -o speccmds.stdout -f speccmds.cmd -C
Issuing command '/media/hahafish/Data/ForUbuntu/speccpu2006/bin/specinvoke -d /home/hahafish/speccpu2006/benchspec/CPU2006/456.hmmer/run/run_base_ref_infra-mixsan-wo-check_O2.0002 -e speccmds.err -o speccmds.stdout -f speccmds.cmd -C'
Start command: Wed Jul  1 07:16:29 2026 (1782861389)
Stop command: Wed Jul  1 07:18:31 2026 (1782861511)
Elapsed time for command: 00:02:02 (122)
Workload elapsed time (0:1) = 35.875962 seconds
Workload elapsed time (0:2) = 77.833542 seconds
copy 0 finished @ Wed Jul  1 07:18:23 2026.  Total elapsed time: 113.709504
comparing files in '/home/hahafish/speccpu2006/benchspec/CPU2006/456.hmmer/run/run_base_ref_infra-mixsan-wo-check_O2.0002'
comparing 'nph3.out' with abstol=1e-05, binary=, calctol=0, cw=, floatcompare=, ignorecase=, obiwan=, reltol=0.002, skipabstol=, skipobiwan=, skipreltol=, skiptol=10
comparing 'retro.out' with abstol=1e-05, binary=, calctol=0, cw=, floatcompare=, ignorecase=, obiwan=, reltol=0.002, skipabstol=, skipobiwan=, skipreltol=, skiptol=10
Specinvoke: /media/hahafish/Data/ForUbuntu/speccpu2006/bin/specinvoke -E -d /home/hahafish/speccpu2006/benchspec/CPU2006/456.hmmer/run/run_base_ref_infra-mixsan-wo-check_O2.0002 -c 1 -e compare.err -o compare.stdout -f compare.cmd
Issuing command '/media/hahafish/Data/ForUbuntu/speccpu2006/bin/specinvoke -E -d /home/hahafish/speccpu2006/benchspec/CPU2006/456.hmmer/run/run_base_ref_infra-mixsan-wo-check_O2.0002 -c 1 -e compare.err -o compare.stdout -f compare.cmd'
Start command: Wed Jul  1 07:18:31 2026 (1782861511)
Stop command: Wed Jul  1 07:18:33 2026 (1782861513)
Elapsed time for command: 00:00:02 (2)
Benchmark Times:
  Start:    Wed Jul  1 07:16:29 2026 (1782861389)
  Stop:     Wed Jul  1 07:18:31 2026 (1782861511)
  Elapsed:  00:02:02 (122)
  Reported: 113 709545000 113.709545
 Success 456.hmmer base ref ratio=82.05, runtime=113.709545

-----------------------------------
  Running (#2) 458.sjeng ref base infra-mixsan-wo-check_O2 default
Commands to run: 
    -C /media/hahafish/Data/ForUbuntu/speccpu2006/benchspec/CPU2006/458.sjeng/run/run_base_ref_infra-mixsan-wo-check_O2.0000
    -o ref.out -e ref.err ../run_base_ref_infra-mixsan-wo-check_O2.0000/sjeng_base.infra-mixsan-wo-check_O2 ref.txt
Specinvoke: /media/hahafish/Data/ForUbuntu/speccpu2006/bin/specinvoke -d /media/hahafish/Data/ForUbuntu/speccpu2006/benchspec/CPU2006/458.sjeng/run/run_base_ref_infra-mixsan-wo-check_O2.0000 -e speccmds.err -o speccmds.stdout -f speccmds.cmd -C
Issuing command '/media/hahafish/Data/ForUbuntu/speccpu2006/bin/specinvoke -d /media/hahafish/Data/ForUbuntu/speccpu2006/benchspec/CPU2006/458.sjeng/run/run_base_ref_infra-mixsan-wo-check_O2.0000 -e speccmds.err -o speccmds.stdout -f speccmds.cmd -C'
Start command: Wed Jul  1 07:18:33 2026 (1782861513)
Stop command: Wed Jul  1 07:22:20 2026 (1782861740)
Elapsed time for command: 00:03:47 (227)
Workload elapsed time (0:1) = 219.356918 seconds
copy 0 finished @ Wed Jul  1 07:22:12 2026.  Total elapsed time: 219.356918
comparing files in '/media/hahafish/Data/ForUbuntu/speccpu2006/benchspec/CPU2006/458.sjeng/run/run_base_ref_infra-mixsan-wo-check_O2.0000'
comparing 'ref.out' with abstol=, binary=, calctol=0, cw=, floatcompare=, ignorecase=, obiwan=, reltol=, skipabstol=, skipobiwan=, skipreltol=, skiptol=
Specinvoke: /media/hahafish/Data/ForUbuntu/speccpu2006/bin/specinvoke -E -d /media/hahafish/Data/ForUbuntu/speccpu2006/benchspec/CPU2006/458.sjeng/run/run_base_ref_infra-mixsan-wo-check_O2.0000 -c 1 -e compare.err -o compare.stdout -f compare.cmd
Issuing command '/media/hahafish/Data/ForUbuntu/speccpu2006/bin/specinvoke -E -d /media/hahafish/Data/ForUbuntu/speccpu2006/benchspec/CPU2006/458.sjeng/run/run_base_ref_infra-mixsan-wo-check_O2.0000 -c 1 -e compare.err -o compare.stdout -f compare.cmd'
Start command: Wed Jul  1 07:22:20 2026 (1782861740)
Stop command: Wed Jul  1 07:22:22 2026 (1782861742)
Elapsed time for command: 00:00:02 (2)
Benchmark Times:
  Start:    Wed Jul  1 07:18:33 2026 (1782861513)
  Stop:     Wed Jul  1 07:22:20 2026 (1782861740)
  Elapsed:  00:03:47 (227)
  Reported: 219 356959000 219.356959
 Success 458.sjeng base ref ratio=55.16, runtime=219.356959

-----------------------------------
  Running (#2) 462.libquantum ref base infra-mixsan-wo-check_O2 default
Commands to run: 
    -C /home/hahafish/speccpu2006/benchspec/CPU2006/462.libquantum/run/run_base_ref_infra-mixsan-wo-check_O2.0002
    -o ref.out -e ref.err ../run_base_ref_infra-mixsan-wo-check_O2.0002/libquantum_base.infra-mixsan-wo-check_O2 1397 8
Specinvoke: /media/hahafish/Data/ForUbuntu/speccpu2006/bin/specinvoke -d /home/hahafish/speccpu2006/benchspec/CPU2006/462.libquantum/run/run_base_ref_infra-mixsan-wo-check_O2.0002 -e speccmds.err -o speccmds.stdout -f speccmds.cmd -C
Issuing command '/media/hahafish/Data/ForUbuntu/speccpu2006/bin/specinvoke -d /home/hahafish/speccpu2006/benchspec/CPU2006/462.libquantum/run/run_base_ref_infra-mixsan-wo-check_O2.0002 -e speccmds.err -o speccmds.stdout -f speccmds.cmd -C'
Start command: Wed Jul  1 07:22:22 2026 (1782861742)
Stop command: Wed Jul  1 07:25:57 2026 (1782861957)
Elapsed time for command: 00:03:35 (215)
Workload elapsed time (0:1) = 206.8142 seconds
copy 0 finished @ Wed Jul  1 07:25:49 2026.  Total elapsed time: 206.8142
comparing files in '/home/hahafish/speccpu2006/benchspec/CPU2006/462.libquantum/run/run_base_ref_infra-mixsan-wo-check_O2.0002'
comparing 'ref.out' with abstol=, binary=, calctol=0, cw=, floatcompare=, ignorecase=, obiwan=1, reltol=, skipabstol=, skipobiwan=, skipreltol=, skiptol=
Specinvoke: /media/hahafish/Data/ForUbuntu/speccpu2006/bin/specinvoke -E -d /home/hahafish/speccpu2006/benchspec/CPU2006/462.libquantum/run/run_base_ref_infra-mixsan-wo-check_O2.0002 -c 1 -e compare.err -o compare.stdout -f compare.cmd
Issuing command '/media/hahafish/Data/ForUbuntu/speccpu2006/bin/specinvoke -E -d /home/hahafish/speccpu2006/benchspec/CPU2006/462.libquantum/run/run_base_ref_infra-mixsan-wo-check_O2.0002 -c 1 -e compare.err -o compare.stdout -f compare.cmd'
Start command: Wed Jul  1 07:25:57 2026 (1782861957)
Stop command: Wed Jul  1 07:25:59 2026 (1782861959)
Elapsed time for command: 00:00:02 (2)
Benchmark Times:
  Start:    Wed Jul  1 07:22:22 2026 (1782861742)
  Stop:     Wed Jul  1 07:25:57 2026 (1782861957)
  Elapsed:  00:03:35 (215)
  Reported: 206 814241000 206.814241
 Success 462.libquantum base ref ratio=100.19, runtime=206.814241

-----------------------------------
  Running (#2) 464.h264ref ref base infra-mixsan-wo-check_O2 default
Commands to run: 
    -C /media/hahafish/Data/ForUbuntu/speccpu2006/benchspec/CPU2006/464.h264ref/run/run_base_ref_infra-mixsan-wo-check_O2.0000
    -o foreman_ref_baseline_encodelog.out -e foreman_ref_baseline_encodelog.err ../run_base_ref_infra-mixsan-wo-check_O2.0000/h264ref_base.infra-mixsan-wo-check_O2 -d foreman_ref_encoder_baseline.cfg
    -o foreman_ref_main_encodelog.out -e foreman_ref_main_encodelog.err ../run_base_ref_infra-mixsan-wo-check_O2.0000/h264ref_base.infra-mixsan-wo-check_O2 -d foreman_ref_encoder_main.cfg
    -o sss_main_encodelog.out -e sss_main_encodelog.err ../run_base_ref_infra-mixsan-wo-check_O2.0000/h264ref_base.infra-mixsan-wo-check_O2 -d sss_encoder_main.cfg
Specinvoke: /media/hahafish/Data/ForUbuntu/speccpu2006/bin/specinvoke -d /media/hahafish/Data/ForUbuntu/speccpu2006/benchspec/CPU2006/464.h264ref/run/run_base_ref_infra-mixsan-wo-check_O2.0000 -e speccmds.err -o speccmds.stdout -f speccmds.cmd -C
Issuing command '/media/hahafish/Data/ForUbuntu/speccpu2006/bin/specinvoke -d /media/hahafish/Data/ForUbuntu/speccpu2006/benchspec/CPU2006/464.h264ref/run/run_base_ref_infra-mixsan-wo-check_O2.0000 -e speccmds.err -o speccmds.stdout -f speccmds.cmd -C'
Start command: Wed Jul  1 07:25:59 2026 (1782861959)
Stop command: Wed Jul  1 07:28:44 2026 (1782862124)
Elapsed time for command: 00:02:45 (165)
Workload elapsed time (0:1) = 21.591329 seconds
Workload elapsed time (0:2) = 14.238142 seconds
Workload elapsed time (0:3) = 120.778315 seconds
copy 0 finished @ Wed Jul  1 07:28:36 2026.  Total elapsed time: 156.607786
comparing files in '/media/hahafish/Data/ForUbuntu/speccpu2006/benchspec/CPU2006/464.h264ref/run/run_base_ref_infra-mixsan-wo-check_O2.0000'
comparing 'foreman_ref_baseline_encodelog.out' with abstol=, binary=, calctol=0, cw=1, floatcompare=1, ignorecase=, obiwan=, reltol=, skipabstol=, skipobiwan=, skipreltol=, skiptol=
comparing 'foreman_ref_baseline_leakybucketparam.cfg' with abstol=, binary=1, calctol=0, cw=1, floatcompare=1, ignorecase=, obiwan=, reltol=, skipabstol=, skipobiwan=, skipreltol=, skiptol=
comparing 'foreman_ref_main_encodelog.out' with abstol=, binary=, calctol=0, cw=1, floatcompare=1, ignorecase=, obiwan=, reltol=, skipabstol=, skipobiwan=, skipreltol=, skiptol=
comparing 'foreman_ref_main_leakybucketparam.cfg' with abstol=, binary=1, calctol=0, cw=1, floatcompare=1, ignorecase=, obiwan=, reltol=, skipabstol=, skipobiwan=, skipreltol=, skiptol=
comparing 'sss_main_encodelog.out' with abstol=, binary=, calctol=0, cw=1, floatcompare=1, ignorecase=, obiwan=, reltol=, skipabstol=, skipobiwan=, skipreltol=, skiptol=
comparing 'sss_main_leakybucketparam.cfg' with abstol=, binary=1, calctol=0, cw=1, floatcompare=1, ignorecase=, obiwan=, reltol=, skipabstol=, skipobiwan=, skipreltol=, skiptol=
Specinvoke: /media/hahafish/Data/ForUbuntu/speccpu2006/bin/specinvoke -E -d /media/hahafish/Data/ForUbuntu/speccpu2006/benchspec/CPU2006/464.h264ref/run/run_base_ref_infra-mixsan-wo-check_O2.0000 -c 1 -e compare.err -o compare.stdout -f compare.cmd
Issuing command '/media/hahafish/Data/ForUbuntu/speccpu2006/bin/specinvoke -E -d /media/hahafish/Data/ForUbuntu/speccpu2006/benchspec/CPU2006/464.h264ref/run/run_base_ref_infra-mixsan-wo-check_O2.0000 -c 1 -e compare.err -o compare.stdout -f compare.cmd'
Start command: Wed Jul  1 07:28:44 2026 (1782862124)
Stop command: Wed Jul  1 07:28:46 2026 (1782862126)
Elapsed time for command: 00:00:02 (2)
Benchmark Times:
  Start:    Wed Jul  1 07:25:59 2026 (1782861959)
  Stop:     Wed Jul  1 07:28:44 2026 (1782862124)
  Elapsed:  00:02:45 (165)
  Reported: 156 607836000 156.607836
 Success 464.h264ref base ref ratio=141.31, runtime=156.607836

-----------------------------------
  Running (#2) 470.lbm ref base infra-mixsan-wo-check_O2 default
Commands to run: 
    -C /media/hahafish/Data/ForUbuntu/speccpu2006/benchspec/CPU2006/470.lbm/run/run_base_ref_infra-mixsan-wo-check_O2.0000
    -o lbm.out -e lbm.err ../run_base_ref_infra-mixsan-wo-check_O2.0000/lbm_base.infra-mixsan-wo-check_O2 3000 reference.dat 0 0 100_100_130_ldc.of
Specinvoke: /media/hahafish/Data/ForUbuntu/speccpu2006/bin/specinvoke -d /media/hahafish/Data/ForUbuntu/speccpu2006/benchspec/CPU2006/470.lbm/run/run_base_ref_infra-mixsan-wo-check_O2.0000 -e speccmds.err -o speccmds.stdout -f speccmds.cmd -C
Issuing command '/media/hahafish/Data/ForUbuntu/speccpu2006/bin/specinvoke -d /media/hahafish/Data/ForUbuntu/speccpu2006/benchspec/CPU2006/470.lbm/run/run_base_ref_infra-mixsan-wo-check_O2.0000 -e speccmds.err -o speccmds.stdout -f speccmds.cmd -C'
Start command: Wed Jul  1 07:28:46 2026 (1782862126)
Stop command: Wed Jul  1 07:30:34 2026 (1782862234)
Elapsed time for command: 00:01:48 (108)
Workload elapsed time (0:1) = 99.465962 seconds
copy 0 finished @ Wed Jul  1 07:30:26 2026.  Total elapsed time: 99.465962
comparing files in '/media/hahafish/Data/ForUbuntu/speccpu2006/benchspec/CPU2006/470.lbm/run/run_base_ref_infra-mixsan-wo-check_O2.0000'
comparing 'lbm.out' with abstol=1e-07, binary=, calctol=0, cw=, floatcompare=, ignorecase=, obiwan=, reltol=, skipabstol=, skipobiwan=, skipreltol=, skiptol=
Specinvoke: /media/hahafish/Data/ForUbuntu/speccpu2006/bin/specinvoke -E -d /media/hahafish/Data/ForUbuntu/speccpu2006/benchspec/CPU2006/470.lbm/run/run_base_ref_infra-mixsan-wo-check_O2.0000 -c 1 -e compare.err -o compare.stdout -f compare.cmd
Issuing command '/media/hahafish/Data/ForUbuntu/speccpu2006/bin/specinvoke -E -d /media/hahafish/Data/ForUbuntu/speccpu2006/benchspec/CPU2006/470.lbm/run/run_base_ref_infra-mixsan-wo-check_O2.0000 -c 1 -e compare.err -o compare.stdout -f compare.cmd'
Start command: Wed Jul  1 07:30:34 2026 (1782862234)
Stop command: Wed Jul  1 07:30:36 2026 (1782862236)
Elapsed time for command: 00:00:02 (2)
Benchmark Times:
  Start:    Wed Jul  1 07:28:46 2026 (1782862126)
  Stop:     Wed Jul  1 07:30:34 2026 (1782862234)
  Elapsed:  00:01:48 (108)
  Reported: 99 466004000 99.466004
 Success 470.lbm base ref ratio=138.14, runtime=99.466004

-----------------------------------
  Running (#2) 471.omnetpp ref base infra-mixsan-wo-check_O2 default
Commands to run: 
    -C /media/hahafish/Data/ForUbuntu/speccpu2006/benchspec/CPU2006/471.omnetpp/run/run_base_ref_infra-mixsan-wo-check_O2.0000
    -o omnetpp.log -e omnetpp.err ../run_base_ref_infra-mixsan-wo-check_O2.0000/omnetpp_base.infra-mixsan-wo-check_O2 omnetpp.ini
Specinvoke: /media/hahafish/Data/ForUbuntu/speccpu2006/bin/specinvoke -d /media/hahafish/Data/ForUbuntu/speccpu2006/benchspec/CPU2006/471.omnetpp/run/run_base_ref_infra-mixsan-wo-check_O2.0000 -e speccmds.err -o speccmds.stdout -f speccmds.cmd -C
Issuing command '/media/hahafish/Data/ForUbuntu/speccpu2006/bin/specinvoke -d /media/hahafish/Data/ForUbuntu/speccpu2006/benchspec/CPU2006/471.omnetpp/run/run_base_ref_infra-mixsan-wo-check_O2.0000 -e speccmds.err -o speccmds.stdout -f speccmds.cmd -C'
Start command: Wed Jul  1 07:30:36 2026 (1782862236)
Stop command: Wed Jul  1 07:33:32 2026 (1782862412)
Elapsed time for command: 00:02:56 (176)
Workload elapsed time (0:1) = 168.134433 seconds
copy 0 finished @ Wed Jul  1 07:33:24 2026.  Total elapsed time: 168.134433
comparing files in '/media/hahafish/Data/ForUbuntu/speccpu2006/benchspec/CPU2006/471.omnetpp/run/run_base_ref_infra-mixsan-wo-check_O2.0000'
comparing 'omnetpp.log' with abstol=1e-06, binary=, calctol=0, cw=, floatcompare=, ignorecase=, obiwan=, reltol=1e-05, skipabstol=, skipobiwan=, skipreltol=, skiptol=
comparing 'omnetpp.sca' with abstol=1e-06, binary=, calctol=0, cw=, floatcompare=, ignorecase=, obiwan=, reltol=1e-05, skipabstol=, skipobiwan=, skipreltol=, skiptol=
Specinvoke: /media/hahafish/Data/ForUbuntu/speccpu2006/bin/specinvoke -E -d /media/hahafish/Data/ForUbuntu/speccpu2006/benchspec/CPU2006/471.omnetpp/run/run_base_ref_infra-mixsan-wo-check_O2.0000 -c 1 -e compare.err -o compare.stdout -f compare.cmd
Issuing command '/media/hahafish/Data/ForUbuntu/speccpu2006/bin/specinvoke -E -d /media/hahafish/Data/ForUbuntu/speccpu2006/benchspec/CPU2006/471.omnetpp/run/run_base_ref_infra-mixsan-wo-check_O2.0000 -c 1 -e compare.err -o compare.stdout -f compare.cmd'
Start command: Wed Jul  1 07:33:32 2026 (1782862412)
Stop command: Wed Jul  1 07:33:34 2026 (1782862414)
Elapsed time for command: 00:00:02 (2)
Benchmark Times:
  Start:    Wed Jul  1 07:30:36 2026 (1782862236)
  Stop:     Wed Jul  1 07:33:32 2026 (1782862412)
  Elapsed:  00:02:56 (176)
  Reported: 168 134476000 168.134476
 Success 471.omnetpp base ref ratio=37.17, runtime=168.134476

-----------------------------------
  Running (#2) 473.astar ref base infra-mixsan-wo-check_O2 default
Commands to run: 
    -C /home/hahafish/speccpu2006/benchspec/CPU2006/473.astar/run/run_base_ref_infra-mixsan-wo-check_O2.0002
    -o BigLakes2048.out -e BigLakes2048.err ../run_base_ref_infra-mixsan-wo-check_O2.0002/astar_base.infra-mixsan-wo-check_O2 BigLakes2048.cfg
    -o rivers.out -e rivers.err ../run_base_ref_infra-mixsan-wo-check_O2.0002/astar_base.infra-mixsan-wo-check_O2 rivers.cfg
Specinvoke: /media/hahafish/Data/ForUbuntu/speccpu2006/bin/specinvoke -d /home/hahafish/speccpu2006/benchspec/CPU2006/473.astar/run/run_base_ref_infra-mixsan-wo-check_O2.0002 -e speccmds.err -o speccmds.stdout -f speccmds.cmd -C
Issuing command '/media/hahafish/Data/ForUbuntu/speccpu2006/bin/specinvoke -d /home/hahafish/speccpu2006/benchspec/CPU2006/473.astar/run/run_base_ref_infra-mixsan-wo-check_O2.0002 -e speccmds.err -o speccmds.stdout -f speccmds.cmd -C'
Start command: Wed Jul  1 07:33:34 2026 (1782862414)
Stop command: Wed Jul  1 07:36:36 2026 (1782862596)
Elapsed time for command: 00:03:02 (182)
Workload elapsed time (0:1) = 63.361406 seconds
Workload elapsed time (0:2) = 110.902669 seconds
copy 0 finished @ Wed Jul  1 07:36:28 2026.  Total elapsed time: 174.264075
comparing files in '/home/hahafish/speccpu2006/benchspec/CPU2006/473.astar/run/run_base_ref_infra-mixsan-wo-check_O2.0002'
comparing 'BigLakes2048.out' with abstol=, binary=, calctol=0, cw=, floatcompare=, ignorecase=, obiwan=, reltol=0.001, skipabstol=, skipobiwan=, skipreltol=, skiptol=
comparing 'rivers.out' with abstol=, binary=, calctol=0, cw=, floatcompare=, ignorecase=, obiwan=, reltol=0.001, skipabstol=, skipobiwan=, skipreltol=, skiptol=
Specinvoke: /media/hahafish/Data/ForUbuntu/speccpu2006/bin/specinvoke -E -d /home/hahafish/speccpu2006/benchspec/CPU2006/473.astar/run/run_base_ref_infra-mixsan-wo-check_O2.0002 -c 1 -e compare.err -o compare.stdout -f compare.cmd
Issuing command '/media/hahafish/Data/ForUbuntu/speccpu2006/bin/specinvoke -E -d /home/hahafish/speccpu2006/benchspec/CPU2006/473.astar/run/run_base_ref_infra-mixsan-wo-check_O2.0002 -c 1 -e compare.err -o compare.stdout -f compare.cmd'
Start command: Wed Jul  1 07:36:36 2026 (1782862596)
Stop command: Wed Jul  1 07:36:38 2026 (1782862598)
Elapsed time for command: 00:00:02 (2)
Benchmark Times:
  Start:    Wed Jul  1 07:33:34 2026 (1782862414)
  Stop:     Wed Jul  1 07:36:36 2026 (1782862596)
  Elapsed:  00:03:02 (182)
  Reported: 174 264127000 174.264127
 Success 473.astar base ref ratio=40.28, runtime=174.264127

-----------------------------------
  Running (#2) 482.sphinx3 ref base infra-mixsan-wo-check_O2 default
Commands to run: 
    -C /home/hahafish/speccpu2006/benchspec/CPU2006/482.sphinx3/run/run_base_ref_infra-mixsan-wo-check_O2.0002
    -o an4.log -e an4.err ../run_base_ref_infra-mixsan-wo-check_O2.0002/sphinx_livepretend_base.infra-mixsan-wo-check_O2 ctlfile . args.an4
Specinvoke: /media/hahafish/Data/ForUbuntu/speccpu2006/bin/specinvoke -d /home/hahafish/speccpu2006/benchspec/CPU2006/482.sphinx3/run/run_base_ref_infra-mixsan-wo-check_O2.0002 -e speccmds.err -o speccmds.stdout -f speccmds.cmd -C
Issuing command '/media/hahafish/Data/ForUbuntu/speccpu2006/bin/specinvoke -d /home/hahafish/speccpu2006/benchspec/CPU2006/482.sphinx3/run/run_base_ref_infra-mixsan-wo-check_O2.0002 -e speccmds.err -o speccmds.stdout -f speccmds.cmd -C'
Start command: Wed Jul  1 07:36:38 2026 (1782862598)
Stop command: Wed Jul  1 07:39:21 2026 (1782862761)
Elapsed time for command: 00:02:43 (163)
Workload elapsed time (0:1) = 154.431661 seconds
copy 0 finished @ Wed Jul  1 07:39:13 2026.  Total elapsed time: 154.431661
comparing files in '/home/hahafish/speccpu2006/benchspec/CPU2006/482.sphinx3/run/run_base_ref_infra-mixsan-wo-check_O2.0002'
comparing 'an4.log' with abstol=, binary=, calctol=0, cw=, floatcompare=1, ignorecase=, obiwan=, reltol=0.001, skipabstol=, skipobiwan=, skipreltol=, skiptol=
comparing 'considered.out' with abstol=, binary=, calctol=0, cw=, floatcompare=1, ignorecase=, obiwan=, reltol=0.0004, skipabstol=, skipobiwan=, skipreltol=, skiptol=
comparing 'total_considered.out' with abstol=, binary=, calctol=0, cw=, floatcompare=1, ignorecase=, obiwan=, reltol=1e-06, skipabstol=, skipobiwan=, skipreltol=, skiptol=
Specinvoke: /media/hahafish/Data/ForUbuntu/speccpu2006/bin/specinvoke -E -d /home/hahafish/speccpu2006/benchspec/CPU2006/482.sphinx3/run/run_base_ref_infra-mixsan-wo-check_O2.0002 -c 1 -e compare.err -o compare.stdout -f compare.cmd
Issuing command '/media/hahafish/Data/ForUbuntu/speccpu2006/bin/specinvoke -E -d /home/hahafish/speccpu2006/benchspec/CPU2006/482.sphinx3/run/run_base_ref_infra-mixsan-wo-check_O2.0002 -c 1 -e compare.err -o compare.stdout -f compare.cmd'
Start command: Wed Jul  1 07:39:21 2026 (1782862761)
Stop command: Wed Jul  1 07:39:23 2026 (1782862763)
Elapsed time for command: 00:00:02 (2)
Benchmark Times:
  Start:    Wed Jul  1 07:36:38 2026 (1782862598)
  Stop:     Wed Jul  1 07:39:21 2026 (1782862761)
  Elapsed:  00:02:43 (163)
  Reported: 154 431699000 154.431699
 Success 482.sphinx3 base ref ratio=126.20, runtime=154.431699

-----------------------------------
  Running (#2) 483.xalancbmk ref base infra-mixsan-wo-check_O2 default
Commands to run: 
    -C /media/hahafish/Data/ForUbuntu/speccpu2006/benchspec/CPU2006/483.xalancbmk/run/run_base_ref_infra-mixsan-wo-check_O2.0000
    -o ref.out -e ref.err ../run_base_ref_infra-mixsan-wo-check_O2.0000/Xalan_base.infra-mixsan-wo-check_O2 -v t5.xml xalanc.xsl
Specinvoke: /media/hahafish/Data/ForUbuntu/speccpu2006/bin/specinvoke -d /media/hahafish/Data/ForUbuntu/speccpu2006/benchspec/CPU2006/483.xalancbmk/run/run_base_ref_infra-mixsan-wo-check_O2.0000 -e speccmds.err -o speccmds.stdout -f speccmds.cmd -C
Issuing command '/media/hahafish/Data/ForUbuntu/speccpu2006/bin/specinvoke -d /media/hahafish/Data/ForUbuntu/speccpu2006/benchspec/CPU2006/483.xalancbmk/run/run_base_ref_infra-mixsan-wo-check_O2.0000 -e speccmds.err -o speccmds.stdout -f speccmds.cmd -C'
Start command: Wed Jul  1 07:39:23 2026 (1782862763)
Stop command: Wed Jul  1 07:40:23 2026 (1782862823)
Elapsed time for command: 00:01:00 (60)
Workload elapsed time (0:1) = 51.641089 seconds
copy 0 finished @ Wed Jul  1 07:40:15 2026.  Total elapsed time: 51.641089
comparing files in '/media/hahafish/Data/ForUbuntu/speccpu2006/benchspec/CPU2006/483.xalancbmk/run/run_base_ref_infra-mixsan-wo-check_O2.0000'
comparing 'ref.out' with abstol=, binary=, calctol=0, cw=, floatcompare=, ignorecase=, obiwan=, reltol=, skipabstol=, skipobiwan=, skipreltol=, skiptol=
Specinvoke: /media/hahafish/Data/ForUbuntu/speccpu2006/bin/specinvoke -E -d /media/hahafish/Data/ForUbuntu/speccpu2006/benchspec/CPU2006/483.xalancbmk/run/run_base_ref_infra-mixsan-wo-check_O2.0000 -c 1 -e compare.err -o compare.stdout -f compare.cmd
Issuing command '/media/hahafish/Data/ForUbuntu/speccpu2006/bin/specinvoke -E -d /media/hahafish/Data/ForUbuntu/speccpu2006/benchspec/CPU2006/483.xalancbmk/run/run_base_ref_infra-mixsan-wo-check_O2.0000 -c 1 -e compare.err -o compare.stdout -f compare.cmd'
Start command: Wed Jul  1 07:40:23 2026 (1782862823)
Stop command: Wed Jul  1 07:40:25 2026 (1782862825)
Elapsed time for command: 00:00:02 (2)
Benchmark Times:
  Start:    Wed Jul  1 07:39:23 2026 (1782862763)
  Stop:     Wed Jul  1 07:40:23 2026 (1782862823)
  Elapsed:  00:01:00 (60)
  Reported: 51 641135000 51.641135
 Success 483.xalancbmk base ref ratio=133.61, runtime=51.641135

-----------------------------------
  Running (#3) 400.perlbench ref base infra-mixsan-wo-check_O2 default
Commands to run: 
    -C /media/hahafish/Data/ForUbuntu/speccpu2006/benchspec/CPU2006/400.perlbench/run/run_base_ref_infra-mixsan-wo-check_O2.0000
    -o checkspam.2500.5.25.11.150.1.1.1.1.out -e checkspam.2500.5.25.11.150.1.1.1.1.err ../run_base_ref_infra-mixsan-wo-check_O2.0000/perlbench_base.infra-mixsan-wo-check_O2 -I./lib checkspam.pl 2500 5 25 11 150 1 1 1 1
    -o diffmail.4.800.10.17.19.300.out -e diffmail.4.800.10.17.19.300.err ../run_base_ref_infra-mixsan-wo-check_O2.0000/perlbench_base.infra-mixsan-wo-check_O2 -I./lib diffmail.pl 4 800 10 17 19 300
    -o splitmail.1600.12.26.16.4500.out -e splitmail.1600.12.26.16.4500.err ../run_base_ref_infra-mixsan-wo-check_O2.0000/perlbench_base.infra-mixsan-wo-check_O2 -I./lib splitmail.pl 1600 12 26 16 4500
Specinvoke: /media/hahafish/Data/ForUbuntu/speccpu2006/bin/specinvoke -d /media/hahafish/Data/ForUbuntu/speccpu2006/benchspec/CPU2006/400.perlbench/run/run_base_ref_infra-mixsan-wo-check_O2.0000 -e speccmds.err -o speccmds.stdout -f speccmds.cmd -C
Issuing command '/media/hahafish/Data/ForUbuntu/speccpu2006/bin/specinvoke -d /media/hahafish/Data/ForUbuntu/speccpu2006/benchspec/CPU2006/400.perlbench/run/run_base_ref_infra-mixsan-wo-check_O2.0000 -e speccmds.err -o speccmds.stdout -f speccmds.cmd -C'
Start command: Wed Jul  1 07:40:25 2026 (1782862825)
Stop command: Wed Jul  1 07:42:43 2026 (1782862963)
Elapsed time for command: 00:02:18 (138)
Workload elapsed time (0:1) = 57.516719 seconds
Workload elapsed time (0:2) = 37.394265 seconds
Workload elapsed time (0:3) = 34.758423 seconds
copy 0 finished @ Wed Jul  1 07:42:35 2026.  Total elapsed time: 129.669407
comparing files in '/media/hahafish/Data/ForUbuntu/speccpu2006/benchspec/CPU2006/400.perlbench/run/run_base_ref_infra-mixsan-wo-check_O2.0000'
comparing 'checkspam.2500.5.25.11.150.1.1.1.1.out' with abstol=, binary=, calctol=0, cw=, floatcompare=, ignorecase=, obiwan=, reltol=, skipabstol=, skipobiwan=, skipreltol=, skiptol=
comparing 'diffmail.4.800.10.17.19.300.out' with abstol=, binary=, calctol=0, cw=, floatcompare=, ignorecase=, obiwan=, reltol=, skipabstol=, skipobiwan=, skipreltol=, skiptol=
comparing 'splitmail.1600.12.26.16.4500.out' with abstol=, binary=, calctol=0, cw=, floatcompare=, ignorecase=, obiwan=, reltol=, skipabstol=, skipobiwan=, skipreltol=, skiptol=
Specinvoke: /media/hahafish/Data/ForUbuntu/speccpu2006/bin/specinvoke -E -d /media/hahafish/Data/ForUbuntu/speccpu2006/benchspec/CPU2006/400.perlbench/run/run_base_ref_infra-mixsan-wo-check_O2.0000 -c 1 -e compare.err -o compare.stdout -f compare.cmd
Issuing command '/media/hahafish/Data/ForUbuntu/speccpu2006/bin/specinvoke -E -d /media/hahafish/Data/ForUbuntu/speccpu2006/benchspec/CPU2006/400.perlbench/run/run_base_ref_infra-mixsan-wo-check_O2.0000 -c 1 -e compare.err -o compare.stdout -f compare.cmd'
Start command: Wed Jul  1 07:42:43 2026 (1782862963)
Stop command: Wed Jul  1 07:42:45 2026 (1782862965)
Elapsed time for command: 00:00:02 (2)
Benchmark Times:
  Start:    Wed Jul  1 07:40:25 2026 (1782862825)
  Stop:     Wed Jul  1 07:42:43 2026 (1782862963)
  Elapsed:  00:02:18 (138)
  Reported: 129 669472000 129.669472
 Success 400.perlbench base ref ratio=75.35, runtime=129.669472

-----------------------------------
  Running (#3) 401.bzip2 ref base infra-mixsan-wo-check_O2 default
Commands to run: 
    -C /media/hahafish/Data/ForUbuntu/speccpu2006/benchspec/CPU2006/401.bzip2/run/run_base_ref_infra-mixsan-wo-check_O2.0000
    -o input.source.out -e input.source.err ../run_base_ref_infra-mixsan-wo-check_O2.0000/bzip2_base.infra-mixsan-wo-check_O2 input.source 280
    -o chicken.jpg.out -e chicken.jpg.err ../run_base_ref_infra-mixsan-wo-check_O2.0000/bzip2_base.infra-mixsan-wo-check_O2 chicken.jpg 30
    -o liberty.jpg.out -e liberty.jpg.err ../run_base_ref_infra-mixsan-wo-check_O2.0000/bzip2_base.infra-mixsan-wo-check_O2 liberty.jpg 30
    -o input.program.out -e input.program.err ../run_base_ref_infra-mixsan-wo-check_O2.0000/bzip2_base.infra-mixsan-wo-check_O2 input.program 280
    -o text.html.out -e text.html.err ../run_base_ref_infra-mixsan-wo-check_O2.0000/bzip2_base.infra-mixsan-wo-check_O2 text.html 280
    -o input.combined.out -e input.combined.err ../run_base_ref_infra-mixsan-wo-check_O2.0000/bzip2_base.infra-mixsan-wo-check_O2 input.combined 200
Specinvoke: /media/hahafish/Data/ForUbuntu/speccpu2006/bin/specinvoke -d /media/hahafish/Data/ForUbuntu/speccpu2006/benchspec/CPU2006/401.bzip2/run/run_base_ref_infra-mixsan-wo-check_O2.0000 -e speccmds.err -o speccmds.stdout -f speccmds.cmd -C
Issuing command '/media/hahafish/Data/ForUbuntu/speccpu2006/bin/specinvoke -d /media/hahafish/Data/ForUbuntu/speccpu2006/benchspec/CPU2006/401.bzip2/run/run_base_ref_infra-mixsan-wo-check_O2.0000 -e speccmds.err -o speccmds.stdout -f speccmds.cmd -C'
Start command: Wed Jul  1 07:42:45 2026 (1782862965)
Stop command: Wed Jul  1 07:46:18 2026 (1782863178)
Elapsed time for command: 00:03:33 (213)
Workload elapsed time (0:1) = 45.321844 seconds
Workload elapsed time (0:2) = 12.874519 seconds
Workload elapsed time (0:3) = 19.748338 seconds
Workload elapsed time (0:4) = 45.39942 seconds
Workload elapsed time (0:5) = 47.44076 seconds
Workload elapsed time (0:6) = 34.637762 seconds
copy 0 finished @ Wed Jul  1 07:46:10 2026.  Total elapsed time: 205.422643
comparing files in '/media/hahafish/Data/ForUbuntu/speccpu2006/benchspec/CPU2006/401.bzip2/run/run_base_ref_infra-mixsan-wo-check_O2.0000'
comparing 'chicken.jpg.out' with abstol=, binary=, calctol=0, cw=, floatcompare=, ignorecase=, obiwan=, reltol=, skipabstol=, skipobiwan=, skipreltol=, skiptol=
comparing 'input.combined.out' with abstol=, binary=, calctol=0, cw=, floatcompare=, ignorecase=, obiwan=, reltol=, skipabstol=, skipobiwan=, skipreltol=, skiptol=
comparing 'input.program.out' with abstol=, binary=, calctol=0, cw=, floatcompare=, ignorecase=, obiwan=, reltol=, skipabstol=, skipobiwan=, skipreltol=, skiptol=
comparing 'input.source.out' with abstol=, binary=, calctol=0, cw=, floatcompare=, ignorecase=, obiwan=, reltol=, skipabstol=, skipobiwan=, skipreltol=, skiptol=
comparing 'liberty.jpg.out' with abstol=, binary=, calctol=0, cw=, floatcompare=, ignorecase=, obiwan=, reltol=, skipabstol=, skipobiwan=, skipreltol=, skiptol=
comparing 'text.html.out' with abstol=, binary=, calctol=0, cw=, floatcompare=, ignorecase=, obiwan=, reltol=, skipabstol=, skipobiwan=, skipreltol=, skiptol=
Specinvoke: /media/hahafish/Data/ForUbuntu/speccpu2006/bin/specinvoke -E -d /media/hahafish/Data/ForUbuntu/speccpu2006/benchspec/CPU2006/401.bzip2/run/run_base_ref_infra-mixsan-wo-check_O2.0000 -c 1 -e compare.err -o compare.stdout -f compare.cmd
Issuing command '/media/hahafish/Data/ForUbuntu/speccpu2006/bin/specinvoke -E -d /media/hahafish/Data/ForUbuntu/speccpu2006/benchspec/CPU2006/401.bzip2/run/run_base_ref_infra-mixsan-wo-check_O2.0000 -c 1 -e compare.err -o compare.stdout -f compare.cmd'
Start command: Wed Jul  1 07:46:18 2026 (1782863178)
Stop command: Wed Jul  1 07:46:20 2026 (1782863180)
Elapsed time for command: 00:00:02 (2)
Benchmark Times:
  Start:    Wed Jul  1 07:42:45 2026 (1782862965)
  Stop:     Wed Jul  1 07:46:18 2026 (1782863178)
  Elapsed:  00:03:33 (213)
  Reported: 205 422740000 205.42274
 Success 401.bzip2 base ref ratio=46.98, runtime=205.422740

-----------------------------------
  Running (#3) 403.gcc ref base infra-mixsan-wo-check_O2 default
Commands to run: 
    -C /media/hahafish/Data/ForUbuntu/speccpu2006/benchspec/CPU2006/403.gcc/run/run_base_ref_infra-mixsan-wo-check_O2.0000
    -o 166.out -e 166.err ../run_base_ref_infra-mixsan-wo-check_O2.0000/gcc_base.infra-mixsan-wo-check_O2 166.i -o 166.s
    -o 200.out -e 200.err ../run_base_ref_infra-mixsan-wo-check_O2.0000/gcc_base.infra-mixsan-wo-check_O2 200.i -o 200.s
    -o c-typeck.out -e c-typeck.err ../run_base_ref_infra-mixsan-wo-check_O2.0000/gcc_base.infra-mixsan-wo-check_O2 c-typeck.i -o c-typeck.s
    -o cp-decl.out -e cp-decl.err ../run_base_ref_infra-mixsan-wo-check_O2.0000/gcc_base.infra-mixsan-wo-check_O2 cp-decl.i -o cp-decl.s
    -o expr.out -e expr.err ../run_base_ref_infra-mixsan-wo-check_O2.0000/gcc_base.infra-mixsan-wo-check_O2 expr.i -o expr.s
    -o expr2.out -e expr2.err ../run_base_ref_infra-mixsan-wo-check_O2.0000/gcc_base.infra-mixsan-wo-check_O2 expr2.i -o expr2.s
    -o g23.out -e g23.err ../run_base_ref_infra-mixsan-wo-check_O2.0000/gcc_base.infra-mixsan-wo-check_O2 g23.i -o g23.s
    -o s04.out -e s04.err ../run_base_ref_infra-mixsan-wo-check_O2.0000/gcc_base.infra-mixsan-wo-check_O2 s04.i -o s04.s
    -o scilab.out -e scilab.err ../run_base_ref_infra-mixsan-wo-check_O2.0000/gcc_base.infra-mixsan-wo-check_O2 scilab.i -o scilab.s
Specinvoke: /media/hahafish/Data/ForUbuntu/speccpu2006/bin/specinvoke -d /media/hahafish/Data/ForUbuntu/speccpu2006/benchspec/CPU2006/403.gcc/run/run_base_ref_infra-mixsan-wo-check_O2.0000 -e speccmds.err -o speccmds.stdout -f speccmds.cmd -C
Issuing command '/media/hahafish/Data/ForUbuntu/speccpu2006/bin/specinvoke -d /media/hahafish/Data/ForUbuntu/speccpu2006/benchspec/CPU2006/403.gcc/run/run_base_ref_infra-mixsan-wo-check_O2.0000 -e speccmds.err -o speccmds.stdout -f speccmds.cmd -C'
Start command: Wed Jul  1 07:46:20 2026 (1782863180)
Stop command: Wed Jul  1 07:48:48 2026 (1782863328)
Elapsed time for command: 00:02:28 (148)
Workload elapsed time (0:1) = 8.78958 seconds
Workload elapsed time (0:2) = 27.857927 seconds
Workload elapsed time (0:3) = 14.908281 seconds
Workload elapsed time (0:4) = 10.305395 seconds
Workload elapsed time (0:5) = 11.637014 seconds
Workload elapsed time (0:6) = 16.420428 seconds
Workload elapsed time (0:7) = 21.865846 seconds
Workload elapsed time (0:8) = 16.602165 seconds
Workload elapsed time (0:9) = 11.075826 seconds
copy 0 finished @ Wed Jul  1 07:48:40 2026.  Total elapsed time: 139.462462
comparing files in '/media/hahafish/Data/ForUbuntu/speccpu2006/benchspec/CPU2006/403.gcc/run/run_base_ref_infra-mixsan-wo-check_O2.0000'
comparing '166.s' with abstol=, binary=, calctol=0, cw=, floatcompare=, ignorecase=, obiwan=, reltol=, skipabstol=, skipobiwan=, skipreltol=, skiptol=
comparing '200.s' with abstol=, binary=, calctol=0, cw=, floatcompare=, ignorecase=, obiwan=, reltol=, skipabstol=, skipobiwan=, skipreltol=, skiptol=
comparing 'c-typeck.s' with abstol=, binary=, calctol=0, cw=, floatcompare=, ignorecase=, obiwan=, reltol=, skipabstol=, skipobiwan=, skipreltol=, skiptol=
comparing 'cp-decl.s' with abstol=, binary=, calctol=0, cw=, floatcompare=, ignorecase=, obiwan=, reltol=, skipabstol=, skipobiwan=, skipreltol=, skiptol=
comparing 'expr.s' with abstol=, binary=, calctol=0, cw=, floatcompare=, ignorecase=, obiwan=, reltol=, skipabstol=, skipobiwan=, skipreltol=, skiptol=
comparing 'expr2.s' with abstol=, binary=, calctol=0, cw=, floatcompare=, ignorecase=, obiwan=, reltol=, skipabstol=, skipobiwan=, skipreltol=, skiptol=
comparing 'g23.s' with abstol=, binary=, calctol=0, cw=, floatcompare=, ignorecase=, obiwan=, reltol=, skipabstol=, skipobiwan=, skipreltol=, skiptol=
comparing 's04.s' with abstol=, binary=, calctol=0, cw=, floatcompare=, ignorecase=, obiwan=, reltol=, skipabstol=, skipobiwan=, skipreltol=, skiptol=
comparing 'scilab.s' with abstol=, binary=, calctol=0, cw=, floatcompare=, ignorecase=, obiwan=, reltol=, skipabstol=, skipobiwan=, skipreltol=, skiptol=
Specinvoke: /media/hahafish/Data/ForUbuntu/speccpu2006/bin/specinvoke -E -d /media/hahafish/Data/ForUbuntu/speccpu2006/benchspec/CPU2006/403.gcc/run/run_base_ref_infra-mixsan-wo-check_O2.0000 -c 1 -e compare.err -o compare.stdout -f compare.cmd
Issuing command '/media/hahafish/Data/ForUbuntu/speccpu2006/bin/specinvoke -E -d /media/hahafish/Data/ForUbuntu/speccpu2006/benchspec/CPU2006/403.gcc/run/run_base_ref_infra-mixsan-wo-check_O2.0000 -c 1 -e compare.err -o compare.stdout -f compare.cmd'
Start command: Wed Jul  1 07:48:48 2026 (1782863328)
Stop command: Wed Jul  1 07:48:50 2026 (1782863330)
Elapsed time for command: 00:00:02 (2)
Benchmark Times:
  Start:    Wed Jul  1 07:46:20 2026 (1782863180)
  Stop:     Wed Jul  1 07:48:48 2026 (1782863328)
  Elapsed:  00:02:28 (148)
  Reported: 139 462587000 139.462587
 Success 403.gcc base ref ratio=57.72, runtime=139.462587

-----------------------------------
  Running (#3) 429.mcf ref base infra-mixsan-wo-check_O2 default
Commands to run: 
    -C /home/hahafish/speccpu2006/benchspec/CPU2006/429.mcf/run/run_base_ref_infra-mixsan-wo-check_O2.0003
    -o inp.out -e inp.err ../run_base_ref_infra-mixsan-wo-check_O2.0003/mcf_base.infra-mixsan-wo-check_O2 inp.in
Specinvoke: /media/hahafish/Data/ForUbuntu/speccpu2006/bin/specinvoke -d /home/hahafish/speccpu2006/benchspec/CPU2006/429.mcf/run/run_base_ref_infra-mixsan-wo-check_O2.0003 -e speccmds.err -o speccmds.stdout -f speccmds.cmd -C
Issuing command '/media/hahafish/Data/ForUbuntu/speccpu2006/bin/specinvoke -d /home/hahafish/speccpu2006/benchspec/CPU2006/429.mcf/run/run_base_ref_infra-mixsan-wo-check_O2.0003 -e speccmds.err -o speccmds.stdout -f speccmds.cmd -C'
Start command: Wed Jul  1 07:48:50 2026 (1782863330)
Stop command: Wed Jul  1 07:50:54 2026 (1782863454)
Elapsed time for command: 00:02:04 (124)
Workload elapsed time (0:1) = 115.973013 seconds
copy 0 finished @ Wed Jul  1 07:50:46 2026.  Total elapsed time: 115.973013
comparing files in '/home/hahafish/speccpu2006/benchspec/CPU2006/429.mcf/run/run_base_ref_infra-mixsan-wo-check_O2.0003'
comparing 'inp.out' with abstol=, binary=, calctol=0, cw=, floatcompare=, ignorecase=, obiwan=, reltol=, skipabstol=, skipobiwan=, skipreltol=, skiptol=
comparing 'mcf.out' with abstol=, binary=, calctol=0, cw=, floatcompare=, ignorecase=, obiwan=, reltol=, skipabstol=, skipobiwan=, skipreltol=, skiptol=
Specinvoke: /media/hahafish/Data/ForUbuntu/speccpu2006/bin/specinvoke -E -d /home/hahafish/speccpu2006/benchspec/CPU2006/429.mcf/run/run_base_ref_infra-mixsan-wo-check_O2.0003 -c 1 -e compare.err -o compare.stdout -f compare.cmd
Issuing command '/media/hahafish/Data/ForUbuntu/speccpu2006/bin/specinvoke -E -d /home/hahafish/speccpu2006/benchspec/CPU2006/429.mcf/run/run_base_ref_infra-mixsan-wo-check_O2.0003 -c 1 -e compare.err -o compare.stdout -f compare.cmd'
Start command: Wed Jul  1 07:50:54 2026 (1782863454)
Stop command: Wed Jul  1 07:50:56 2026 (1782863456)
Elapsed time for command: 00:00:02 (2)
Benchmark Times:
  Start:    Wed Jul  1 07:48:50 2026 (1782863330)
  Stop:     Wed Jul  1 07:50:54 2026 (1782863454)
  Elapsed:  00:02:04 (124)
  Reported: 115 973059000 115.973059
 Success 429.mcf base ref ratio=78.64, runtime=115.973059

-----------------------------------
  Running (#3) 433.milc ref base infra-mixsan-wo-check_O2 default
Commands to run: 
    -C /home/hahafish/speccpu2006/benchspec/CPU2006/433.milc/run/run_base_ref_infra-mixsan-wo-check_O2.0000
    -i su3imp.in -o su3imp.out -e su3imp.err ../run_base_ref_infra-mixsan-wo-check_O2.0000/milc_base.infra-mixsan-wo-check_O2
Specinvoke: /media/hahafish/Data/ForUbuntu/speccpu2006/bin/specinvoke -d /home/hahafish/speccpu2006/benchspec/CPU2006/433.milc/run/run_base_ref_infra-mixsan-wo-check_O2.0000 -e speccmds.err -o speccmds.stdout -f speccmds.cmd -C
Issuing command '/media/hahafish/Data/ForUbuntu/speccpu2006/bin/specinvoke -d /home/hahafish/speccpu2006/benchspec/CPU2006/433.milc/run/run_base_ref_infra-mixsan-wo-check_O2.0000 -e speccmds.err -o speccmds.stdout -f speccmds.cmd -C'
Start command: Wed Jul  1 07:50:56 2026 (1782863456)
Stop command: Wed Jul  1 07:53:36 2026 (1782863616)
Elapsed time for command: 00:02:40 (160)
Workload elapsed time (0:1) = 151.425197 seconds
copy 0 finished @ Wed Jul  1 07:53:28 2026.  Total elapsed time: 151.425197
comparing files in '/home/hahafish/speccpu2006/benchspec/CPU2006/433.milc/run/run_base_ref_infra-mixsan-wo-check_O2.0000'
comparing 'su3imp.out' with abstol=2e-07, binary=, calctol=0, cw=, floatcompare=, ignorecase=, obiwan=, reltol=0.0001, skipabstol=, skipobiwan=, skipreltol=, skiptol=
Specinvoke: /media/hahafish/Data/ForUbuntu/speccpu2006/bin/specinvoke -E -d /home/hahafish/speccpu2006/benchspec/CPU2006/433.milc/run/run_base_ref_infra-mixsan-wo-check_O2.0000 -c 1 -e compare.err -o compare.stdout -f compare.cmd
Issuing command '/media/hahafish/Data/ForUbuntu/speccpu2006/bin/specinvoke -E -d /home/hahafish/speccpu2006/benchspec/CPU2006/433.milc/run/run_base_ref_infra-mixsan-wo-check_O2.0000 -c 1 -e compare.err -o compare.stdout -f compare.cmd'
Start command: Wed Jul  1 07:53:36 2026 (1782863616)
Stop command: Wed Jul  1 07:53:38 2026 (1782863618)
Elapsed time for command: 00:00:02 (2)
Benchmark Times:
  Start:    Wed Jul  1 07:50:56 2026 (1782863456)
  Stop:     Wed Jul  1 07:53:36 2026 (1782863616)
  Elapsed:  00:02:40 (160)
  Reported: 151 425238000 151.425238
 Success 433.milc base ref ratio=60.62, runtime=151.425238

-----------------------------------
  Running (#3) 444.namd ref base infra-mixsan-wo-check_O2 default
Commands to run: 
    -C /media/hahafish/Data/ForUbuntu/speccpu2006/benchspec/CPU2006/444.namd/run/run_base_ref_infra-mixsan-wo-check_O2.0000
    -o namd.stdout -e namd.err ../run_base_ref_infra-mixsan-wo-check_O2.0000/namd_base.infra-mixsan-wo-check_O2 --input namd.input --iterations 38 --output namd.out 
Specinvoke: /media/hahafish/Data/ForUbuntu/speccpu2006/bin/specinvoke -d /media/hahafish/Data/ForUbuntu/speccpu2006/benchspec/CPU2006/444.namd/run/run_base_ref_infra-mixsan-wo-check_O2.0000 -e speccmds.err -o speccmds.stdout -f speccmds.cmd -C
Issuing command '/media/hahafish/Data/ForUbuntu/speccpu2006/bin/specinvoke -d /media/hahafish/Data/ForUbuntu/speccpu2006/benchspec/CPU2006/444.namd/run/run_base_ref_infra-mixsan-wo-check_O2.0000 -e speccmds.err -o speccmds.stdout -f speccmds.cmd -C'
Start command: Wed Jul  1 07:53:38 2026 (1782863618)
Stop command: Wed Jul  1 07:55:38 2026 (1782863738)
Elapsed time for command: 00:02:00 (120)
Workload elapsed time (0:1) = 112.827332 seconds
copy 0 finished @ Wed Jul  1 07:55:30 2026.  Total elapsed time: 112.827332
comparing files in '/media/hahafish/Data/ForUbuntu/speccpu2006/benchspec/CPU2006/444.namd/run/run_base_ref_infra-mixsan-wo-check_O2.0000'
comparing 'namd.out' with abstol=1e-05, binary=, calctol=0, cw=, floatcompare=, ignorecase=, obiwan=, reltol=, skipabstol=, skipobiwan=, skipreltol=, skiptol=
Specinvoke: /media/hahafish/Data/ForUbuntu/speccpu2006/bin/specinvoke -E -d /media/hahafish/Data/ForUbuntu/speccpu2006/benchspec/CPU2006/444.namd/run/run_base_ref_infra-mixsan-wo-check_O2.0000 -c 1 -e compare.err -o compare.stdout -f compare.cmd
Issuing command '/media/hahafish/Data/ForUbuntu/speccpu2006/bin/specinvoke -E -d /media/hahafish/Data/ForUbuntu/speccpu2006/benchspec/CPU2006/444.namd/run/run_base_ref_infra-mixsan-wo-check_O2.0000 -c 1 -e compare.err -o compare.stdout -f compare.cmd'
Start command: Wed Jul  1 07:55:38 2026 (1782863738)
Stop command: Wed Jul  1 07:55:40 2026 (1782863740)
Elapsed time for command: 00:00:02 (2)
Benchmark Times:
  Start:    Wed Jul  1 07:53:38 2026 (1782863618)
  Stop:     Wed Jul  1 07:55:38 2026 (1782863738)
  Elapsed:  00:02:00 (120)
  Reported: 112 827369000 112.827369
 Success 444.namd base ref ratio=71.08, runtime=112.827369

-----------------------------------
  Running (#3) 445.gobmk ref base infra-mixsan-wo-check_O2 default
Commands to run: 
    -C /home/hahafish/speccpu2006/benchspec/CPU2006/445.gobmk/run/run_base_ref_infra-mixsan-wo-check_O2.0002
    -i 13x13.tst -o 13x13.out -e 13x13.err ../run_base_ref_infra-mixsan-wo-check_O2.0002/gobmk_base.infra-mixsan-wo-check_O2 --quiet --mode gtp
    -i nngs.tst -o nngs.out -e nngs.err ../run_base_ref_infra-mixsan-wo-check_O2.0002/gobmk_base.infra-mixsan-wo-check_O2 --quiet --mode gtp
    -i score2.tst -o score2.out -e score2.err ../run_base_ref_infra-mixsan-wo-check_O2.0002/gobmk_base.infra-mixsan-wo-check_O2 --quiet --mode gtp
    -i trevorc.tst -o trevorc.out -e trevorc.err ../run_base_ref_infra-mixsan-wo-check_O2.0002/gobmk_base.infra-mixsan-wo-check_O2 --quiet --mode gtp
    -i trevord.tst -o trevord.out -e trevord.err ../run_base_ref_infra-mixsan-wo-check_O2.0002/gobmk_base.infra-mixsan-wo-check_O2 --quiet --mode gtp
Specinvoke: /media/hahafish/Data/ForUbuntu/speccpu2006/bin/specinvoke -d /home/hahafish/speccpu2006/benchspec/CPU2006/445.gobmk/run/run_base_ref_infra-mixsan-wo-check_O2.0002 -e speccmds.err -o speccmds.stdout -f speccmds.cmd -C
Issuing command '/media/hahafish/Data/ForUbuntu/speccpu2006/bin/specinvoke -d /home/hahafish/speccpu2006/benchspec/CPU2006/445.gobmk/run/run_base_ref_infra-mixsan-wo-check_O2.0002 -e speccmds.err -o speccmds.stdout -f speccmds.cmd -C'
Start command: Wed Jul  1 07:55:41 2026 (1782863741)
Stop command: Wed Jul  1 07:58:44 2026 (1782863924)
Elapsed time for command: 00:03:03 (183)
Workload elapsed time (0:1) = 25.031294 seconds
Workload elapsed time (0:2) = 62.691674 seconds
Workload elapsed time (0:3) = 31.170354 seconds
Workload elapsed time (0:4) = 24.421667 seconds
Workload elapsed time (0:5) = 31.620921 seconds
copy 0 finished @ Wed Jul  1 07:58:36 2026.  Total elapsed time: 174.93591
comparing files in '/home/hahafish/speccpu2006/benchspec/CPU2006/445.gobmk/run/run_base_ref_infra-mixsan-wo-check_O2.0002'
comparing '13x13.out' with abstol=, binary=, calctol=0, cw=, floatcompare=, ignorecase=, obiwan=, reltol=, skipabstol=, skipobiwan=, skipreltol=, skiptol=
comparing 'nngs.out' with abstol=, binary=, calctol=0, cw=, floatcompare=, ignorecase=, obiwan=, reltol=, skipabstol=, skipobiwan=, skipreltol=, skiptol=
comparing 'score2.out' with abstol=, binary=, calctol=0, cw=, floatcompare=, ignorecase=, obiwan=, reltol=, skipabstol=, skipobiwan=, skipreltol=, skiptol=
comparing 'trevorc.out' with abstol=, binary=, calctol=0, cw=, floatcompare=, ignorecase=, obiwan=, reltol=, skipabstol=, skipobiwan=, skipreltol=, skiptol=
comparing 'trevord.out' with abstol=, binary=, calctol=0, cw=, floatcompare=, ignorecase=, obiwan=, reltol=, skipabstol=, skipobiwan=, skipreltol=, skiptol=
Specinvoke: /media/hahafish/Data/ForUbuntu/speccpu2006/bin/specinvoke -E -d /home/hahafish/speccpu2006/benchspec/CPU2006/445.gobmk/run/run_base_ref_infra-mixsan-wo-check_O2.0002 -c 1 -e compare.err -o compare.stdout -f compare.cmd
Issuing command '/media/hahafish/Data/ForUbuntu/speccpu2006/bin/specinvoke -E -d /home/hahafish/speccpu2006/benchspec/CPU2006/445.gobmk/run/run_base_ref_infra-mixsan-wo-check_O2.0002 -c 1 -e compare.err -o compare.stdout -f compare.cmd'
Start command: Wed Jul  1 07:58:44 2026 (1782863924)
Stop command: Wed Jul  1 07:58:46 2026 (1782863926)
Elapsed time for command: 00:00:02 (2)
Benchmark Times:
  Start:    Wed Jul  1 07:55:41 2026 (1782863741)
  Stop:     Wed Jul  1 07:58:44 2026 (1782863924)
  Elapsed:  00:03:03 (183)
  Reported: 174 935977000 174.935977
 Success 445.gobmk base ref ratio=59.96, runtime=174.935977

-----------------------------------
  Running (#3) 447.dealII ref base infra-mixsan-wo-check_O2 default
Commands to run: 
    -C /media/hahafish/Data/ForUbuntu/speccpu2006/benchspec/CPU2006/447.dealII/run/run_base_ref_infra-mixsan-wo-check_O2.0000
    -o log -e dealII.err ../run_base_ref_infra-mixsan-wo-check_O2.0000/dealII_base.infra-mixsan-wo-check_O2 23
Specinvoke: /media/hahafish/Data/ForUbuntu/speccpu2006/bin/specinvoke -d /media/hahafish/Data/ForUbuntu/speccpu2006/benchspec/CPU2006/447.dealII/run/run_base_ref_infra-mixsan-wo-check_O2.0000 -e speccmds.err -o speccmds.stdout -f speccmds.cmd -C
Issuing command '/media/hahafish/Data/ForUbuntu/speccpu2006/bin/specinvoke -d /media/hahafish/Data/ForUbuntu/speccpu2006/benchspec/CPU2006/447.dealII/run/run_base_ref_infra-mixsan-wo-check_O2.0000 -e speccmds.err -o speccmds.stdout -f speccmds.cmd -C'
Start command: Wed Jul  1 07:58:46 2026 (1782863926)
Stop command: Wed Jul  1 08:00:29 2026 (1782864029)
Elapsed time for command: 00:01:43 (103)
Workload elapsed time (0:1) = 94.852316 seconds
copy 0 finished @ Wed Jul  1 08:00:21 2026.  Total elapsed time: 94.852316
comparing files in '/media/hahafish/Data/ForUbuntu/speccpu2006/benchspec/CPU2006/447.dealII/run/run_base_ref_infra-mixsan-wo-check_O2.0000'
comparing 'grid-0.eps' with abstol=1e-07, binary=, calctol=0, cw=, floatcompare=, ignorecase=, obiwan=, reltol=, skipabstol=, skipobiwan=, skipreltol=, skiptol=
comparing 'grid-1.eps' with abstol=1e-07, binary=, calctol=0, cw=, floatcompare=, ignorecase=, obiwan=, reltol=, skipabstol=, skipobiwan=, skipreltol=, skiptol=
comparing 'grid-2.eps' with abstol=1e-07, binary=, calctol=0, cw=, floatcompare=, ignorecase=, obiwan=, reltol=, skipabstol=, skipobiwan=, skipreltol=, skiptol=
comparing 'grid-3.eps' with abstol=1e-07, binary=, calctol=0, cw=, floatcompare=, ignorecase=, obiwan=, reltol=, skipabstol=, skipobiwan=, skipreltol=, skiptol=
comparing 'grid-4.eps' with abstol=1e-07, binary=, calctol=0, cw=, floatcompare=, ignorecase=, obiwan=, reltol=, skipabstol=, skipobiwan=, skipreltol=, skiptol=
comparing 'grid-5.eps' with abstol=1e-07, binary=, calctol=0, cw=, floatcompare=, ignorecase=, obiwan=, reltol=, skipabstol=, skipobiwan=, skipreltol=, skiptol=
comparing 'grid-6.eps' with abstol=1e-07, binary=, calctol=0, cw=, floatcompare=, ignorecase=, obiwan=, reltol=, skipabstol=, skipobiwan=, skipreltol=, skiptol=
comparing 'grid-7.eps' with abstol=1e-07, binary=, calctol=0, cw=, floatcompare=, ignorecase=, obiwan=, reltol=, skipabstol=, skipobiwan=, skipreltol=, skiptol=
comparing 'grid-8.eps' with abstol=1e-07, binary=, calctol=0, cw=, floatcompare=, ignorecase=, obiwan=, reltol=, skipabstol=, skipobiwan=, skipreltol=, skiptol=
comparing 'solution-0.gmv' with abstol=1e-07, binary=, calctol=0, cw=, floatcompare=, ignorecase=, obiwan=, reltol=, skipabstol=, skipobiwan=, skipreltol=, skiptol=
comparing 'solution-1.gmv' with abstol=1e-07, binary=, calctol=0, cw=, floatcompare=, ignorecase=, obiwan=, reltol=, skipabstol=, skipobiwan=, skipreltol=, skiptol=
comparing 'solution-2.gmv' with abstol=1e-07, binary=, calctol=0, cw=, floatcompare=, ignorecase=, obiwan=, reltol=, skipabstol=, skipobiwan=, skipreltol=, skiptol=
comparing 'solution-3.gmv' with abstol=1e-07, binary=, calctol=0, cw=, floatcompare=, ignorecase=, obiwan=, reltol=, skipabstol=, skipobiwan=, skipreltol=, skiptol=
comparing 'solution-4.gmv' with abstol=1e-07, binary=, calctol=0, cw=, floatcompare=, ignorecase=, obiwan=, reltol=, skipabstol=, skipobiwan=, skipreltol=, skiptol=
comparing 'solution-5.gmv' with abstol=1e-07, binary=, calctol=0, cw=, floatcompare=, ignorecase=, obiwan=, reltol=, skipabstol=, skipobiwan=, skipreltol=, skiptol=
comparing 'solution-6.gmv' with abstol=1e-07, binary=, calctol=0, cw=, floatcompare=, ignorecase=, obiwan=, reltol=, skipabstol=, skipobiwan=, skipreltol=, skiptol=
comparing 'solution-7.gmv' with abstol=1e-07, binary=, calctol=0, cw=, floatcompare=, ignorecase=, obiwan=, reltol=, skipabstol=, skipobiwan=, skipreltol=, skiptol=
comparing 'solution-8.gmv' with abstol=1e-07, binary=, calctol=0, cw=, floatcompare=, ignorecase=, obiwan=, reltol=, skipabstol=, skipobiwan=, skipreltol=, skiptol=
comparing 'grid-10.eps' with abstol=1e-07, binary=, calctol=0, cw=, floatcompare=, ignorecase=, obiwan=, reltol=, skipabstol=, skipobiwan=, skipreltol=, skiptol=
comparing 'grid-11.eps' with abstol=1e-07, binary=, calctol=0, cw=, floatcompare=, ignorecase=, obiwan=, reltol=, skipabstol=, skipobiwan=, skipreltol=, skiptol=
comparing 'grid-12.eps' with abstol=1e-07, binary=, calctol=0, cw=, floatcompare=, ignorecase=, obiwan=, reltol=, skipabstol=, skipobiwan=, skipreltol=, skiptol=
comparing 'grid-13.eps' with abstol=1e-07, binary=, calctol=0, cw=, floatcompare=, ignorecase=, obiwan=, reltol=, skipabstol=, skipobiwan=, skipreltol=, skiptol=
comparing 'grid-14.eps' with abstol=1e-07, binary=, calctol=0, cw=, floatcompare=, ignorecase=, obiwan=, reltol=, skipabstol=, skipobiwan=, skipreltol=, skiptol=
comparing 'grid-15.eps' with abstol=1e-07, binary=, calctol=0, cw=, floatcompare=, ignorecase=, obiwan=, reltol=, skipabstol=, skipobiwan=, skipreltol=, skiptol=
comparing 'grid-16.eps' with abstol=1e-07, binary=, calctol=0, cw=, floatcompare=, ignorecase=, obiwan=, reltol=, skipabstol=, skipobiwan=, skipreltol=, skiptol=
comparing 'grid-17.eps' with abstol=1e-07, binary=, calctol=0, cw=, floatcompare=, ignorecase=, obiwan=, reltol=, skipabstol=, skipobiwan=, skipreltol=, skiptol=
comparing 'grid-18.eps' with abstol=1e-07, binary=, calctol=0, cw=, floatcompare=, ignorecase=, obiwan=, reltol=, skipabstol=, skipobiwan=, skipreltol=, skiptol=
comparing 'grid-19.eps' with abstol=1e-07, binary=, calctol=0, cw=, floatcompare=, ignorecase=, obiwan=, reltol=, skipabstol=, skipobiwan=, skipreltol=, skiptol=
comparing 'grid-20.eps' with abstol=1e-07, binary=, calctol=0, cw=, floatcompare=, ignorecase=, obiwan=, reltol=, skipabstol=, skipobiwan=, skipreltol=, skiptol=
comparing 'grid-21.eps' with abstol=1e-07, binary=, calctol=0, cw=, floatcompare=, ignorecase=, obiwan=, reltol=, skipabstol=, skipobiwan=, skipreltol=, skiptol=
comparing 'grid-22.eps' with abstol=1e-07, binary=, calctol=0, cw=, floatcompare=, ignorecase=, obiwan=, reltol=, skipabstol=, skipobiwan=, skipreltol=, skiptol=
comparing 'grid-23.eps' with abstol=1e-07, binary=, calctol=0, cw=, floatcompare=, ignorecase=, obiwan=, reltol=, skipabstol=, skipobiwan=, skipreltol=, skiptol=
comparing 'grid-9.eps' with abstol=1e-07, binary=, calctol=0, cw=, floatcompare=, ignorecase=, obiwan=, reltol=, skipabstol=, skipobiwan=, skipreltol=, skiptol=
comparing 'log' with abstol=1e-07, binary=, calctol=0, cw=, floatcompare=, ignorecase=, obiwan=, reltol=, skipabstol=, skipobiwan=, skipreltol=, skiptol=
comparing 'solution-10.gmv' with abstol=1e-07, binary=, calctol=0, cw=, floatcompare=, ignorecase=, obiwan=, reltol=, skipabstol=, skipobiwan=, skipreltol=, skiptol=
comparing 'solution-11.gmv' with abstol=1e-07, binary=, calctol=0, cw=, floatcompare=, ignorecase=, obiwan=, reltol=, skipabstol=, skipobiwan=, skipreltol=, skiptol=
comparing 'solution-12.gmv' with abstol=1e-07, binary=, calctol=0, cw=, floatcompare=, ignorecase=, obiwan=, reltol=, skipabstol=, skipobiwan=, skipreltol=, skiptol=
comparing 'solution-13.gmv' with abstol=1e-07, binary=, calctol=0, cw=, floatcompare=, ignorecase=, obiwan=, reltol=, skipabstol=, skipobiwan=, skipreltol=, skiptol=
comparing 'solution-14.gmv' with abstol=1e-07, binary=, calctol=0, cw=, floatcompare=, ignorecase=, obiwan=, reltol=, skipabstol=, skipobiwan=, skipreltol=, skiptol=
comparing 'solution-15.gmv' with abstol=1e-07, binary=, calctol=0, cw=, floatcompare=, ignorecase=, obiwan=, reltol=, skipabstol=, skipobiwan=, skipreltol=, skiptol=
comparing 'solution-16.gmv' with abstol=1e-07, binary=, calctol=0, cw=, floatcompare=, ignorecase=, obiwan=, reltol=, skipabstol=, skipobiwan=, skipreltol=, skiptol=
comparing 'solution-17.gmv' with abstol=1e-07, binary=, calctol=0, cw=, floatcompare=, ignorecase=, obiwan=, reltol=, skipabstol=, skipobiwan=, skipreltol=, skiptol=
comparing 'solution-18.gmv' with abstol=1e-07, binary=, calctol=0, cw=, floatcompare=, ignorecase=, obiwan=, reltol=, skipabstol=, skipobiwan=, skipreltol=, skiptol=
comparing 'solution-19.gmv' with abstol=1e-07, binary=, calctol=0, cw=, floatcompare=, ignorecase=, obiwan=, reltol=, skipabstol=, skipobiwan=, skipreltol=, skiptol=
comparing 'solution-20.gmv' with abstol=1e-07, binary=, calctol=0, cw=, floatcompare=, ignorecase=, obiwan=, reltol=, skipabstol=, skipobiwan=, skipreltol=, skiptol=
comparing 'solution-21.gmv' with abstol=1e-07, binary=, calctol=0, cw=, floatcompare=, ignorecase=, obiwan=, reltol=, skipabstol=, skipobiwan=, skipreltol=, skiptol=
comparing 'solution-22.gmv' with abstol=1e-07, binary=, calctol=0, cw=, floatcompare=, ignorecase=, obiwan=, reltol=, skipabstol=, skipobiwan=, skipreltol=, skiptol=
comparing 'solution-23.gmv' with abstol=1e-07, binary=, calctol=0, cw=, floatcompare=, ignorecase=, obiwan=, reltol=, skipabstol=, skipobiwan=, skipreltol=, skiptol=
comparing 'solution-9.gmv' with abstol=1e-07, binary=, calctol=0, cw=, floatcompare=, ignorecase=, obiwan=, reltol=, skipabstol=, skipobiwan=, skipreltol=, skiptol=
Specinvoke: /media/hahafish/Data/ForUbuntu/speccpu2006/bin/specinvoke -E -d /media/hahafish/Data/ForUbuntu/speccpu2006/benchspec/CPU2006/447.dealII/run/run_base_ref_infra-mixsan-wo-check_O2.0000 -c 1 -e compare.err -o compare.stdout -f compare.cmd
Issuing command '/media/hahafish/Data/ForUbuntu/speccpu2006/bin/specinvoke -E -d /media/hahafish/Data/ForUbuntu/speccpu2006/benchspec/CPU2006/447.dealII/run/run_base_ref_infra-mixsan-wo-check_O2.0000 -c 1 -e compare.err -o compare.stdout -f compare.cmd'
Start command: Wed Jul  1 08:00:29 2026 (1782864029)
Stop command: Wed Jul  1 08:00:43 2026 (1782864043)
Elapsed time for command: 00:00:14 (14)
Benchmark Times:
  Start:    Wed Jul  1 07:58:46 2026 (1782863926)
  Stop:     Wed Jul  1 08:00:29 2026 (1782864029)
  Elapsed:  00:01:43 (103)
  Reported: 94 852356000 94.852356
 Success 447.dealII base ref ratio=120.61, runtime=94.852356

-----------------------------------
  Running (#3) 450.soplex ref base infra-mixsan-wo-check_O2 default
Commands to run: 
    -C /media/hahafish/Data/ForUbuntu/speccpu2006/benchspec/CPU2006/450.soplex/run/run_base_ref_infra-mixsan-wo-check_O2.0000
    -o pds-50.mps.out -e pds-50.mps.stderr ../run_base_ref_infra-mixsan-wo-check_O2.0000/soplex_base.infra-mixsan-wo-check_O2 -s1 -e -m45000 pds-50.mps
    -o ref.out -e ref.stderr ../run_base_ref_infra-mixsan-wo-check_O2.0000/soplex_base.infra-mixsan-wo-check_O2 -m3500 ref.mps
Specinvoke: /media/hahafish/Data/ForUbuntu/speccpu2006/bin/specinvoke -d /media/hahafish/Data/ForUbuntu/speccpu2006/benchspec/CPU2006/450.soplex/run/run_base_ref_infra-mixsan-wo-check_O2.0000 -e speccmds.err -o speccmds.stdout -f speccmds.cmd -C
Issuing command '/media/hahafish/Data/ForUbuntu/speccpu2006/bin/specinvoke -d /media/hahafish/Data/ForUbuntu/speccpu2006/benchspec/CPU2006/450.soplex/run/run_base_ref_infra-mixsan-wo-check_O2.0000 -e speccmds.err -o speccmds.stdout -f speccmds.cmd -C'
Start command: Wed Jul  1 08:00:43 2026 (1782864043)
Stop command: Wed Jul  1 08:02:30 2026 (1782864150)
Elapsed time for command: 00:01:47 (107)
Workload elapsed time (0:1) = 50.276219 seconds
Workload elapsed time (0:2) = 49.10467 seconds
copy 0 finished @ Wed Jul  1 08:02:22 2026.  Total elapsed time: 99.380889
comparing files in '/media/hahafish/Data/ForUbuntu/speccpu2006/benchspec/CPU2006/450.soplex/run/run_base_ref_infra-mixsan-wo-check_O2.0000'
comparing 'pds-50.mps.out' with abstol=1e-05, binary=, calctol=0, cw=, floatcompare=, ignorecase=, obiwan=1, reltol=0.02, skipabstol=, skipobiwan=, skipreltol=, skiptol=
comparing 'pds-50.mps.stderr' with abstol=20, binary=, calctol=0, cw=, floatcompare=, ignorecase=, obiwan=1, reltol=0.0001, skipabstol=, skipobiwan=, skipreltol=, skiptol=
comparing 'ref.out' with abstol=1e-05, binary=, calctol=0, cw=, floatcompare=, ignorecase=, obiwan=1, reltol=0.02, skipabstol=, skipobiwan=, skipreltol=, skiptol=
comparing 'ref.stderr' with abstol=20, binary=, calctol=0, cw=, floatcompare=, ignorecase=, obiwan=1, reltol=0.0001, skipabstol=, skipobiwan=, skipreltol=, skiptol=
Specinvoke: /media/hahafish/Data/ForUbuntu/speccpu2006/bin/specinvoke -E -d /media/hahafish/Data/ForUbuntu/speccpu2006/benchspec/CPU2006/450.soplex/run/run_base_ref_infra-mixsan-wo-check_O2.0000 -c 1 -e compare.err -o compare.stdout -f compare.cmd
Issuing command '/media/hahafish/Data/ForUbuntu/speccpu2006/bin/specinvoke -E -d /media/hahafish/Data/ForUbuntu/speccpu2006/benchspec/CPU2006/450.soplex/run/run_base_ref_infra-mixsan-wo-check_O2.0000 -c 1 -e compare.err -o compare.stdout -f compare.cmd'
Start command: Wed Jul  1 08:02:30 2026 (1782864150)
Stop command: Wed Jul  1 08:02:32 2026 (1782864152)
Elapsed time for command: 00:00:02 (2)
Error with '/media/hahafish/Data/ForUbuntu/speccpu2006/bin/specinvoke -E -d /media/hahafish/Data/ForUbuntu/speccpu2006/benchspec/CPU2006/450.soplex/run/run_base_ref_infra-mixsan-wo-check_O2.0000 -c 1 -e compare.err -o compare.stdout -f compare.cmd': check file '/media/hahafish/Data/ForUbuntu/speccpu2006/benchspec/CPU2006/450.soplex/run/run_base_ref_infra-mixsan-wo-check_O2.0000/.err'
*** Miscompare of pds-50.mps.stderr, see /media/hahafish/Data/ForUbuntu/speccpu2006/benchspec/CPU2006/450.soplex/run/run_base_ref_infra-mixsan-wo-check_O2.0000/pds-50.mps.stderr.mis
'pds-50.mps.stderr' long
*** Miscompare of ref.stderr, see /media/hahafish/Data/ForUbuntu/speccpu2006/benchspec/CPU2006/450.soplex/run/run_base_ref_infra-mixsan-wo-check_O2.0000/ref.stderr.mis
'ref.stderr' long
Benchmark Times:
  Start:    Wed Jul  1 08:00:43 2026 (1782864043)
  Stop:     Wed Jul  1 08:02:30 2026 (1782864150)
  Elapsed:  00:01:47 (107)
  Reported: 99 380938000 99.380938
 Error 450.soplex base ref ratio=83.92, runtime=99.380938

-----------------------------------
  Running (#3) 453.povray ref base infra-mixsan-wo-check_O2 default
Commands to run: 
    -C /media/hahafish/Data/ForUbuntu/speccpu2006/benchspec/CPU2006/453.povray/run/run_base_ref_infra-mixsan-wo-check_O2.0000
    -o SPEC-benchmark-ref.stdout -e SPEC-benchmark-ref.stderr ../run_base_ref_infra-mixsan-wo-check_O2.0000/povray_base.infra-mixsan-wo-check_O2 SPEC-benchmark-ref.ini
Specinvoke: /media/hahafish/Data/ForUbuntu/speccpu2006/bin/specinvoke -d /media/hahafish/Data/ForUbuntu/speccpu2006/benchspec/CPU2006/453.povray/run/run_base_ref_infra-mixsan-wo-check_O2.0000 -e speccmds.err -o speccmds.stdout -f speccmds.cmd -C
Issuing command '/media/hahafish/Data/ForUbuntu/speccpu2006/bin/specinvoke -d /media/hahafish/Data/ForUbuntu/speccpu2006/benchspec/CPU2006/453.povray/run/run_base_ref_infra-mixsan-wo-check_O2.0000 -e speccmds.err -o speccmds.stdout -f speccmds.cmd -C'
Start command: Wed Jul  1 08:02:32 2026 (1782864152)
Stop command: Wed Jul  1 08:03:21 2026 (1782864201)
Elapsed time for command: 00:00:49 (49)
Workload elapsed time (0:1) = 41.103333 seconds
copy 0 finished @ Wed Jul  1 08:03:13 2026.  Total elapsed time: 41.103333
comparing files in '/media/hahafish/Data/ForUbuntu/speccpu2006/benchspec/CPU2006/453.povray/run/run_base_ref_infra-mixsan-wo-check_O2.0000'
comparing 'SPEC-benchmark.log' with abstol=0, binary=, calctol=0, cw=, floatcompare=, ignorecase=, obiwan=, reltol=5e-05, skipabstol=, skipobiwan=, skipreltol=, skiptol=
comparing 'SPEC-benchmark.tga' with abstol=0, binary=1, calctol=0, cw=, floatcompare=, ignorecase=, obiwan=, reltol=5e-05, skipabstol=, skipobiwan=, skipreltol=, skiptol=50
Specinvoke: /media/hahafish/Data/ForUbuntu/speccpu2006/bin/specinvoke -E -d /media/hahafish/Data/ForUbuntu/speccpu2006/benchspec/CPU2006/453.povray/run/run_base_ref_infra-mixsan-wo-check_O2.0000 -c 1 -e compare.err -o compare.stdout -f compare.cmd
Issuing command '/media/hahafish/Data/ForUbuntu/speccpu2006/bin/specinvoke -E -d /media/hahafish/Data/ForUbuntu/speccpu2006/benchspec/CPU2006/453.povray/run/run_base_ref_infra-mixsan-wo-check_O2.0000 -c 1 -e compare.err -o compare.stdout -f compare.cmd'
Start command: Wed Jul  1 08:03:21 2026 (1782864201)
Stop command: Wed Jul  1 08:03:27 2026 (1782864207)
Elapsed time for command: 00:00:06 (6)
Benchmark Times:
  Start:    Wed Jul  1 08:02:32 2026 (1782864152)
  Stop:     Wed Jul  1 08:03:21 2026 (1782864201)
  Elapsed:  00:00:49 (49)
  Reported: 41 103368000 41.103368
 Success 453.povray base ref ratio=129.43, runtime=41.103368

-----------------------------------
  Running (#3) 456.hmmer ref base infra-mixsan-wo-check_O2 default
Commands to run: 
    -C /home/hahafish/speccpu2006/benchspec/CPU2006/456.hmmer/run/run_base_ref_infra-mixsan-wo-check_O2.0002
    -o nph3.out -e nph3.err ../run_base_ref_infra-mixsan-wo-check_O2.0002/hmmer_base.infra-mixsan-wo-check_O2 nph3.hmm swiss41
    -o retro.out -e retro.err ../run_base_ref_infra-mixsan-wo-check_O2.0002/hmmer_base.infra-mixsan-wo-check_O2 --fixed 0 --mean 500 --num 500000 --sd 350 --seed 0 retro.hmm
Specinvoke: /media/hahafish/Data/ForUbuntu/speccpu2006/bin/specinvoke -d /home/hahafish/speccpu2006/benchspec/CPU2006/456.hmmer/run/run_base_ref_infra-mixsan-wo-check_O2.0002 -e speccmds.err -o speccmds.stdout -f speccmds.cmd -C
Issuing command '/media/hahafish/Data/ForUbuntu/speccpu2006/bin/specinvoke -d /home/hahafish/speccpu2006/benchspec/CPU2006/456.hmmer/run/run_base_ref_infra-mixsan-wo-check_O2.0002 -e speccmds.err -o speccmds.stdout -f speccmds.cmd -C'
Start command: Wed Jul  1 08:03:27 2026 (1782864207)
Stop command: Wed Jul  1 08:05:30 2026 (1782864330)
Elapsed time for command: 00:02:03 (123)
Workload elapsed time (0:1) = 35.809945 seconds
Workload elapsed time (0:2) = 79.167608 seconds
copy 0 finished @ Wed Jul  1 08:05:22 2026.  Total elapsed time: 114.977553
comparing files in '/home/hahafish/speccpu2006/benchspec/CPU2006/456.hmmer/run/run_base_ref_infra-mixsan-wo-check_O2.0002'
comparing 'nph3.out' with abstol=1e-05, binary=, calctol=0, cw=, floatcompare=, ignorecase=, obiwan=, reltol=0.002, skipabstol=, skipobiwan=, skipreltol=, skiptol=10
comparing 'retro.out' with abstol=1e-05, binary=, calctol=0, cw=, floatcompare=, ignorecase=, obiwan=, reltol=0.002, skipabstol=, skipobiwan=, skipreltol=, skiptol=10
Specinvoke: /media/hahafish/Data/ForUbuntu/speccpu2006/bin/specinvoke -E -d /home/hahafish/speccpu2006/benchspec/CPU2006/456.hmmer/run/run_base_ref_infra-mixsan-wo-check_O2.0002 -c 1 -e compare.err -o compare.stdout -f compare.cmd
Issuing command '/media/hahafish/Data/ForUbuntu/speccpu2006/bin/specinvoke -E -d /home/hahafish/speccpu2006/benchspec/CPU2006/456.hmmer/run/run_base_ref_infra-mixsan-wo-check_O2.0002 -c 1 -e compare.err -o compare.stdout -f compare.cmd'
Start command: Wed Jul  1 08:05:30 2026 (1782864330)
Stop command: Wed Jul  1 08:05:32 2026 (1782864332)
Elapsed time for command: 00:00:02 (2)
Benchmark Times:
  Start:    Wed Jul  1 08:03:27 2026 (1782864207)
  Stop:     Wed Jul  1 08:05:30 2026 (1782864330)
  Elapsed:  00:02:03 (123)
  Reported: 114 977595000 114.977595
 Success 456.hmmer base ref ratio=81.15, runtime=114.977595

-----------------------------------
  Running (#3) 458.sjeng ref base infra-mixsan-wo-check_O2 default
Commands to run: 
    -C /media/hahafish/Data/ForUbuntu/speccpu2006/benchspec/CPU2006/458.sjeng/run/run_base_ref_infra-mixsan-wo-check_O2.0000
    -o ref.out -e ref.err ../run_base_ref_infra-mixsan-wo-check_O2.0000/sjeng_base.infra-mixsan-wo-check_O2 ref.txt
Specinvoke: /media/hahafish/Data/ForUbuntu/speccpu2006/bin/specinvoke -d /media/hahafish/Data/ForUbuntu/speccpu2006/benchspec/CPU2006/458.sjeng/run/run_base_ref_infra-mixsan-wo-check_O2.0000 -e speccmds.err -o speccmds.stdout -f speccmds.cmd -C
Issuing command '/media/hahafish/Data/ForUbuntu/speccpu2006/bin/specinvoke -d /media/hahafish/Data/ForUbuntu/speccpu2006/benchspec/CPU2006/458.sjeng/run/run_base_ref_infra-mixsan-wo-check_O2.0000 -e speccmds.err -o speccmds.stdout -f speccmds.cmd -C'
Start command: Wed Jul  1 08:05:32 2026 (1782864332)
Stop command: Wed Jul  1 08:09:19 2026 (1782864559)
Elapsed time for command: 00:03:47 (227)
Workload elapsed time (0:1) = 219.197369 seconds
copy 0 finished @ Wed Jul  1 08:09:11 2026.  Total elapsed time: 219.197369
comparing files in '/media/hahafish/Data/ForUbuntu/speccpu2006/benchspec/CPU2006/458.sjeng/run/run_base_ref_infra-mixsan-wo-check_O2.0000'
comparing 'ref.out' with abstol=, binary=, calctol=0, cw=, floatcompare=, ignorecase=, obiwan=, reltol=, skipabstol=, skipobiwan=, skipreltol=, skiptol=
Specinvoke: /media/hahafish/Data/ForUbuntu/speccpu2006/bin/specinvoke -E -d /media/hahafish/Data/ForUbuntu/speccpu2006/benchspec/CPU2006/458.sjeng/run/run_base_ref_infra-mixsan-wo-check_O2.0000 -c 1 -e compare.err -o compare.stdout -f compare.cmd
Issuing command '/media/hahafish/Data/ForUbuntu/speccpu2006/bin/specinvoke -E -d /media/hahafish/Data/ForUbuntu/speccpu2006/benchspec/CPU2006/458.sjeng/run/run_base_ref_infra-mixsan-wo-check_O2.0000 -c 1 -e compare.err -o compare.stdout -f compare.cmd'
Start command: Wed Jul  1 08:09:19 2026 (1782864559)
Stop command: Wed Jul  1 08:09:21 2026 (1782864561)
Elapsed time for command: 00:00:02 (2)
Benchmark Times:
  Start:    Wed Jul  1 08:05:32 2026 (1782864332)
  Stop:     Wed Jul  1 08:09:19 2026 (1782864559)
  Elapsed:  00:03:47 (227)
  Reported: 219 197410000 219.19741
 Success 458.sjeng base ref ratio=55.20, runtime=219.197410

-----------------------------------
  Running (#3) 462.libquantum ref base infra-mixsan-wo-check_O2 default
Commands to run: 
    -C /home/hahafish/speccpu2006/benchspec/CPU2006/462.libquantum/run/run_base_ref_infra-mixsan-wo-check_O2.0002
    -o ref.out -e ref.err ../run_base_ref_infra-mixsan-wo-check_O2.0002/libquantum_base.infra-mixsan-wo-check_O2 1397 8
Specinvoke: /media/hahafish/Data/ForUbuntu/speccpu2006/bin/specinvoke -d /home/hahafish/speccpu2006/benchspec/CPU2006/462.libquantum/run/run_base_ref_infra-mixsan-wo-check_O2.0002 -e speccmds.err -o speccmds.stdout -f speccmds.cmd -C
Issuing command '/media/hahafish/Data/ForUbuntu/speccpu2006/bin/specinvoke -d /home/hahafish/speccpu2006/benchspec/CPU2006/462.libquantum/run/run_base_ref_infra-mixsan-wo-check_O2.0002 -e speccmds.err -o speccmds.stdout -f speccmds.cmd -C'
Start command: Wed Jul  1 08:09:21 2026 (1782864561)
Stop command: Wed Jul  1 08:12:57 2026 (1782864777)
Elapsed time for command: 00:03:36 (216)
Workload elapsed time (0:1) = 207.502962 seconds
copy 0 finished @ Wed Jul  1 08:12:49 2026.  Total elapsed time: 207.502962
comparing files in '/home/hahafish/speccpu2006/benchspec/CPU2006/462.libquantum/run/run_base_ref_infra-mixsan-wo-check_O2.0002'
comparing 'ref.out' with abstol=, binary=, calctol=0, cw=, floatcompare=, ignorecase=, obiwan=1, reltol=, skipabstol=, skipobiwan=, skipreltol=, skiptol=
Specinvoke: /media/hahafish/Data/ForUbuntu/speccpu2006/bin/specinvoke -E -d /home/hahafish/speccpu2006/benchspec/CPU2006/462.libquantum/run/run_base_ref_infra-mixsan-wo-check_O2.0002 -c 1 -e compare.err -o compare.stdout -f compare.cmd
Issuing command '/media/hahafish/Data/ForUbuntu/speccpu2006/bin/specinvoke -E -d /home/hahafish/speccpu2006/benchspec/CPU2006/462.libquantum/run/run_base_ref_infra-mixsan-wo-check_O2.0002 -c 1 -e compare.err -o compare.stdout -f compare.cmd'
Start command: Wed Jul  1 08:12:57 2026 (1782864777)
Stop command: Wed Jul  1 08:12:59 2026 (1782864779)
Elapsed time for command: 00:00:02 (2)
Benchmark Times:
  Start:    Wed Jul  1 08:09:21 2026 (1782864561)
  Stop:     Wed Jul  1 08:12:57 2026 (1782864777)
  Elapsed:  00:03:36 (216)
  Reported: 207 503003000 207.503003
 Success 462.libquantum base ref ratio=99.85, runtime=207.503003

-----------------------------------
  Running (#3) 464.h264ref ref base infra-mixsan-wo-check_O2 default
Commands to run: 
    -C /media/hahafish/Data/ForUbuntu/speccpu2006/benchspec/CPU2006/464.h264ref/run/run_base_ref_infra-mixsan-wo-check_O2.0000
    -o foreman_ref_baseline_encodelog.out -e foreman_ref_baseline_encodelog.err ../run_base_ref_infra-mixsan-wo-check_O2.0000/h264ref_base.infra-mixsan-wo-check_O2 -d foreman_ref_encoder_baseline.cfg
    -o foreman_ref_main_encodelog.out -e foreman_ref_main_encodelog.err ../run_base_ref_infra-mixsan-wo-check_O2.0000/h264ref_base.infra-mixsan-wo-check_O2 -d foreman_ref_encoder_main.cfg
    -o sss_main_encodelog.out -e sss_main_encodelog.err ../run_base_ref_infra-mixsan-wo-check_O2.0000/h264ref_base.infra-mixsan-wo-check_O2 -d sss_encoder_main.cfg
Specinvoke: /media/hahafish/Data/ForUbuntu/speccpu2006/bin/specinvoke -d /media/hahafish/Data/ForUbuntu/speccpu2006/benchspec/CPU2006/464.h264ref/run/run_base_ref_infra-mixsan-wo-check_O2.0000 -e speccmds.err -o speccmds.stdout -f speccmds.cmd -C
Issuing command '/media/hahafish/Data/ForUbuntu/speccpu2006/bin/specinvoke -d /media/hahafish/Data/ForUbuntu/speccpu2006/benchspec/CPU2006/464.h264ref/run/run_base_ref_infra-mixsan-wo-check_O2.0000 -e speccmds.err -o speccmds.stdout -f speccmds.cmd -C'
Start command: Wed Jul  1 08:12:59 2026 (1782864779)
Stop command: Wed Jul  1 08:15:44 2026 (1782864944)
Elapsed time for command: 00:02:45 (165)
Workload elapsed time (0:1) = 21.561394 seconds
Workload elapsed time (0:2) = 14.222966 seconds
Workload elapsed time (0:3) = 120.912894 seconds
copy 0 finished @ Wed Jul  1 08:15:36 2026.  Total elapsed time: 156.697254
comparing files in '/media/hahafish/Data/ForUbuntu/speccpu2006/benchspec/CPU2006/464.h264ref/run/run_base_ref_infra-mixsan-wo-check_O2.0000'
comparing 'foreman_ref_baseline_encodelog.out' with abstol=, binary=, calctol=0, cw=1, floatcompare=1, ignorecase=, obiwan=, reltol=, skipabstol=, skipobiwan=, skipreltol=, skiptol=
comparing 'foreman_ref_baseline_leakybucketparam.cfg' with abstol=, binary=1, calctol=0, cw=1, floatcompare=1, ignorecase=, obiwan=, reltol=, skipabstol=, skipobiwan=, skipreltol=, skiptol=
comparing 'foreman_ref_main_encodelog.out' with abstol=, binary=, calctol=0, cw=1, floatcompare=1, ignorecase=, obiwan=, reltol=, skipabstol=, skipobiwan=, skipreltol=, skiptol=
comparing 'foreman_ref_main_leakybucketparam.cfg' with abstol=, binary=1, calctol=0, cw=1, floatcompare=1, ignorecase=, obiwan=, reltol=, skipabstol=, skipobiwan=, skipreltol=, skiptol=
comparing 'sss_main_encodelog.out' with abstol=, binary=, calctol=0, cw=1, floatcompare=1, ignorecase=, obiwan=, reltol=, skipabstol=, skipobiwan=, skipreltol=, skiptol=
comparing 'sss_main_leakybucketparam.cfg' with abstol=, binary=1, calctol=0, cw=1, floatcompare=1, ignorecase=, obiwan=, reltol=, skipabstol=, skipobiwan=, skipreltol=, skiptol=
Specinvoke: /media/hahafish/Data/ForUbuntu/speccpu2006/bin/specinvoke -E -d /media/hahafish/Data/ForUbuntu/speccpu2006/benchspec/CPU2006/464.h264ref/run/run_base_ref_infra-mixsan-wo-check_O2.0000 -c 1 -e compare.err -o compare.stdout -f compare.cmd
Issuing command '/media/hahafish/Data/ForUbuntu/speccpu2006/bin/specinvoke -E -d /media/hahafish/Data/ForUbuntu/speccpu2006/benchspec/CPU2006/464.h264ref/run/run_base_ref_infra-mixsan-wo-check_O2.0000 -c 1 -e compare.err -o compare.stdout -f compare.cmd'
Start command: Wed Jul  1 08:15:44 2026 (1782864944)
Stop command: Wed Jul  1 08:15:46 2026 (1782864946)
Elapsed time for command: 00:00:02 (2)
Benchmark Times:
  Start:    Wed Jul  1 08:12:59 2026 (1782864779)
  Stop:     Wed Jul  1 08:15:44 2026 (1782864944)
  Elapsed:  00:02:45 (165)
  Reported: 156 697305000 156.697305
 Success 464.h264ref base ref ratio=141.23, runtime=156.697305

-----------------------------------
  Running (#3) 470.lbm ref base infra-mixsan-wo-check_O2 default
Commands to run: 
    -C /media/hahafish/Data/ForUbuntu/speccpu2006/benchspec/CPU2006/470.lbm/run/run_base_ref_infra-mixsan-wo-check_O2.0000
    -o lbm.out -e lbm.err ../run_base_ref_infra-mixsan-wo-check_O2.0000/lbm_base.infra-mixsan-wo-check_O2 3000 reference.dat 0 0 100_100_130_ldc.of
Specinvoke: /media/hahafish/Data/ForUbuntu/speccpu2006/bin/specinvoke -d /media/hahafish/Data/ForUbuntu/speccpu2006/benchspec/CPU2006/470.lbm/run/run_base_ref_infra-mixsan-wo-check_O2.0000 -e speccmds.err -o speccmds.stdout -f speccmds.cmd -C
Issuing command '/media/hahafish/Data/ForUbuntu/speccpu2006/bin/specinvoke -d /media/hahafish/Data/ForUbuntu/speccpu2006/benchspec/CPU2006/470.lbm/run/run_base_ref_infra-mixsan-wo-check_O2.0000 -e speccmds.err -o speccmds.stdout -f speccmds.cmd -C'
Start command: Wed Jul  1 08:15:46 2026 (1782864946)
Stop command: Wed Jul  1 08:17:37 2026 (1782865057)
Elapsed time for command: 00:01:51 (111)
Workload elapsed time (0:1) = 103.29372 seconds
copy 0 finished @ Wed Jul  1 08:17:29 2026.  Total elapsed time: 103.29372
comparing files in '/media/hahafish/Data/ForUbuntu/speccpu2006/benchspec/CPU2006/470.lbm/run/run_base_ref_infra-mixsan-wo-check_O2.0000'
comparing 'lbm.out' with abstol=1e-07, binary=, calctol=0, cw=, floatcompare=, ignorecase=, obiwan=, reltol=, skipabstol=, skipobiwan=, skipreltol=, skiptol=
Specinvoke: /media/hahafish/Data/ForUbuntu/speccpu2006/bin/specinvoke -E -d /media/hahafish/Data/ForUbuntu/speccpu2006/benchspec/CPU2006/470.lbm/run/run_base_ref_infra-mixsan-wo-check_O2.0000 -c 1 -e compare.err -o compare.stdout -f compare.cmd
Issuing command '/media/hahafish/Data/ForUbuntu/speccpu2006/bin/specinvoke -E -d /media/hahafish/Data/ForUbuntu/speccpu2006/benchspec/CPU2006/470.lbm/run/run_base_ref_infra-mixsan-wo-check_O2.0000 -c 1 -e compare.err -o compare.stdout -f compare.cmd'
Start command: Wed Jul  1 08:17:37 2026 (1782865057)
Stop command: Wed Jul  1 08:17:39 2026 (1782865059)
Elapsed time for command: 00:00:02 (2)
Benchmark Times:
  Start:    Wed Jul  1 08:15:46 2026 (1782864946)
  Stop:     Wed Jul  1 08:17:37 2026 (1782865057)
  Elapsed:  00:01:51 (111)
  Reported: 103 293762000 103.293762
 Success 470.lbm base ref ratio=133.02, runtime=103.293762

-----------------------------------
  Running (#3) 471.omnetpp ref base infra-mixsan-wo-check_O2 default
Commands to run: 
    -C /media/hahafish/Data/ForUbuntu/speccpu2006/benchspec/CPU2006/471.omnetpp/run/run_base_ref_infra-mixsan-wo-check_O2.0000
    -o omnetpp.log -e omnetpp.err ../run_base_ref_infra-mixsan-wo-check_O2.0000/omnetpp_base.infra-mixsan-wo-check_O2 omnetpp.ini
Specinvoke: /media/hahafish/Data/ForUbuntu/speccpu2006/bin/specinvoke -d /media/hahafish/Data/ForUbuntu/speccpu2006/benchspec/CPU2006/471.omnetpp/run/run_base_ref_infra-mixsan-wo-check_O2.0000 -e speccmds.err -o speccmds.stdout -f speccmds.cmd -C
Issuing command '/media/hahafish/Data/ForUbuntu/speccpu2006/bin/specinvoke -d /media/hahafish/Data/ForUbuntu/speccpu2006/benchspec/CPU2006/471.omnetpp/run/run_base_ref_infra-mixsan-wo-check_O2.0000 -e speccmds.err -o speccmds.stdout -f speccmds.cmd -C'
Start command: Wed Jul  1 08:17:39 2026 (1782865059)
Stop command: Wed Jul  1 08:20:46 2026 (1782865246)
Elapsed time for command: 00:03:07 (187)
Workload elapsed time (0:1) = 179.042837 seconds
copy 0 finished @ Wed Jul  1 08:20:38 2026.  Total elapsed time: 179.042837
comparing files in '/media/hahafish/Data/ForUbuntu/speccpu2006/benchspec/CPU2006/471.omnetpp/run/run_base_ref_infra-mixsan-wo-check_O2.0000'
comparing 'omnetpp.log' with abstol=1e-06, binary=, calctol=0, cw=, floatcompare=, ignorecase=, obiwan=, reltol=1e-05, skipabstol=, skipobiwan=, skipreltol=, skiptol=
comparing 'omnetpp.sca' with abstol=1e-06, binary=, calctol=0, cw=, floatcompare=, ignorecase=, obiwan=, reltol=1e-05, skipabstol=, skipobiwan=, skipreltol=, skiptol=
Specinvoke: /media/hahafish/Data/ForUbuntu/speccpu2006/bin/specinvoke -E -d /media/hahafish/Data/ForUbuntu/speccpu2006/benchspec/CPU2006/471.omnetpp/run/run_base_ref_infra-mixsan-wo-check_O2.0000 -c 1 -e compare.err -o compare.stdout -f compare.cmd
Issuing command '/media/hahafish/Data/ForUbuntu/speccpu2006/bin/specinvoke -E -d /media/hahafish/Data/ForUbuntu/speccpu2006/benchspec/CPU2006/471.omnetpp/run/run_base_ref_infra-mixsan-wo-check_O2.0000 -c 1 -e compare.err -o compare.stdout -f compare.cmd'
Start command: Wed Jul  1 08:20:46 2026 (1782865246)
Stop command: Wed Jul  1 08:20:48 2026 (1782865248)
Elapsed time for command: 00:00:02 (2)
Benchmark Times:
  Start:    Wed Jul  1 08:17:39 2026 (1782865059)
  Stop:     Wed Jul  1 08:20:46 2026 (1782865246)
  Elapsed:  00:03:07 (187)
  Reported: 179 42880000 179.04288
 Success 471.omnetpp base ref ratio=34.91, runtime=179.042880

-----------------------------------
  Running (#3) 473.astar ref base infra-mixsan-wo-check_O2 default
Commands to run: 
    -C /home/hahafish/speccpu2006/benchspec/CPU2006/473.astar/run/run_base_ref_infra-mixsan-wo-check_O2.0002
    -o BigLakes2048.out -e BigLakes2048.err ../run_base_ref_infra-mixsan-wo-check_O2.0002/astar_base.infra-mixsan-wo-check_O2 BigLakes2048.cfg
    -o rivers.out -e rivers.err ../run_base_ref_infra-mixsan-wo-check_O2.0002/astar_base.infra-mixsan-wo-check_O2 rivers.cfg
Specinvoke: /media/hahafish/Data/ForUbuntu/speccpu2006/bin/specinvoke -d /home/hahafish/speccpu2006/benchspec/CPU2006/473.astar/run/run_base_ref_infra-mixsan-wo-check_O2.0002 -e speccmds.err -o speccmds.stdout -f speccmds.cmd -C
Issuing command '/media/hahafish/Data/ForUbuntu/speccpu2006/bin/specinvoke -d /home/hahafish/speccpu2006/benchspec/CPU2006/473.astar/run/run_base_ref_infra-mixsan-wo-check_O2.0002 -e speccmds.err -o speccmds.stdout -f speccmds.cmd -C'
Start command: Wed Jul  1 08:20:48 2026 (1782865248)
Stop command: Wed Jul  1 08:23:51 2026 (1782865431)
Elapsed time for command: 00:03:03 (183)
Workload elapsed time (0:1) = 63.778351 seconds
Workload elapsed time (0:2) = 110.966624 seconds
copy 0 finished @ Wed Jul  1 08:23:43 2026.  Total elapsed time: 174.744975
comparing files in '/home/hahafish/speccpu2006/benchspec/CPU2006/473.astar/run/run_base_ref_infra-mixsan-wo-check_O2.0002'
comparing 'BigLakes2048.out' with abstol=, binary=, calctol=0, cw=, floatcompare=, ignorecase=, obiwan=, reltol=0.001, skipabstol=, skipobiwan=, skipreltol=, skiptol=
comparing 'rivers.out' with abstol=, binary=, calctol=0, cw=, floatcompare=, ignorecase=, obiwan=, reltol=0.001, skipabstol=, skipobiwan=, skipreltol=, skiptol=
Specinvoke: /media/hahafish/Data/ForUbuntu/speccpu2006/bin/specinvoke -E -d /home/hahafish/speccpu2006/benchspec/CPU2006/473.astar/run/run_base_ref_infra-mixsan-wo-check_O2.0002 -c 1 -e compare.err -o compare.stdout -f compare.cmd
Issuing command '/media/hahafish/Data/ForUbuntu/speccpu2006/bin/specinvoke -E -d /home/hahafish/speccpu2006/benchspec/CPU2006/473.astar/run/run_base_ref_infra-mixsan-wo-check_O2.0002 -c 1 -e compare.err -o compare.stdout -f compare.cmd'
Start command: Wed Jul  1 08:23:51 2026 (1782865431)
Stop command: Wed Jul  1 08:23:53 2026 (1782865433)
Elapsed time for command: 00:00:02 (2)
Benchmark Times:
  Start:    Wed Jul  1 08:20:48 2026 (1782865248)
  Stop:     Wed Jul  1 08:23:51 2026 (1782865431)
  Elapsed:  00:03:03 (183)
  Reported: 174 745026000 174.745026
 Success 473.astar base ref ratio=40.17, runtime=174.745026

-----------------------------------
  Running (#3) 482.sphinx3 ref base infra-mixsan-wo-check_O2 default
Commands to run: 
    -C /home/hahafish/speccpu2006/benchspec/CPU2006/482.sphinx3/run/run_base_ref_infra-mixsan-wo-check_O2.0002
    -o an4.log -e an4.err ../run_base_ref_infra-mixsan-wo-check_O2.0002/sphinx_livepretend_base.infra-mixsan-wo-check_O2 ctlfile . args.an4
Specinvoke: /media/hahafish/Data/ForUbuntu/speccpu2006/bin/specinvoke -d /home/hahafish/speccpu2006/benchspec/CPU2006/482.sphinx3/run/run_base_ref_infra-mixsan-wo-check_O2.0002 -e speccmds.err -o speccmds.stdout -f speccmds.cmd -C
Issuing command '/media/hahafish/Data/ForUbuntu/speccpu2006/bin/specinvoke -d /home/hahafish/speccpu2006/benchspec/CPU2006/482.sphinx3/run/run_base_ref_infra-mixsan-wo-check_O2.0002 -e speccmds.err -o speccmds.stdout -f speccmds.cmd -C'
Start command: Wed Jul  1 08:23:53 2026 (1782865433)
Stop command: Wed Jul  1 08:26:36 2026 (1782865596)
Elapsed time for command: 00:02:43 (163)
Workload elapsed time (0:1) = 155.224924 seconds
copy 0 finished @ Wed Jul  1 08:26:28 2026.  Total elapsed time: 155.224924
comparing files in '/home/hahafish/speccpu2006/benchspec/CPU2006/482.sphinx3/run/run_base_ref_infra-mixsan-wo-check_O2.0002'
comparing 'an4.log' with abstol=, binary=, calctol=0, cw=, floatcompare=1, ignorecase=, obiwan=, reltol=0.001, skipabstol=, skipobiwan=, skipreltol=, skiptol=
comparing 'considered.out' with abstol=, binary=, calctol=0, cw=, floatcompare=1, ignorecase=, obiwan=, reltol=0.0004, skipabstol=, skipobiwan=, skipreltol=, skiptol=
comparing 'total_considered.out' with abstol=, binary=, calctol=0, cw=, floatcompare=1, ignorecase=, obiwan=, reltol=1e-06, skipabstol=, skipobiwan=, skipreltol=, skiptol=
Specinvoke: /media/hahafish/Data/ForUbuntu/speccpu2006/bin/specinvoke -E -d /home/hahafish/speccpu2006/benchspec/CPU2006/482.sphinx3/run/run_base_ref_infra-mixsan-wo-check_O2.0002 -c 1 -e compare.err -o compare.stdout -f compare.cmd
Issuing command '/media/hahafish/Data/ForUbuntu/speccpu2006/bin/specinvoke -E -d /home/hahafish/speccpu2006/benchspec/CPU2006/482.sphinx3/run/run_base_ref_infra-mixsan-wo-check_O2.0002 -c 1 -e compare.err -o compare.stdout -f compare.cmd'
Start command: Wed Jul  1 08:26:36 2026 (1782865596)
Stop command: Wed Jul  1 08:26:39 2026 (1782865599)
Elapsed time for command: 00:00:03 (3)
Benchmark Times:
  Start:    Wed Jul  1 08:23:53 2026 (1782865433)
  Stop:     Wed Jul  1 08:26:36 2026 (1782865596)
  Elapsed:  00:02:43 (163)
  Reported: 155 224965000 155.224965
 Success 482.sphinx3 base ref ratio=125.56, runtime=155.224965

-----------------------------------
  Running (#3) 483.xalancbmk ref base infra-mixsan-wo-check_O2 default
Commands to run: 
    -C /media/hahafish/Data/ForUbuntu/speccpu2006/benchspec/CPU2006/483.xalancbmk/run/run_base_ref_infra-mixsan-wo-check_O2.0000
    -o ref.out -e ref.err ../run_base_ref_infra-mixsan-wo-check_O2.0000/Xalan_base.infra-mixsan-wo-check_O2 -v t5.xml xalanc.xsl
Specinvoke: /media/hahafish/Data/ForUbuntu/speccpu2006/bin/specinvoke -d /media/hahafish/Data/ForUbuntu/speccpu2006/benchspec/CPU2006/483.xalancbmk/run/run_base_ref_infra-mixsan-wo-check_O2.0000 -e speccmds.err -o speccmds.stdout -f speccmds.cmd -C
Issuing command '/media/hahafish/Data/ForUbuntu/speccpu2006/bin/specinvoke -d /media/hahafish/Data/ForUbuntu/speccpu2006/benchspec/CPU2006/483.xalancbmk/run/run_base_ref_infra-mixsan-wo-check_O2.0000 -e speccmds.err -o speccmds.stdout -f speccmds.cmd -C'
Start command: Wed Jul  1 08:26:39 2026 (1782865599)
Stop command: Wed Jul  1 08:27:40 2026 (1782865660)
Elapsed time for command: 00:01:01 (61)
Workload elapsed time (0:1) = 53.378194 seconds
copy 0 finished @ Wed Jul  1 08:27:32 2026.  Total elapsed time: 53.378194
comparing files in '/media/hahafish/Data/ForUbuntu/speccpu2006/benchspec/CPU2006/483.xalancbmk/run/run_base_ref_infra-mixsan-wo-check_O2.0000'
comparing 'ref.out' with abstol=, binary=, calctol=0, cw=, floatcompare=, ignorecase=, obiwan=, reltol=, skipabstol=, skipobiwan=, skipreltol=, skiptol=
Specinvoke: /media/hahafish/Data/ForUbuntu/speccpu2006/bin/specinvoke -E -d /media/hahafish/Data/ForUbuntu/speccpu2006/benchspec/CPU2006/483.xalancbmk/run/run_base_ref_infra-mixsan-wo-check_O2.0000 -c 1 -e compare.err -o compare.stdout -f compare.cmd
Issuing command '/media/hahafish/Data/ForUbuntu/speccpu2006/bin/specinvoke -E -d /media/hahafish/Data/ForUbuntu/speccpu2006/benchspec/CPU2006/483.xalancbmk/run/run_base_ref_infra-mixsan-wo-check_O2.0000 -c 1 -e compare.err -o compare.stdout -f compare.cmd'
Start command: Wed Jul  1 08:27:40 2026 (1782865660)
Stop command: Wed Jul  1 08:27:42 2026 (1782865662)
Elapsed time for command: 00:00:02 (2)
Benchmark Times:
  Start:    Wed Jul  1 08:26:39 2026 (1782865599)
  Stop:     Wed Jul  1 08:27:40 2026 (1782865660)
  Elapsed:  00:01:01 (61)
  Reported: 53 378239000 53.378239
 Success 483.xalancbmk base ref ratio=129.27, runtime=53.378239
Error: 3x450.soplex
Success: 3x400.perlbench 3x401.bzip2 3x403.gcc 3x429.mcf 3x433.milc 3x444.namd 3x445.gobmk 3x447.dealII 3x453.povray 3x456.hmmer 3x458.sjeng 3x462.libquantum 3x464.h264ref 3x470.lbm 3x471.omnetpp 3x473.astar 3x482.sphinx3 3x483.xalancbmk
Producing Reports
mach: default
  ext: infra-mixsan-wo-check_O2
    size: ref
      set: int
           Flag reduction took 0.0022070s
        format: raw -> /media/hahafish/Data/ForUbuntu/speccpu2006/result/CINT2006.1862.rsf
        format: flags -> /media/hahafish/Data/ForUbuntu/speccpu2006/result/CINT2006.1862.flags.html
        format: ASCII -> /media/hahafish/Data/ForUbuntu/speccpu2006/result/CINT2006.1862.txt
        format: HTML -> /media/hahafish/Data/ForUbuntu/speccpu2006/result/CINT2006.1862.html, CINT2006.1862.gif
      set: fp
           Flag reduction took 0.0014610s
        format: raw -> /media/hahafish/Data/ForUbuntu/speccpu2006/result/CFP2006.1862.rsf
        format: flags -> /media/hahafish/Data/ForUbuntu/speccpu2006/result/CFP2006.1862.flags.html
        format: ASCII -> /media/hahafish/Data/ForUbuntu/speccpu2006/result/CFP2006.1862.txt
        format: HTML -> /media/hahafish/Data/ForUbuntu/speccpu2006/result/CFP2006.1862.html, CFP2006.1862.gif

The log for this run is in /media/hahafish/Data/ForUbuntu/speccpu2006/result/CPU2006.1862.log

runspec finished at Wed Jul  1 08:27:42 2026; 8478 total seconds elapsed
