runspec started at Wed Jul  1 02:43:55 2026 on "Ubuntu"
runspec is: /media/hahafish/Data/ForUbuntu/speccpu2006/bin/runspec
runspec: runspec --config=infra-mixsan_O2 --nobuild --iterations 3 --ignore_errors 400.perlbench 401.bzip2 403.gcc 429.mcf 433.milc 444.namd 445.gobmk 447.dealII 450.soplex 453.povray 456.hmmer 458.sjeng 462.libquantum 464.h264ref 470.lbm 471.omnetpp 473.astar 482.sphinx3 483.xalancbmk

Locating benchmarks...found 31 benchmarks in 12 benchsets.
Locating output formats: ASCII, config, CSV, flags, HTML, mail, PDF, PostScript, raw, Screen, Submission Check
Reading config file '/media/hahafish/Data/ForUbuntu/speccpu2006/config/infra-mixsan_O2.cfg'
Verbosity = 5
Action    = validate
Tune      = base
Ext       = infra-mixsan_O2
Size      = ref
Machine   = default
benchmarks= 400.perlbench,401.bzip2,403.gcc,429.mcf,433.milc,444.namd,445.gobmk,447.dealII,450.soplex,453.povray,456.hmmer,458.sjeng,462.libquantum,464.h264ref,470.lbm,471.omnetpp,473.astar,482.sphinx3,483.xalancbmk
outputs   = raw,flags,ASCII,HTML
username  = hahafish
Benchmarks selected: 400.perlbench, 401.bzip2, 403.gcc, 429.mcf, 433.milc, 444.namd, 445.gobmk, 447.dealII, 450.soplex, 453.povray, 456.hmmer, 458.sjeng, 462.libquantum, 464.h264ref, 470.lbm, 471.omnetpp, 473.astar, 482.sphinx3, 483.xalancbmk
Compiling Binaries

------------------------------------------------------------------------
  Up to date 400.perlbench ref base infra-mixsan_O2 default

------------------------------------------------------------------------
  Up to date 401.bzip2 ref base infra-mixsan_O2 default

------------------------------------------------------------------------
  Up to date 403.gcc ref base infra-mixsan_O2 default

------------------------------------------------------------------------
  Up to date 429.mcf ref base infra-mixsan_O2 default

------------------------------------------------------------------------
  Up to date 433.milc ref base infra-mixsan_O2 default

------------------------------------------------------------------------
  Up to date 444.namd ref base infra-mixsan_O2 default

------------------------------------------------------------------------
  Up to date 445.gobmk ref base infra-mixsan_O2 default

------------------------------------------------------------------------
  Up to date 447.dealII ref base infra-mixsan_O2 default

------------------------------------------------------------------------
  Up to date 450.soplex ref base infra-mixsan_O2 default

------------------------------------------------------------------------
  Up to date 453.povray ref base infra-mixsan_O2 default

------------------------------------------------------------------------
  Up to date 456.hmmer ref base infra-mixsan_O2 default

------------------------------------------------------------------------
  Up to date 458.sjeng ref base infra-mixsan_O2 default

------------------------------------------------------------------------
  Up to date 462.libquantum ref base infra-mixsan_O2 default

------------------------------------------------------------------------
  Up to date 464.h264ref ref base infra-mixsan_O2 default

------------------------------------------------------------------------
  Up to date 470.lbm ref base infra-mixsan_O2 default

------------------------------------------------------------------------
  Up to date 471.omnetpp ref base infra-mixsan_O2 default

------------------------------------------------------------------------
  Up to date 473.astar ref base infra-mixsan_O2 default

------------------------------------------------------------------------
  Up to date 482.sphinx3 ref base infra-mixsan_O2 default

------------------------------------------------------------------------
  Up to date 483.xalancbmk ref base infra-mixsan_O2 default


Parsing Flags
  Looking at 400.perlbench base infra-mixsan_O2 default: done
  Looking at 401.bzip2 base infra-mixsan_O2 default: done
  Looking at 403.gcc base infra-mixsan_O2 default: done
  Looking at 429.mcf base infra-mixsan_O2 default: done
  Looking at 433.milc base infra-mixsan_O2 default: done
  Looking at 444.namd base infra-mixsan_O2 default: done
  Looking at 445.gobmk base infra-mixsan_O2 default: done
  Looking at 447.dealII base infra-mixsan_O2 default: done
  Looking at 450.soplex base infra-mixsan_O2 default: done
  Looking at 453.povray base infra-mixsan_O2 default: done
  Looking at 456.hmmer base infra-mixsan_O2 default: done
  Looking at 458.sjeng base infra-mixsan_O2 default: done
  Looking at 462.libquantum base infra-mixsan_O2 default: done
  Looking at 464.h264ref base infra-mixsan_O2 default: done
  Looking at 470.lbm base infra-mixsan_O2 default: done
  Looking at 471.omnetpp base infra-mixsan_O2 default: done
  Looking at 473.astar base infra-mixsan_O2 default: done
  Looking at 482.sphinx3 base infra-mixsan_O2 default: done
  Looking at 483.xalancbmk base infra-mixsan_O2 default: done
Flag Parsing Complete

Setting Up Run Directories
  Setting up 400.perlbench ref base infra-mixsan_O2 default: created (run_base_ref_infra-mixsan_O2.0000)
  Setting up 401.bzip2 ref base infra-mixsan_O2 default: 
Notice: Unusable path detected in run directory list file.
  /media/hahafish/Data/ForUbuntu/speccpu2006/benchspec/CPU2006/401.bzip2/run/list
references one or more paths which will be ignored, because they are
not subdirectories of this run directory.  This condition may be a
result of having moved your SPEC benchmark tree.  If that's what happened,
and if you don't need the old run directories, you can just remove
them, along with the list file.  (Usually it's safe to delete old
run directories, as they are automatically re-created when needed.)


created (run_base_ref_infra-mixsan_O2.0000)
  Setting up 403.gcc ref base infra-mixsan_O2 default: created (run_base_ref_infra-mixsan_O2.0000)
  Setting up 429.mcf ref base infra-mixsan_O2 default: 
Notice: Unusable path detected in run directory list file.
  /media/hahafish/Data/ForUbuntu/speccpu2006/benchspec/CPU2006/429.mcf/run/list
references one or more paths which will be ignored, because they are
not subdirectories of this run directory.  This condition may be a
result of having moved your SPEC benchmark tree.  If that's what happened,
and if you don't need the old run directories, you can just remove
them, along with the list file.  (Usually it's safe to delete old
run directories, as they are automatically re-created when needed.)


created (run_base_ref_infra-mixsan_O2.0007)
  Setting up 433.milc ref base infra-mixsan_O2 default: 
Notice: Unusable path detected in run directory list file.
  /media/hahafish/Data/ForUbuntu/speccpu2006/benchspec/CPU2006/433.milc/run/list
references one or more paths which will be ignored, because they are
not subdirectories of this run directory.  This condition may be a
result of having moved your SPEC benchmark tree.  If that's what happened,
and if you don't need the old run directories, you can just remove
them, along with the list file.  (Usually it's safe to delete old
run directories, as they are automatically re-created when needed.)


created (run_base_ref_infra-mixsan_O2.0006)
  Setting up 444.namd ref base infra-mixsan_O2 default: created (run_base_ref_infra-mixsan_O2.0000)
  Setting up 445.gobmk ref base infra-mixsan_O2 default: 
Notice: Unusable path detected in run directory list file.
  /media/hahafish/Data/ForUbuntu/speccpu2006/benchspec/CPU2006/445.gobmk/run/list
references one or more paths which will be ignored, because they are
not subdirectories of this run directory.  This condition may be a
result of having moved your SPEC benchmark tree.  If that's what happened,
and if you don't need the old run directories, you can just remove
them, along with the list file.  (Usually it's safe to delete old
run directories, as they are automatically re-created when needed.)


created (run_base_ref_infra-mixsan_O2.0006)
  Setting up 447.dealII ref base infra-mixsan_O2 default: created (run_base_ref_infra-mixsan_O2.0000)
  Setting up 450.soplex ref base infra-mixsan_O2 default: created (run_base_ref_infra-mixsan_O2.0000)
  Setting up 453.povray ref base infra-mixsan_O2 default: 
Notice: Unusable path detected in run directory list file.
  /media/hahafish/Data/ForUbuntu/speccpu2006/benchspec/CPU2006/453.povray/run/list
references one or more paths which will be ignored, because they are
not subdirectories of this run directory.  This condition may be a
result of having moved your SPEC benchmark tree.  If that's what happened,
and if you don't need the old run directories, you can just remove
them, along with the list file.  (Usually it's safe to delete old
run directories, as they are automatically re-created when needed.)


created (run_base_ref_infra-mixsan_O2.0000)
  Setting up 456.hmmer ref base infra-mixsan_O2 default: 
Notice: Unusable path detected in run directory list file.
  /media/hahafish/Data/ForUbuntu/speccpu2006/benchspec/CPU2006/456.hmmer/run/list
references one or more paths which will be ignored, because they are
not subdirectories of this run directory.  This condition may be a
result of having moved your SPEC benchmark tree.  If that's what happened,
and if you don't need the old run directories, you can just remove
them, along with the list file.  (Usually it's safe to delete old
run directories, as they are automatically re-created when needed.)


created (run_base_ref_infra-mixsan_O2.0006)
  Setting up 458.sjeng ref base infra-mixsan_O2 default: 
Notice: Unusable path detected in run directory list file.
  /media/hahafish/Data/ForUbuntu/speccpu2006/benchspec/CPU2006/458.sjeng/run/list
references one or more paths which will be ignored, because they are
not subdirectories of this run directory.  This condition may be a
result of having moved your SPEC benchmark tree.  If that's what happened,
and if you don't need the old run directories, you can just remove
them, along with the list file.  (Usually it's safe to delete old
run directories, as they are automatically re-created when needed.)


created (run_base_ref_infra-mixsan_O2.0000)
  Setting up 462.libquantum ref base infra-mixsan_O2 default: 
Notice: Unusable path detected in run directory list file.
  /media/hahafish/Data/ForUbuntu/speccpu2006/benchspec/CPU2006/462.libquantum/run/list
references one or more paths which will be ignored, because they are
not subdirectories of this run directory.  This condition may be a
result of having moved your SPEC benchmark tree.  If that's what happened,
and if you don't need the old run directories, you can just remove
them, along with the list file.  (Usually it's safe to delete old
run directories, as they are automatically re-created when needed.)


created (run_base_ref_infra-mixsan_O2.0000)
  Setting up 464.h264ref ref base infra-mixsan_O2 default: 
Notice: Unusable path detected in run directory list file.
  /media/hahafish/Data/ForUbuntu/speccpu2006/benchspec/CPU2006/464.h264ref/run/list
references one or more paths which will be ignored, because they are
not subdirectories of this run directory.  This condition may be a
result of having moved your SPEC benchmark tree.  If that's what happened,
and if you don't need the old run directories, you can just remove
them, along with the list file.  (Usually it's safe to delete old
run directories, as they are automatically re-created when needed.)


created (run_base_ref_infra-mixsan_O2.0000)
  Setting up 470.lbm ref base infra-mixsan_O2 default: existing (run_base_ref_infra-mixsan_O2.0000)
  Setting up 471.omnetpp ref base infra-mixsan_O2 default: created (run_base_ref_infra-mixsan_O2.0000)
  Setting up 473.astar ref base infra-mixsan_O2 default: 
Notice: Unusable path detected in run directory list file.
  /media/hahafish/Data/ForUbuntu/speccpu2006/benchspec/CPU2006/473.astar/run/list
references one or more paths which will be ignored, because they are
not subdirectories of this run directory.  This condition may be a
result of having moved your SPEC benchmark tree.  If that's what happened,
and if you don't need the old run directories, you can just remove
them, along with the list file.  (Usually it's safe to delete old
run directories, as they are automatically re-created when needed.)


created (run_base_ref_infra-mixsan_O2.0000)
  Setting up 482.sphinx3 ref base infra-mixsan_O2 default: 
Notice: Unusable path detected in run directory list file.
  /media/hahafish/Data/ForUbuntu/speccpu2006/benchspec/CPU2006/482.sphinx3/run/list
references one or more paths which will be ignored, because they are
not subdirectories of this run directory.  This condition may be a
result of having moved your SPEC benchmark tree.  If that's what happened,
and if you don't need the old run directories, you can just remove
them, along with the list file.  (Usually it's safe to delete old
run directories, as they are automatically re-created when needed.)


created (run_base_ref_infra-mixsan_O2.0006)
  Setting up 483.xalancbmk ref base infra-mixsan_O2 default: created (run_base_ref_infra-mixsan_O2.0000)

-----------------------------------
Running Benchmarks

-----------------------------------
  Running (#1) 400.perlbench ref base infra-mixsan_O2 default
Commands to run: 
    -C /media/hahafish/Data/ForUbuntu/speccpu2006/benchspec/CPU2006/400.perlbench/run/run_base_ref_infra-mixsan_O2.0000
    -o checkspam.2500.5.25.11.150.1.1.1.1.out -e checkspam.2500.5.25.11.150.1.1.1.1.err ../run_base_ref_infra-mixsan_O2.0000/perlbench_base.infra-mixsan_O2 -I./lib checkspam.pl 2500 5 25 11 150 1 1 1 1
    -o diffmail.4.800.10.17.19.300.out -e diffmail.4.800.10.17.19.300.err ../run_base_ref_infra-mixsan_O2.0000/perlbench_base.infra-mixsan_O2 -I./lib diffmail.pl 4 800 10 17 19 300
    -o splitmail.1600.12.26.16.4500.out -e splitmail.1600.12.26.16.4500.err ../run_base_ref_infra-mixsan_O2.0000/perlbench_base.infra-mixsan_O2 -I./lib splitmail.pl 1600 12 26 16 4500
Specinvoke: /media/hahafish/Data/ForUbuntu/speccpu2006/bin/specinvoke -d /media/hahafish/Data/ForUbuntu/speccpu2006/benchspec/CPU2006/400.perlbench/run/run_base_ref_infra-mixsan_O2.0000 -e speccmds.err -o speccmds.stdout -f speccmds.cmd -C
Issuing command '/media/hahafish/Data/ForUbuntu/speccpu2006/bin/specinvoke -d /media/hahafish/Data/ForUbuntu/speccpu2006/benchspec/CPU2006/400.perlbench/run/run_base_ref_infra-mixsan_O2.0000 -e speccmds.err -o speccmds.stdout -f speccmds.cmd -C'
Start command: Wed Jul  1 02:44:04 2026 (1782845044)
Stop command: Wed Jul  1 02:47:26 2026 (1782845246)
Elapsed time for command: 00:03:22 (202)
Workload elapsed time (0:1) = 99.939066 seconds
Workload elapsed time (0:2) = 33.69521 seconds
Workload elapsed time (0:3) = 60.524218 seconds
copy 0 finished @ Wed Jul  1 02:47:18 2026.  Total elapsed time: 194.158494
comparing files in '/media/hahafish/Data/ForUbuntu/speccpu2006/benchspec/CPU2006/400.perlbench/run/run_base_ref_infra-mixsan_O2.0000'
comparing 'checkspam.2500.5.25.11.150.1.1.1.1.out' with abstol=, binary=, calctol=0, cw=, floatcompare=, ignorecase=, obiwan=, reltol=, skipabstol=, skipobiwan=, skipreltol=, skiptol=
comparing 'diffmail.4.800.10.17.19.300.out' with abstol=, binary=, calctol=0, cw=, floatcompare=, ignorecase=, obiwan=, reltol=, skipabstol=, skipobiwan=, skipreltol=, skiptol=
comparing 'splitmail.1600.12.26.16.4500.out' with abstol=, binary=, calctol=0, cw=, floatcompare=, ignorecase=, obiwan=, reltol=, skipabstol=, skipobiwan=, skipreltol=, skiptol=
Specinvoke: /media/hahafish/Data/ForUbuntu/speccpu2006/bin/specinvoke -E -d /media/hahafish/Data/ForUbuntu/speccpu2006/benchspec/CPU2006/400.perlbench/run/run_base_ref_infra-mixsan_O2.0000 -c 1 -e compare.err -o compare.stdout -f compare.cmd
Issuing command '/media/hahafish/Data/ForUbuntu/speccpu2006/bin/specinvoke -E -d /media/hahafish/Data/ForUbuntu/speccpu2006/benchspec/CPU2006/400.perlbench/run/run_base_ref_infra-mixsan_O2.0000 -c 1 -e compare.err -o compare.stdout -f compare.cmd'
Start command: Wed Jul  1 02:47:26 2026 (1782845246)
Stop command: Wed Jul  1 02:47:28 2026 (1782845248)
Elapsed time for command: 00:00:02 (2)
Benchmark Times:
  Start:    Wed Jul  1 02:44:04 2026 (1782845044)
  Stop:     Wed Jul  1 02:47:26 2026 (1782845246)
  Elapsed:  00:03:22 (202)
  Reported: 194 158553000 194.158553
 Success 400.perlbench base ref ratio=50.32, runtime=194.158553

-----------------------------------
  Running (#1) 401.bzip2 ref base infra-mixsan_O2 default
Commands to run: 
    -C /media/hahafish/Data/ForUbuntu/speccpu2006/benchspec/CPU2006/401.bzip2/run/run_base_ref_infra-mixsan_O2.0000
    -o input.source.out -e input.source.err ../run_base_ref_infra-mixsan_O2.0000/bzip2_base.infra-mixsan_O2 input.source 280
    -o chicken.jpg.out -e chicken.jpg.err ../run_base_ref_infra-mixsan_O2.0000/bzip2_base.infra-mixsan_O2 chicken.jpg 30
    -o liberty.jpg.out -e liberty.jpg.err ../run_base_ref_infra-mixsan_O2.0000/bzip2_base.infra-mixsan_O2 liberty.jpg 30
    -o input.program.out -e input.program.err ../run_base_ref_infra-mixsan_O2.0000/bzip2_base.infra-mixsan_O2 input.program 280
    -o text.html.out -e text.html.err ../run_base_ref_infra-mixsan_O2.0000/bzip2_base.infra-mixsan_O2 text.html 280
    -o input.combined.out -e input.combined.err ../run_base_ref_infra-mixsan_O2.0000/bzip2_base.infra-mixsan_O2 input.combined 200
Specinvoke: /media/hahafish/Data/ForUbuntu/speccpu2006/bin/specinvoke -d /media/hahafish/Data/ForUbuntu/speccpu2006/benchspec/CPU2006/401.bzip2/run/run_base_ref_infra-mixsan_O2.0000 -e speccmds.err -o speccmds.stdout -f speccmds.cmd -C
Issuing command '/media/hahafish/Data/ForUbuntu/speccpu2006/bin/specinvoke -d /media/hahafish/Data/ForUbuntu/speccpu2006/benchspec/CPU2006/401.bzip2/run/run_base_ref_infra-mixsan_O2.0000 -e speccmds.err -o speccmds.stdout -f speccmds.cmd -C'
Start command: Wed Jul  1 02:47:28 2026 (1782845248)
Stop command: Wed Jul  1 02:53:25 2026 (1782845605)
Elapsed time for command: 00:05:57 (357)
Workload elapsed time (0:1) = 68.563646 seconds
Workload elapsed time (0:2) = 21.757946 seconds
Workload elapsed time (0:3) = 35.907336 seconds
Workload elapsed time (0:4) = 74.999435 seconds
Workload elapsed time (0:5) = 94.664914 seconds
Workload elapsed time (0:6) = 52.802963 seconds
copy 0 finished @ Wed Jul  1 02:53:17 2026.  Total elapsed time: 348.69624
comparing files in '/media/hahafish/Data/ForUbuntu/speccpu2006/benchspec/CPU2006/401.bzip2/run/run_base_ref_infra-mixsan_O2.0000'
comparing 'chicken.jpg.out' with abstol=, binary=, calctol=0, cw=, floatcompare=, ignorecase=, obiwan=, reltol=, skipabstol=, skipobiwan=, skipreltol=, skiptol=
comparing 'input.combined.out' with abstol=, binary=, calctol=0, cw=, floatcompare=, ignorecase=, obiwan=, reltol=, skipabstol=, skipobiwan=, skipreltol=, skiptol=
comparing 'input.program.out' with abstol=, binary=, calctol=0, cw=, floatcompare=, ignorecase=, obiwan=, reltol=, skipabstol=, skipobiwan=, skipreltol=, skiptol=
comparing 'input.source.out' with abstol=, binary=, calctol=0, cw=, floatcompare=, ignorecase=, obiwan=, reltol=, skipabstol=, skipobiwan=, skipreltol=, skiptol=
comparing 'liberty.jpg.out' with abstol=, binary=, calctol=0, cw=, floatcompare=, ignorecase=, obiwan=, reltol=, skipabstol=, skipobiwan=, skipreltol=, skiptol=
comparing 'text.html.out' with abstol=, binary=, calctol=0, cw=, floatcompare=, ignorecase=, obiwan=, reltol=, skipabstol=, skipobiwan=, skipreltol=, skiptol=
Specinvoke: /media/hahafish/Data/ForUbuntu/speccpu2006/bin/specinvoke -E -d /media/hahafish/Data/ForUbuntu/speccpu2006/benchspec/CPU2006/401.bzip2/run/run_base_ref_infra-mixsan_O2.0000 -c 1 -e compare.err -o compare.stdout -f compare.cmd
Issuing command '/media/hahafish/Data/ForUbuntu/speccpu2006/bin/specinvoke -E -d /media/hahafish/Data/ForUbuntu/speccpu2006/benchspec/CPU2006/401.bzip2/run/run_base_ref_infra-mixsan_O2.0000 -c 1 -e compare.err -o compare.stdout -f compare.cmd'
Start command: Wed Jul  1 02:53:25 2026 (1782845605)
Stop command: Wed Jul  1 02:53:27 2026 (1782845607)
Elapsed time for command: 00:00:02 (2)
Benchmark Times:
  Start:    Wed Jul  1 02:47:28 2026 (1782845248)
  Stop:     Wed Jul  1 02:53:25 2026 (1782845605)
  Elapsed:  00:05:57 (357)
  Reported: 348 696330000 348.69633
 Success 401.bzip2 base ref ratio=27.67, runtime=348.696330

-----------------------------------
  Running (#1) 403.gcc ref base infra-mixsan_O2 default
Commands to run: 
    -C /media/hahafish/Data/ForUbuntu/speccpu2006/benchspec/CPU2006/403.gcc/run/run_base_ref_infra-mixsan_O2.0000
    -o 166.out -e 166.err ../run_base_ref_infra-mixsan_O2.0000/gcc_base.infra-mixsan_O2 166.i -o 166.s
    -o 200.out -e 200.err ../run_base_ref_infra-mixsan_O2.0000/gcc_base.infra-mixsan_O2 200.i -o 200.s
    -o c-typeck.out -e c-typeck.err ../run_base_ref_infra-mixsan_O2.0000/gcc_base.infra-mixsan_O2 c-typeck.i -o c-typeck.s
    -o cp-decl.out -e cp-decl.err ../run_base_ref_infra-mixsan_O2.0000/gcc_base.infra-mixsan_O2 cp-decl.i -o cp-decl.s
    -o expr.out -e expr.err ../run_base_ref_infra-mixsan_O2.0000/gcc_base.infra-mixsan_O2 expr.i -o expr.s
    -o expr2.out -e expr2.err ../run_base_ref_infra-mixsan_O2.0000/gcc_base.infra-mixsan_O2 expr2.i -o expr2.s
    -o g23.out -e g23.err ../run_base_ref_infra-mixsan_O2.0000/gcc_base.infra-mixsan_O2 g23.i -o g23.s
    -o s04.out -e s04.err ../run_base_ref_infra-mixsan_O2.0000/gcc_base.infra-mixsan_O2 s04.i -o s04.s
    -o scilab.out -e scilab.err ../run_base_ref_infra-mixsan_O2.0000/gcc_base.infra-mixsan_O2 scilab.i -o scilab.s
Specinvoke: /media/hahafish/Data/ForUbuntu/speccpu2006/bin/specinvoke -d /media/hahafish/Data/ForUbuntu/speccpu2006/benchspec/CPU2006/403.gcc/run/run_base_ref_infra-mixsan_O2.0000 -e speccmds.err -o speccmds.stdout -f speccmds.cmd -C
Issuing command '/media/hahafish/Data/ForUbuntu/speccpu2006/bin/specinvoke -d /media/hahafish/Data/ForUbuntu/speccpu2006/benchspec/CPU2006/403.gcc/run/run_base_ref_infra-mixsan_O2.0000 -e speccmds.err -o speccmds.stdout -f speccmds.cmd -C'
Start command: Wed Jul  1 02:53:27 2026 (1782845607)
Stop command: Wed Jul  1 02:56:36 2026 (1782845796)
Elapsed time for command: 00:03:09 (189)
Workload elapsed time (0:1) = 11.555028 seconds
Workload elapsed time (0:2) = 35.062281 seconds
Workload elapsed time (0:3) = 18.747399 seconds
Workload elapsed time (0:4) = 13.314698 seconds
Workload elapsed time (0:5) = 15.422689 seconds
Workload elapsed time (0:6) = 21.688379 seconds
Workload elapsed time (0:7) = 28.986545 seconds
Workload elapsed time (0:8) = 22.366271 seconds
Workload elapsed time (0:9) = 13.675588 seconds
copy 0 finished @ Wed Jul  1 02:56:28 2026.  Total elapsed time: 180.818878
comparing files in '/media/hahafish/Data/ForUbuntu/speccpu2006/benchspec/CPU2006/403.gcc/run/run_base_ref_infra-mixsan_O2.0000'
comparing '166.s' with abstol=, binary=, calctol=0, cw=, floatcompare=, ignorecase=, obiwan=, reltol=, skipabstol=, skipobiwan=, skipreltol=, skiptol=
comparing '200.s' with abstol=, binary=, calctol=0, cw=, floatcompare=, ignorecase=, obiwan=, reltol=, skipabstol=, skipobiwan=, skipreltol=, skiptol=
comparing 'c-typeck.s' with abstol=, binary=, calctol=0, cw=, floatcompare=, ignorecase=, obiwan=, reltol=, skipabstol=, skipobiwan=, skipreltol=, skiptol=
comparing 'cp-decl.s' with abstol=, binary=, calctol=0, cw=, floatcompare=, ignorecase=, obiwan=, reltol=, skipabstol=, skipobiwan=, skipreltol=, skiptol=
comparing 'expr.s' with abstol=, binary=, calctol=0, cw=, floatcompare=, ignorecase=, obiwan=, reltol=, skipabstol=, skipobiwan=, skipreltol=, skiptol=
comparing 'expr2.s' with abstol=, binary=, calctol=0, cw=, floatcompare=, ignorecase=, obiwan=, reltol=, skipabstol=, skipobiwan=, skipreltol=, skiptol=
comparing 'g23.s' with abstol=, binary=, calctol=0, cw=, floatcompare=, ignorecase=, obiwan=, reltol=, skipabstol=, skipobiwan=, skipreltol=, skiptol=
comparing 's04.s' with abstol=, binary=, calctol=0, cw=, floatcompare=, ignorecase=, obiwan=, reltol=, skipabstol=, skipobiwan=, skipreltol=, skiptol=
comparing 'scilab.s' with abstol=, binary=, calctol=0, cw=, floatcompare=, ignorecase=, obiwan=, reltol=, skipabstol=, skipobiwan=, skipreltol=, skiptol=
Specinvoke: /media/hahafish/Data/ForUbuntu/speccpu2006/bin/specinvoke -E -d /media/hahafish/Data/ForUbuntu/speccpu2006/benchspec/CPU2006/403.gcc/run/run_base_ref_infra-mixsan_O2.0000 -c 1 -e compare.err -o compare.stdout -f compare.cmd
Issuing command '/media/hahafish/Data/ForUbuntu/speccpu2006/bin/specinvoke -E -d /media/hahafish/Data/ForUbuntu/speccpu2006/benchspec/CPU2006/403.gcc/run/run_base_ref_infra-mixsan_O2.0000 -c 1 -e compare.err -o compare.stdout -f compare.cmd'
Start command: Wed Jul  1 02:56:36 2026 (1782845796)
Stop command: Wed Jul  1 02:56:38 2026 (1782845798)
Elapsed time for command: 00:00:02 (2)
Benchmark Times:
  Start:    Wed Jul  1 02:53:27 2026 (1782845607)
  Stop:     Wed Jul  1 02:56:36 2026 (1782845796)
  Elapsed:  00:03:09 (189)
  Reported: 180 819008000 180.819008
 Success 403.gcc base ref ratio=44.52, runtime=180.819008

-----------------------------------
  Running (#1) 429.mcf ref base infra-mixsan_O2 default
Commands to run: 
    -C /media/hahafish/Data/ForUbuntu/speccpu2006/benchspec/CPU2006/429.mcf/run/run_base_ref_infra-mixsan_O2.0007
    -o inp.out -e inp.err ../run_base_ref_infra-mixsan_O2.0007/mcf_base.infra-mixsan_O2 inp.in
Specinvoke: /media/hahafish/Data/ForUbuntu/speccpu2006/bin/specinvoke -d /media/hahafish/Data/ForUbuntu/speccpu2006/benchspec/CPU2006/429.mcf/run/run_base_ref_infra-mixsan_O2.0007 -e speccmds.err -o speccmds.stdout -f speccmds.cmd -C
Issuing command '/media/hahafish/Data/ForUbuntu/speccpu2006/bin/specinvoke -d /media/hahafish/Data/ForUbuntu/speccpu2006/benchspec/CPU2006/429.mcf/run/run_base_ref_infra-mixsan_O2.0007 -e speccmds.err -o speccmds.stdout -f speccmds.cmd -C'
Start command: Wed Jul  1 02:56:38 2026 (1782845798)
Stop command: Wed Jul  1 02:59:55 2026 (1782845995)
Elapsed time for command: 00:03:17 (197)
Workload elapsed time (0:1) = 188.905046 seconds
copy 0 finished @ Wed Jul  1 02:59:47 2026.  Total elapsed time: 188.905046
comparing files in '/media/hahafish/Data/ForUbuntu/speccpu2006/benchspec/CPU2006/429.mcf/run/run_base_ref_infra-mixsan_O2.0007'
comparing 'inp.out' with abstol=, binary=, calctol=0, cw=, floatcompare=, ignorecase=, obiwan=, reltol=, skipabstol=, skipobiwan=, skipreltol=, skiptol=
comparing 'mcf.out' with abstol=, binary=, calctol=0, cw=, floatcompare=, ignorecase=, obiwan=, reltol=, skipabstol=, skipobiwan=, skipreltol=, skiptol=
Specinvoke: /media/hahafish/Data/ForUbuntu/speccpu2006/bin/specinvoke -E -d /media/hahafish/Data/ForUbuntu/speccpu2006/benchspec/CPU2006/429.mcf/run/run_base_ref_infra-mixsan_O2.0007 -c 1 -e compare.err -o compare.stdout -f compare.cmd
Issuing command '/media/hahafish/Data/ForUbuntu/speccpu2006/bin/specinvoke -E -d /media/hahafish/Data/ForUbuntu/speccpu2006/benchspec/CPU2006/429.mcf/run/run_base_ref_infra-mixsan_O2.0007 -c 1 -e compare.err -o compare.stdout -f compare.cmd'
Start command: Wed Jul  1 02:59:55 2026 (1782845995)
Stop command: Wed Jul  1 02:59:57 2026 (1782845997)
Elapsed time for command: 00:00:02 (2)
Benchmark Times:
  Start:    Wed Jul  1 02:56:38 2026 (1782845798)
  Stop:     Wed Jul  1 02:59:55 2026 (1782845995)
  Elapsed:  00:03:17 (197)
  Reported: 188 905094000 188.905094
 Success 429.mcf base ref ratio=48.28, runtime=188.905094

-----------------------------------
  Running (#1) 433.milc ref base infra-mixsan_O2 default
Commands to run: 
    -C /home/hahafish/speccpu2006/benchspec/CPU2006/433.milc/run/run_base_ref_infra-mixsan_O2.0006
    -i su3imp.in -o su3imp.out -e su3imp.err ../run_base_ref_infra-mixsan_O2.0006/milc_base.infra-mixsan_O2
Specinvoke: /media/hahafish/Data/ForUbuntu/speccpu2006/bin/specinvoke -d /home/hahafish/speccpu2006/benchspec/CPU2006/433.milc/run/run_base_ref_infra-mixsan_O2.0006 -e speccmds.err -o speccmds.stdout -f speccmds.cmd -C
Issuing command '/media/hahafish/Data/ForUbuntu/speccpu2006/bin/specinvoke -d /home/hahafish/speccpu2006/benchspec/CPU2006/433.milc/run/run_base_ref_infra-mixsan_O2.0006 -e speccmds.err -o speccmds.stdout -f speccmds.cmd -C'
Start command: Wed Jul  1 02:59:57 2026 (1782845997)
Stop command: Wed Jul  1 03:02:44 2026 (1782846164)
Elapsed time for command: 00:02:47 (167)
Workload elapsed time (0:1) = 158.366003 seconds
copy 0 finished @ Wed Jul  1 03:02:36 2026.  Total elapsed time: 158.366003
comparing files in '/home/hahafish/speccpu2006/benchspec/CPU2006/433.milc/run/run_base_ref_infra-mixsan_O2.0006'
comparing 'su3imp.out' with abstol=2e-07, binary=, calctol=0, cw=, floatcompare=, ignorecase=, obiwan=, reltol=0.0001, skipabstol=, skipobiwan=, skipreltol=, skiptol=
Specinvoke: /media/hahafish/Data/ForUbuntu/speccpu2006/bin/specinvoke -E -d /home/hahafish/speccpu2006/benchspec/CPU2006/433.milc/run/run_base_ref_infra-mixsan_O2.0006 -c 1 -e compare.err -o compare.stdout -f compare.cmd
Issuing command '/media/hahafish/Data/ForUbuntu/speccpu2006/bin/specinvoke -E -d /home/hahafish/speccpu2006/benchspec/CPU2006/433.milc/run/run_base_ref_infra-mixsan_O2.0006 -c 1 -e compare.err -o compare.stdout -f compare.cmd'
Start command: Wed Jul  1 03:02:44 2026 (1782846164)
Stop command: Wed Jul  1 03:02:46 2026 (1782846166)
Elapsed time for command: 00:00:02 (2)
Benchmark Times:
  Start:    Wed Jul  1 02:59:57 2026 (1782845997)
  Stop:     Wed Jul  1 03:02:44 2026 (1782846164)
  Elapsed:  00:02:47 (167)
  Reported: 158 366051000 158.366051
 Success 433.milc base ref ratio=57.97, runtime=158.366051

-----------------------------------
  Running (#1) 444.namd ref base infra-mixsan_O2 default
Commands to run: 
    -C /media/hahafish/Data/ForUbuntu/speccpu2006/benchspec/CPU2006/444.namd/run/run_base_ref_infra-mixsan_O2.0000
    -o namd.stdout -e namd.err ../run_base_ref_infra-mixsan_O2.0000/namd_base.infra-mixsan_O2 --input namd.input --iterations 38 --output namd.out 
Specinvoke: /media/hahafish/Data/ForUbuntu/speccpu2006/bin/specinvoke -d /media/hahafish/Data/ForUbuntu/speccpu2006/benchspec/CPU2006/444.namd/run/run_base_ref_infra-mixsan_O2.0000 -e speccmds.err -o speccmds.stdout -f speccmds.cmd -C
Issuing command '/media/hahafish/Data/ForUbuntu/speccpu2006/bin/specinvoke -d /media/hahafish/Data/ForUbuntu/speccpu2006/benchspec/CPU2006/444.namd/run/run_base_ref_infra-mixsan_O2.0000 -e speccmds.err -o speccmds.stdout -f speccmds.cmd -C'
Start command: Wed Jul  1 03:02:46 2026 (1782846166)
Stop command: Wed Jul  1 03:05:51 2026 (1782846351)
Elapsed time for command: 00:03:05 (185)
Workload elapsed time (0:1) = 177.514784 seconds
copy 0 finished @ Wed Jul  1 03:05:43 2026.  Total elapsed time: 177.514784
comparing files in '/media/hahafish/Data/ForUbuntu/speccpu2006/benchspec/CPU2006/444.namd/run/run_base_ref_infra-mixsan_O2.0000'
comparing 'namd.out' with abstol=1e-05, binary=, calctol=0, cw=, floatcompare=, ignorecase=, obiwan=, reltol=, skipabstol=, skipobiwan=, skipreltol=, skiptol=
Specinvoke: /media/hahafish/Data/ForUbuntu/speccpu2006/bin/specinvoke -E -d /media/hahafish/Data/ForUbuntu/speccpu2006/benchspec/CPU2006/444.namd/run/run_base_ref_infra-mixsan_O2.0000 -c 1 -e compare.err -o compare.stdout -f compare.cmd
Issuing command '/media/hahafish/Data/ForUbuntu/speccpu2006/bin/specinvoke -E -d /media/hahafish/Data/ForUbuntu/speccpu2006/benchspec/CPU2006/444.namd/run/run_base_ref_infra-mixsan_O2.0000 -c 1 -e compare.err -o compare.stdout -f compare.cmd'
Start command: Wed Jul  1 03:05:51 2026 (1782846351)
Stop command: Wed Jul  1 03:05:53 2026 (1782846353)
Elapsed time for command: 00:00:02 (2)
Benchmark Times:
  Start:    Wed Jul  1 03:02:46 2026 (1782846166)
  Stop:     Wed Jul  1 03:05:51 2026 (1782846351)
  Elapsed:  00:03:05 (185)
  Reported: 177 514824000 177.514824
 Success 444.namd base ref ratio=45.18, runtime=177.514824

-----------------------------------
  Running (#1) 445.gobmk ref base infra-mixsan_O2 default
Commands to run: 
    -C /home/hahafish/speccpu2006/benchspec/CPU2006/445.gobmk/run/run_base_ref_infra-mixsan_O2.0006
    -i 13x13.tst -o 13x13.out -e 13x13.err ../run_base_ref_infra-mixsan_O2.0006/gobmk_base.infra-mixsan_O2 --quiet --mode gtp
    -i nngs.tst -o nngs.out -e nngs.err ../run_base_ref_infra-mixsan_O2.0006/gobmk_base.infra-mixsan_O2 --quiet --mode gtp
    -i score2.tst -o score2.out -e score2.err ../run_base_ref_infra-mixsan_O2.0006/gobmk_base.infra-mixsan_O2 --quiet --mode gtp
    -i trevorc.tst -o trevorc.out -e trevorc.err ../run_base_ref_infra-mixsan_O2.0006/gobmk_base.infra-mixsan_O2 --quiet --mode gtp
    -i trevord.tst -o trevord.out -e trevord.err ../run_base_ref_infra-mixsan_O2.0006/gobmk_base.infra-mixsan_O2 --quiet --mode gtp
Specinvoke: /media/hahafish/Data/ForUbuntu/speccpu2006/bin/specinvoke -d /home/hahafish/speccpu2006/benchspec/CPU2006/445.gobmk/run/run_base_ref_infra-mixsan_O2.0006 -e speccmds.err -o speccmds.stdout -f speccmds.cmd -C
Issuing command '/media/hahafish/Data/ForUbuntu/speccpu2006/bin/specinvoke -d /home/hahafish/speccpu2006/benchspec/CPU2006/445.gobmk/run/run_base_ref_infra-mixsan_O2.0006 -e speccmds.err -o speccmds.stdout -f speccmds.cmd -C'
Start command: Wed Jul  1 03:05:53 2026 (1782846353)
Stop command: Wed Jul  1 03:10:37 2026 (1782846637)
Elapsed time for command: 00:04:44 (284)
Workload elapsed time (0:1) = 38.309967 seconds
Workload elapsed time (0:2) = 98.056496 seconds
Workload elapsed time (0:3) = 50.464473 seconds
Workload elapsed time (0:4) = 37.783788 seconds
Workload elapsed time (0:5) = 50.545839 seconds
copy 0 finished @ Wed Jul  1 03:10:29 2026.  Total elapsed time: 275.160563
comparing files in '/home/hahafish/speccpu2006/benchspec/CPU2006/445.gobmk/run/run_base_ref_infra-mixsan_O2.0006'
comparing '13x13.out' with abstol=, binary=, calctol=0, cw=, floatcompare=, ignorecase=, obiwan=, reltol=, skipabstol=, skipobiwan=, skipreltol=, skiptol=
comparing 'nngs.out' with abstol=, binary=, calctol=0, cw=, floatcompare=, ignorecase=, obiwan=, reltol=, skipabstol=, skipobiwan=, skipreltol=, skiptol=
comparing 'score2.out' with abstol=, binary=, calctol=0, cw=, floatcompare=, ignorecase=, obiwan=, reltol=, skipabstol=, skipobiwan=, skipreltol=, skiptol=
comparing 'trevorc.out' with abstol=, binary=, calctol=0, cw=, floatcompare=, ignorecase=, obiwan=, reltol=, skipabstol=, skipobiwan=, skipreltol=, skiptol=
comparing 'trevord.out' with abstol=, binary=, calctol=0, cw=, floatcompare=, ignorecase=, obiwan=, reltol=, skipabstol=, skipobiwan=, skipreltol=, skiptol=
Specinvoke: /media/hahafish/Data/ForUbuntu/speccpu2006/bin/specinvoke -E -d /home/hahafish/speccpu2006/benchspec/CPU2006/445.gobmk/run/run_base_ref_infra-mixsan_O2.0006 -c 1 -e compare.err -o compare.stdout -f compare.cmd
Issuing command '/media/hahafish/Data/ForUbuntu/speccpu2006/bin/specinvoke -E -d /home/hahafish/speccpu2006/benchspec/CPU2006/445.gobmk/run/run_base_ref_infra-mixsan_O2.0006 -c 1 -e compare.err -o compare.stdout -f compare.cmd'
Start command: Wed Jul  1 03:10:37 2026 (1782846637)
Stop command: Wed Jul  1 03:10:39 2026 (1782846639)
Elapsed time for command: 00:00:02 (2)
Benchmark Times:
  Start:    Wed Jul  1 03:05:53 2026 (1782846353)
  Stop:     Wed Jul  1 03:10:37 2026 (1782846637)
  Elapsed:  00:04:44 (284)
  Reported: 275 160629000 275.160629
 Success 445.gobmk base ref ratio=38.12, runtime=275.160629

-----------------------------------
  Running (#1) 447.dealII ref base infra-mixsan_O2 default
Commands to run: 
    -C /media/hahafish/Data/ForUbuntu/speccpu2006/benchspec/CPU2006/447.dealII/run/run_base_ref_infra-mixsan_O2.0000
    -o log -e dealII.err ../run_base_ref_infra-mixsan_O2.0000/dealII_base.infra-mixsan_O2 23
Specinvoke: /media/hahafish/Data/ForUbuntu/speccpu2006/bin/specinvoke -d /media/hahafish/Data/ForUbuntu/speccpu2006/benchspec/CPU2006/447.dealII/run/run_base_ref_infra-mixsan_O2.0000 -e speccmds.err -o speccmds.stdout -f speccmds.cmd -C
Issuing command '/media/hahafish/Data/ForUbuntu/speccpu2006/bin/specinvoke -d /media/hahafish/Data/ForUbuntu/speccpu2006/benchspec/CPU2006/447.dealII/run/run_base_ref_infra-mixsan_O2.0000 -e speccmds.err -o speccmds.stdout -f speccmds.cmd -C'
Start command: Wed Jul  1 03:10:39 2026 (1782846639)
Stop command: Wed Jul  1 03:13:07 2026 (1782846787)
Elapsed time for command: 00:02:28 (148)
Workload elapsed time (0:1) = 140.610902 seconds
copy 0 finished @ Wed Jul  1 03:12:59 2026.  Total elapsed time: 140.610902
comparing files in '/media/hahafish/Data/ForUbuntu/speccpu2006/benchspec/CPU2006/447.dealII/run/run_base_ref_infra-mixsan_O2.0000'
comparing 'grid-0.eps' with abstol=1e-07, binary=, calctol=0, cw=, floatcompare=, ignorecase=, obiwan=, reltol=, skipabstol=, skipobiwan=, skipreltol=, skiptol=
comparing 'grid-1.eps' with abstol=1e-07, binary=, calctol=0, cw=, floatcompare=, ignorecase=, obiwan=, reltol=, skipabstol=, skipobiwan=, skipreltol=, skiptol=
comparing 'grid-2.eps' with abstol=1e-07, binary=, calctol=0, cw=, floatcompare=, ignorecase=, obiwan=, reltol=, skipabstol=, skipobiwan=, skipreltol=, skiptol=
comparing 'grid-3.eps' with abstol=1e-07, binary=, calctol=0, cw=, floatcompare=, ignorecase=, obiwan=, reltol=, skipabstol=, skipobiwan=, skipreltol=, skiptol=
comparing 'grid-4.eps' with abstol=1e-07, binary=, calctol=0, cw=, floatcompare=, ignorecase=, obiwan=, reltol=, skipabstol=, skipobiwan=, skipreltol=, skiptol=
comparing 'grid-5.eps' with abstol=1e-07, binary=, calctol=0, cw=, floatcompare=, ignorecase=, obiwan=, reltol=, skipabstol=, skipobiwan=, skipreltol=, skiptol=
comparing 'grid-6.eps' with abstol=1e-07, binary=, calctol=0, cw=, floatcompare=, ignorecase=, obiwan=, reltol=, skipabstol=, skipobiwan=, skipreltol=, skiptol=
comparing 'grid-7.eps' with abstol=1e-07, binary=, calctol=0, cw=, floatcompare=, ignorecase=, obiwan=, reltol=, skipabstol=, skipobiwan=, skipreltol=, skiptol=
comparing 'grid-8.eps' with abstol=1e-07, binary=, calctol=0, cw=, floatcompare=, ignorecase=, obiwan=, reltol=, skipabstol=, skipobiwan=, skipreltol=, skiptol=
comparing 'solution-0.gmv' with abstol=1e-07, binary=, calctol=0, cw=, floatcompare=, ignorecase=, obiwan=, reltol=, skipabstol=, skipobiwan=, skipreltol=, skiptol=
comparing 'solution-1.gmv' with abstol=1e-07, binary=, calctol=0, cw=, floatcompare=, ignorecase=, obiwan=, reltol=, skipabstol=, skipobiwan=, skipreltol=, skiptol=
comparing 'solution-2.gmv' with abstol=1e-07, binary=, calctol=0, cw=, floatcompare=, ignorecase=, obiwan=, reltol=, skipabstol=, skipobiwan=, skipreltol=, skiptol=
comparing 'solution-3.gmv' with abstol=1e-07, binary=, calctol=0, cw=, floatcompare=, ignorecase=, obiwan=, reltol=, skipabstol=, skipobiwan=, skipreltol=, skiptol=
comparing 'solution-4.gmv' with abstol=1e-07, binary=, calctol=0, cw=, floatcompare=, ignorecase=, obiwan=, reltol=, skipabstol=, skipobiwan=, skipreltol=, skiptol=
comparing 'solution-5.gmv' with abstol=1e-07, binary=, calctol=0, cw=, floatcompare=, ignorecase=, obiwan=, reltol=, skipabstol=, skipobiwan=, skipreltol=, skiptol=
comparing 'solution-6.gmv' with abstol=1e-07, binary=, calctol=0, cw=, floatcompare=, ignorecase=, obiwan=, reltol=, skipabstol=, skipobiwan=, skipreltol=, skiptol=
comparing 'solution-7.gmv' with abstol=1e-07, binary=, calctol=0, cw=, floatcompare=, ignorecase=, obiwan=, reltol=, skipabstol=, skipobiwan=, skipreltol=, skiptol=
comparing 'solution-8.gmv' with abstol=1e-07, binary=, calctol=0, cw=, floatcompare=, ignorecase=, obiwan=, reltol=, skipabstol=, skipobiwan=, skipreltol=, skiptol=
comparing 'grid-10.eps' with abstol=1e-07, binary=, calctol=0, cw=, floatcompare=, ignorecase=, obiwan=, reltol=, skipabstol=, skipobiwan=, skipreltol=, skiptol=
comparing 'grid-11.eps' with abstol=1e-07, binary=, calctol=0, cw=, floatcompare=, ignorecase=, obiwan=, reltol=, skipabstol=, skipobiwan=, skipreltol=, skiptol=
comparing 'grid-12.eps' with abstol=1e-07, binary=, calctol=0, cw=, floatcompare=, ignorecase=, obiwan=, reltol=, skipabstol=, skipobiwan=, skipreltol=, skiptol=
comparing 'grid-13.eps' with abstol=1e-07, binary=, calctol=0, cw=, floatcompare=, ignorecase=, obiwan=, reltol=, skipabstol=, skipobiwan=, skipreltol=, skiptol=
comparing 'grid-14.eps' with abstol=1e-07, binary=, calctol=0, cw=, floatcompare=, ignorecase=, obiwan=, reltol=, skipabstol=, skipobiwan=, skipreltol=, skiptol=
comparing 'grid-15.eps' with abstol=1e-07, binary=, calctol=0, cw=, floatcompare=, ignorecase=, obiwan=, reltol=, skipabstol=, skipobiwan=, skipreltol=, skiptol=
comparing 'grid-16.eps' with abstol=1e-07, binary=, calctol=0, cw=, floatcompare=, ignorecase=, obiwan=, reltol=, skipabstol=, skipobiwan=, skipreltol=, skiptol=
comparing 'grid-17.eps' with abstol=1e-07, binary=, calctol=0, cw=, floatcompare=, ignorecase=, obiwan=, reltol=, skipabstol=, skipobiwan=, skipreltol=, skiptol=
comparing 'grid-18.eps' with abstol=1e-07, binary=, calctol=0, cw=, floatcompare=, ignorecase=, obiwan=, reltol=, skipabstol=, skipobiwan=, skipreltol=, skiptol=
comparing 'grid-19.eps' with abstol=1e-07, binary=, calctol=0, cw=, floatcompare=, ignorecase=, obiwan=, reltol=, skipabstol=, skipobiwan=, skipreltol=, skiptol=
comparing 'grid-20.eps' with abstol=1e-07, binary=, calctol=0, cw=, floatcompare=, ignorecase=, obiwan=, reltol=, skipabstol=, skipobiwan=, skipreltol=, skiptol=
comparing 'grid-21.eps' with abstol=1e-07, binary=, calctol=0, cw=, floatcompare=, ignorecase=, obiwan=, reltol=, skipabstol=, skipobiwan=, skipreltol=, skiptol=
comparing 'grid-22.eps' with abstol=1e-07, binary=, calctol=0, cw=, floatcompare=, ignorecase=, obiwan=, reltol=, skipabstol=, skipobiwan=, skipreltol=, skiptol=
comparing 'grid-23.eps' with abstol=1e-07, binary=, calctol=0, cw=, floatcompare=, ignorecase=, obiwan=, reltol=, skipabstol=, skipobiwan=, skipreltol=, skiptol=
comparing 'grid-9.eps' with abstol=1e-07, binary=, calctol=0, cw=, floatcompare=, ignorecase=, obiwan=, reltol=, skipabstol=, skipobiwan=, skipreltol=, skiptol=
comparing 'log' with abstol=1e-07, binary=, calctol=0, cw=, floatcompare=, ignorecase=, obiwan=, reltol=, skipabstol=, skipobiwan=, skipreltol=, skiptol=
comparing 'solution-10.gmv' with abstol=1e-07, binary=, calctol=0, cw=, floatcompare=, ignorecase=, obiwan=, reltol=, skipabstol=, skipobiwan=, skipreltol=, skiptol=
comparing 'solution-11.gmv' with abstol=1e-07, binary=, calctol=0, cw=, floatcompare=, ignorecase=, obiwan=, reltol=, skipabstol=, skipobiwan=, skipreltol=, skiptol=
comparing 'solution-12.gmv' with abstol=1e-07, binary=, calctol=0, cw=, floatcompare=, ignorecase=, obiwan=, reltol=, skipabstol=, skipobiwan=, skipreltol=, skiptol=
comparing 'solution-13.gmv' with abstol=1e-07, binary=, calctol=0, cw=, floatcompare=, ignorecase=, obiwan=, reltol=, skipabstol=, skipobiwan=, skipreltol=, skiptol=
comparing 'solution-14.gmv' with abstol=1e-07, binary=, calctol=0, cw=, floatcompare=, ignorecase=, obiwan=, reltol=, skipabstol=, skipobiwan=, skipreltol=, skiptol=
comparing 'solution-15.gmv' with abstol=1e-07, binary=, calctol=0, cw=, floatcompare=, ignorecase=, obiwan=, reltol=, skipabstol=, skipobiwan=, skipreltol=, skiptol=
comparing 'solution-16.gmv' with abstol=1e-07, binary=, calctol=0, cw=, floatcompare=, ignorecase=, obiwan=, reltol=, skipabstol=, skipobiwan=, skipreltol=, skiptol=
comparing 'solution-17.gmv' with abstol=1e-07, binary=, calctol=0, cw=, floatcompare=, ignorecase=, obiwan=, reltol=, skipabstol=, skipobiwan=, skipreltol=, skiptol=
comparing 'solution-18.gmv' with abstol=1e-07, binary=, calctol=0, cw=, floatcompare=, ignorecase=, obiwan=, reltol=, skipabstol=, skipobiwan=, skipreltol=, skiptol=
comparing 'solution-19.gmv' with abstol=1e-07, binary=, calctol=0, cw=, floatcompare=, ignorecase=, obiwan=, reltol=, skipabstol=, skipobiwan=, skipreltol=, skiptol=
comparing 'solution-20.gmv' with abstol=1e-07, binary=, calctol=0, cw=, floatcompare=, ignorecase=, obiwan=, reltol=, skipabstol=, skipobiwan=, skipreltol=, skiptol=
comparing 'solution-21.gmv' with abstol=1e-07, binary=, calctol=0, cw=, floatcompare=, ignorecase=, obiwan=, reltol=, skipabstol=, skipobiwan=, skipreltol=, skiptol=
comparing 'solution-22.gmv' with abstol=1e-07, binary=, calctol=0, cw=, floatcompare=, ignorecase=, obiwan=, reltol=, skipabstol=, skipobiwan=, skipreltol=, skiptol=
comparing 'solution-23.gmv' with abstol=1e-07, binary=, calctol=0, cw=, floatcompare=, ignorecase=, obiwan=, reltol=, skipabstol=, skipobiwan=, skipreltol=, skiptol=
comparing 'solution-9.gmv' with abstol=1e-07, binary=, calctol=0, cw=, floatcompare=, ignorecase=, obiwan=, reltol=, skipabstol=, skipobiwan=, skipreltol=, skiptol=
Specinvoke: /media/hahafish/Data/ForUbuntu/speccpu2006/bin/specinvoke -E -d /media/hahafish/Data/ForUbuntu/speccpu2006/benchspec/CPU2006/447.dealII/run/run_base_ref_infra-mixsan_O2.0000 -c 1 -e compare.err -o compare.stdout -f compare.cmd
Issuing command '/media/hahafish/Data/ForUbuntu/speccpu2006/bin/specinvoke -E -d /media/hahafish/Data/ForUbuntu/speccpu2006/benchspec/CPU2006/447.dealII/run/run_base_ref_infra-mixsan_O2.0000 -c 1 -e compare.err -o compare.stdout -f compare.cmd'
Start command: Wed Jul  1 03:13:07 2026 (1782846787)
Stop command: Wed Jul  1 03:13:22 2026 (1782846802)
Elapsed time for command: 00:00:15 (15)
Benchmark Times:
  Start:    Wed Jul  1 03:10:39 2026 (1782846639)
  Stop:     Wed Jul  1 03:13:07 2026 (1782846787)
  Elapsed:  00:02:28 (148)
  Reported: 140 610946000 140.610946
 Success 447.dealII base ref ratio=81.36, runtime=140.610946

-----------------------------------
  Running (#1) 450.soplex ref base infra-mixsan_O2 default
Commands to run: 
    -C /media/hahafish/Data/ForUbuntu/speccpu2006/benchspec/CPU2006/450.soplex/run/run_base_ref_infra-mixsan_O2.0000
    -o pds-50.mps.out -e pds-50.mps.stderr ../run_base_ref_infra-mixsan_O2.0000/soplex_base.infra-mixsan_O2 -s1 -e -m45000 pds-50.mps
    -o ref.out -e ref.stderr ../run_base_ref_infra-mixsan_O2.0000/soplex_base.infra-mixsan_O2 -m3500 ref.mps
Specinvoke: /media/hahafish/Data/ForUbuntu/speccpu2006/bin/specinvoke -d /media/hahafish/Data/ForUbuntu/speccpu2006/benchspec/CPU2006/450.soplex/run/run_base_ref_infra-mixsan_O2.0000 -e speccmds.err -o speccmds.stdout -f speccmds.cmd -C
Issuing command '/media/hahafish/Data/ForUbuntu/speccpu2006/bin/specinvoke -d /media/hahafish/Data/ForUbuntu/speccpu2006/benchspec/CPU2006/450.soplex/run/run_base_ref_infra-mixsan_O2.0000 -e speccmds.err -o speccmds.stdout -f speccmds.cmd -C'
Start command: Wed Jul  1 03:13:22 2026 (1782846802)
Stop command: Wed Jul  1 03:16:00 2026 (1782846960)
Elapsed time for command: 00:02:38 (158)
Workload elapsed time (0:1) = 73.815115 seconds
Workload elapsed time (0:2) = 76.313861 seconds
copy 0 finished @ Wed Jul  1 03:15:52 2026.  Total elapsed time: 150.128976
comparing files in '/media/hahafish/Data/ForUbuntu/speccpu2006/benchspec/CPU2006/450.soplex/run/run_base_ref_infra-mixsan_O2.0000'
comparing 'pds-50.mps.out' with abstol=1e-05, binary=, calctol=0, cw=, floatcompare=, ignorecase=, obiwan=1, reltol=0.02, skipabstol=, skipobiwan=, skipreltol=, skiptol=
comparing 'pds-50.mps.stderr' with abstol=20, binary=, calctol=0, cw=, floatcompare=, ignorecase=, obiwan=1, reltol=0.0001, skipabstol=, skipobiwan=, skipreltol=, skiptol=
comparing 'ref.out' with abstol=1e-05, binary=, calctol=0, cw=, floatcompare=, ignorecase=, obiwan=1, reltol=0.02, skipabstol=, skipobiwan=, skipreltol=, skiptol=
comparing 'ref.stderr' with abstol=20, binary=, calctol=0, cw=, floatcompare=, ignorecase=, obiwan=1, reltol=0.0001, skipabstol=, skipobiwan=, skipreltol=, skiptol=
Specinvoke: /media/hahafish/Data/ForUbuntu/speccpu2006/bin/specinvoke -E -d /media/hahafish/Data/ForUbuntu/speccpu2006/benchspec/CPU2006/450.soplex/run/run_base_ref_infra-mixsan_O2.0000 -c 1 -e compare.err -o compare.stdout -f compare.cmd
Issuing command '/media/hahafish/Data/ForUbuntu/speccpu2006/bin/specinvoke -E -d /media/hahafish/Data/ForUbuntu/speccpu2006/benchspec/CPU2006/450.soplex/run/run_base_ref_infra-mixsan_O2.0000 -c 1 -e compare.err -o compare.stdout -f compare.cmd'
Start command: Wed Jul  1 03:16:00 2026 (1782846960)
Stop command: Wed Jul  1 03:16:02 2026 (1782846962)
Elapsed time for command: 00:00:02 (2)
Error with '/media/hahafish/Data/ForUbuntu/speccpu2006/bin/specinvoke -E -d /media/hahafish/Data/ForUbuntu/speccpu2006/benchspec/CPU2006/450.soplex/run/run_base_ref_infra-mixsan_O2.0000 -c 1 -e compare.err -o compare.stdout -f compare.cmd': check file '/media/hahafish/Data/ForUbuntu/speccpu2006/benchspec/CPU2006/450.soplex/run/run_base_ref_infra-mixsan_O2.0000/.err'
*** Miscompare of pds-50.mps.stderr, see /media/hahafish/Data/ForUbuntu/speccpu2006/benchspec/CPU2006/450.soplex/run/run_base_ref_infra-mixsan_O2.0000/pds-50.mps.stderr.mis
'pds-50.mps.stderr' long
*** Miscompare of ref.stderr, see /media/hahafish/Data/ForUbuntu/speccpu2006/benchspec/CPU2006/450.soplex/run/run_base_ref_infra-mixsan_O2.0000/ref.stderr.mis
'ref.stderr' long
Benchmark Times:
  Start:    Wed Jul  1 03:13:22 2026 (1782846802)
  Stop:     Wed Jul  1 03:16:00 2026 (1782846960)
  Elapsed:  00:02:38 (158)
  Reported: 150 129031000 150.129031
 Error 450.soplex base ref ratio=55.55, runtime=150.129031

-----------------------------------
  Running (#1) 453.povray ref base infra-mixsan_O2 default
Commands to run: 
    -C /media/hahafish/Data/ForUbuntu/speccpu2006/benchspec/CPU2006/453.povray/run/run_base_ref_infra-mixsan_O2.0000
    -o SPEC-benchmark-ref.stdout -e SPEC-benchmark-ref.stderr ../run_base_ref_infra-mixsan_O2.0000/povray_base.infra-mixsan_O2 SPEC-benchmark-ref.ini
Specinvoke: /media/hahafish/Data/ForUbuntu/speccpu2006/bin/specinvoke -d /media/hahafish/Data/ForUbuntu/speccpu2006/benchspec/CPU2006/453.povray/run/run_base_ref_infra-mixsan_O2.0000 -e speccmds.err -o speccmds.stdout -f speccmds.cmd -C
Issuing command '/media/hahafish/Data/ForUbuntu/speccpu2006/bin/specinvoke -d /media/hahafish/Data/ForUbuntu/speccpu2006/benchspec/CPU2006/453.povray/run/run_base_ref_infra-mixsan_O2.0000 -e speccmds.err -o speccmds.stdout -f speccmds.cmd -C'
Start command: Wed Jul  1 03:16:02 2026 (1782846962)
Stop command: Wed Jul  1 03:17:30 2026 (1782847050)
Elapsed time for command: 00:01:28 (88)
Workload elapsed time (0:1) = 79.737979 seconds
copy 0 finished @ Wed Jul  1 03:17:22 2026.  Total elapsed time: 79.737979
comparing files in '/media/hahafish/Data/ForUbuntu/speccpu2006/benchspec/CPU2006/453.povray/run/run_base_ref_infra-mixsan_O2.0000'
comparing 'SPEC-benchmark.log' with abstol=0, binary=, calctol=0, cw=, floatcompare=, ignorecase=, obiwan=, reltol=5e-05, skipabstol=, skipobiwan=, skipreltol=, skiptol=
comparing 'SPEC-benchmark.tga' with abstol=0, binary=1, calctol=0, cw=, floatcompare=, ignorecase=, obiwan=, reltol=5e-05, skipabstol=, skipobiwan=, skipreltol=, skiptol=50
Specinvoke: /media/hahafish/Data/ForUbuntu/speccpu2006/bin/specinvoke -E -d /media/hahafish/Data/ForUbuntu/speccpu2006/benchspec/CPU2006/453.povray/run/run_base_ref_infra-mixsan_O2.0000 -c 1 -e compare.err -o compare.stdout -f compare.cmd
Issuing command '/media/hahafish/Data/ForUbuntu/speccpu2006/bin/specinvoke -E -d /media/hahafish/Data/ForUbuntu/speccpu2006/benchspec/CPU2006/453.povray/run/run_base_ref_infra-mixsan_O2.0000 -c 1 -e compare.err -o compare.stdout -f compare.cmd'
Start command: Wed Jul  1 03:17:30 2026 (1782847050)
Stop command: Wed Jul  1 03:17:35 2026 (1782847055)
Elapsed time for command: 00:00:05 (5)
Benchmark Times:
  Start:    Wed Jul  1 03:16:02 2026 (1782846962)
  Stop:     Wed Jul  1 03:17:30 2026 (1782847050)
  Elapsed:  00:01:28 (88)
  Reported: 79 738018000 79.738018
 Success 453.povray base ref ratio=66.72, runtime=79.738018

-----------------------------------
  Running (#1) 456.hmmer ref base infra-mixsan_O2 default
Commands to run: 
    -C /home/hahafish/speccpu2006/benchspec/CPU2006/456.hmmer/run/run_base_ref_infra-mixsan_O2.0006
    -o nph3.out -e nph3.err ../run_base_ref_infra-mixsan_O2.0006/hmmer_base.infra-mixsan_O2 nph3.hmm swiss41
    -o retro.out -e retro.err ../run_base_ref_infra-mixsan_O2.0006/hmmer_base.infra-mixsan_O2 --fixed 0 --mean 500 --num 500000 --sd 350 --seed 0 retro.hmm
Specinvoke: /media/hahafish/Data/ForUbuntu/speccpu2006/bin/specinvoke -d /home/hahafish/speccpu2006/benchspec/CPU2006/456.hmmer/run/run_base_ref_infra-mixsan_O2.0006 -e speccmds.err -o speccmds.stdout -f speccmds.cmd -C
Issuing command '/media/hahafish/Data/ForUbuntu/speccpu2006/bin/specinvoke -d /home/hahafish/speccpu2006/benchspec/CPU2006/456.hmmer/run/run_base_ref_infra-mixsan_O2.0006 -e speccmds.err -o speccmds.stdout -f speccmds.cmd -C'
Start command: Wed Jul  1 03:17:35 2026 (1782847055)
Stop command: Wed Jul  1 03:20:34 2026 (1782847234)
Elapsed time for command: 00:02:59 (179)
Workload elapsed time (0:1) = 53.708776 seconds
Workload elapsed time (0:2) = 116.497189 seconds
copy 0 finished @ Wed Jul  1 03:20:26 2026.  Total elapsed time: 170.205965
comparing files in '/home/hahafish/speccpu2006/benchspec/CPU2006/456.hmmer/run/run_base_ref_infra-mixsan_O2.0006'
comparing 'nph3.out' with abstol=1e-05, binary=, calctol=0, cw=, floatcompare=, ignorecase=, obiwan=, reltol=0.002, skipabstol=, skipobiwan=, skipreltol=, skiptol=10
comparing 'retro.out' with abstol=1e-05, binary=, calctol=0, cw=, floatcompare=, ignorecase=, obiwan=, reltol=0.002, skipabstol=, skipobiwan=, skipreltol=, skiptol=10
Specinvoke: /media/hahafish/Data/ForUbuntu/speccpu2006/bin/specinvoke -E -d /home/hahafish/speccpu2006/benchspec/CPU2006/456.hmmer/run/run_base_ref_infra-mixsan_O2.0006 -c 1 -e compare.err -o compare.stdout -f compare.cmd
Issuing command '/media/hahafish/Data/ForUbuntu/speccpu2006/bin/specinvoke -E -d /home/hahafish/speccpu2006/benchspec/CPU2006/456.hmmer/run/run_base_ref_infra-mixsan_O2.0006 -c 1 -e compare.err -o compare.stdout -f compare.cmd'
Start command: Wed Jul  1 03:20:34 2026 (1782847234)
Stop command: Wed Jul  1 03:20:36 2026 (1782847236)
Elapsed time for command: 00:00:02 (2)
Benchmark Times:
  Start:    Wed Jul  1 03:17:35 2026 (1782847055)
  Stop:     Wed Jul  1 03:20:34 2026 (1782847234)
  Elapsed:  00:02:59 (179)
  Reported: 170 206013000 170.206013
 Success 456.hmmer base ref ratio=54.82, runtime=170.206013

-----------------------------------
  Running (#1) 458.sjeng ref base infra-mixsan_O2 default
Commands to run: 
    -C /media/hahafish/Data/ForUbuntu/speccpu2006/benchspec/CPU2006/458.sjeng/run/run_base_ref_infra-mixsan_O2.0000
    -o ref.out -e ref.err ../run_base_ref_infra-mixsan_O2.0000/sjeng_base.infra-mixsan_O2 ref.txt
Specinvoke: /media/hahafish/Data/ForUbuntu/speccpu2006/bin/specinvoke -d /media/hahafish/Data/ForUbuntu/speccpu2006/benchspec/CPU2006/458.sjeng/run/run_base_ref_infra-mixsan_O2.0000 -e speccmds.err -o speccmds.stdout -f speccmds.cmd -C
Issuing command '/media/hahafish/Data/ForUbuntu/speccpu2006/bin/specinvoke -d /media/hahafish/Data/ForUbuntu/speccpu2006/benchspec/CPU2006/458.sjeng/run/run_base_ref_infra-mixsan_O2.0000 -e speccmds.err -o speccmds.stdout -f speccmds.cmd -C'
Start command: Wed Jul  1 03:20:36 2026 (1782847236)
Stop command: Wed Jul  1 03:26:51 2026 (1782847611)
Elapsed time for command: 00:06:15 (375)
Workload elapsed time (0:1) = 367.518335 seconds
copy 0 finished @ Wed Jul  1 03:26:43 2026.  Total elapsed time: 367.518335
comparing files in '/media/hahafish/Data/ForUbuntu/speccpu2006/benchspec/CPU2006/458.sjeng/run/run_base_ref_infra-mixsan_O2.0000'
comparing 'ref.out' with abstol=, binary=, calctol=0, cw=, floatcompare=, ignorecase=, obiwan=, reltol=, skipabstol=, skipobiwan=, skipreltol=, skiptol=
Specinvoke: /media/hahafish/Data/ForUbuntu/speccpu2006/bin/specinvoke -E -d /media/hahafish/Data/ForUbuntu/speccpu2006/benchspec/CPU2006/458.sjeng/run/run_base_ref_infra-mixsan_O2.0000 -c 1 -e compare.err -o compare.stdout -f compare.cmd
Issuing command '/media/hahafish/Data/ForUbuntu/speccpu2006/bin/specinvoke -E -d /media/hahafish/Data/ForUbuntu/speccpu2006/benchspec/CPU2006/458.sjeng/run/run_base_ref_infra-mixsan_O2.0000 -c 1 -e compare.err -o compare.stdout -f compare.cmd'
Start command: Wed Jul  1 03:26:51 2026 (1782847611)
Stop command: Wed Jul  1 03:26:53 2026 (1782847613)
Elapsed time for command: 00:00:02 (2)
Benchmark Times:
  Start:    Wed Jul  1 03:20:36 2026 (1782847236)
  Stop:     Wed Jul  1 03:26:51 2026 (1782847611)
  Elapsed:  00:06:15 (375)
  Reported: 367 518373000 367.518373
 Success 458.sjeng base ref ratio=32.92, runtime=367.518373

-----------------------------------
  Running (#1) 462.libquantum ref base infra-mixsan_O2 default
Commands to run: 
    -C /media/hahafish/Data/ForUbuntu/speccpu2006/benchspec/CPU2006/462.libquantum/run/run_base_ref_infra-mixsan_O2.0000
    -o ref.out -e ref.err ../run_base_ref_infra-mixsan_O2.0000/libquantum_base.infra-mixsan_O2 1397 8
Specinvoke: /media/hahafish/Data/ForUbuntu/speccpu2006/bin/specinvoke -d /media/hahafish/Data/ForUbuntu/speccpu2006/benchspec/CPU2006/462.libquantum/run/run_base_ref_infra-mixsan_O2.0000 -e speccmds.err -o speccmds.stdout -f speccmds.cmd -C
Issuing command '/media/hahafish/Data/ForUbuntu/speccpu2006/bin/specinvoke -d /media/hahafish/Data/ForUbuntu/speccpu2006/benchspec/CPU2006/462.libquantum/run/run_base_ref_infra-mixsan_O2.0000 -e speccmds.err -o speccmds.stdout -f speccmds.cmd -C'
Start command: Wed Jul  1 03:26:53 2026 (1782847613)
Stop command: Wed Jul  1 03:30:35 2026 (1782847835)
Elapsed time for command: 00:03:42 (222)
Workload elapsed time (0:1) = 213.7989 seconds
copy 0 finished @ Wed Jul  1 03:30:27 2026.  Total elapsed time: 213.7989
comparing files in '/media/hahafish/Data/ForUbuntu/speccpu2006/benchspec/CPU2006/462.libquantum/run/run_base_ref_infra-mixsan_O2.0000'
comparing 'ref.out' with abstol=, binary=, calctol=0, cw=, floatcompare=, ignorecase=, obiwan=1, reltol=, skipabstol=, skipobiwan=, skipreltol=, skiptol=
Specinvoke: /media/hahafish/Data/ForUbuntu/speccpu2006/bin/specinvoke -E -d /media/hahafish/Data/ForUbuntu/speccpu2006/benchspec/CPU2006/462.libquantum/run/run_base_ref_infra-mixsan_O2.0000 -c 1 -e compare.err -o compare.stdout -f compare.cmd
Issuing command '/media/hahafish/Data/ForUbuntu/speccpu2006/bin/specinvoke -E -d /media/hahafish/Data/ForUbuntu/speccpu2006/benchspec/CPU2006/462.libquantum/run/run_base_ref_infra-mixsan_O2.0000 -c 1 -e compare.err -o compare.stdout -f compare.cmd'
Start command: Wed Jul  1 03:30:35 2026 (1782847835)
Stop command: Wed Jul  1 03:30:37 2026 (1782847837)
Elapsed time for command: 00:00:02 (2)
Benchmark Times:
  Start:    Wed Jul  1 03:26:53 2026 (1782847613)
  Stop:     Wed Jul  1 03:30:35 2026 (1782847835)
  Elapsed:  00:03:42 (222)
  Reported: 213 798942000 213.798942
 Success 462.libquantum base ref ratio=96.91, runtime=213.798942

-----------------------------------
  Running (#1) 464.h264ref ref base infra-mixsan_O2 default
Commands to run: 
    -C /media/hahafish/Data/ForUbuntu/speccpu2006/benchspec/CPU2006/464.h264ref/run/run_base_ref_infra-mixsan_O2.0000
    -o foreman_ref_baseline_encodelog.out -e foreman_ref_baseline_encodelog.err ../run_base_ref_infra-mixsan_O2.0000/h264ref_base.infra-mixsan_O2 -d foreman_ref_encoder_baseline.cfg
    -o foreman_ref_main_encodelog.out -e foreman_ref_main_encodelog.err ../run_base_ref_infra-mixsan_O2.0000/h264ref_base.infra-mixsan_O2 -d foreman_ref_encoder_main.cfg
    -o sss_main_encodelog.out -e sss_main_encodelog.err ../run_base_ref_infra-mixsan_O2.0000/h264ref_base.infra-mixsan_O2 -d sss_encoder_main.cfg
Specinvoke: /media/hahafish/Data/ForUbuntu/speccpu2006/bin/specinvoke -d /media/hahafish/Data/ForUbuntu/speccpu2006/benchspec/CPU2006/464.h264ref/run/run_base_ref_infra-mixsan_O2.0000 -e speccmds.err -o speccmds.stdout -f speccmds.cmd -C
Issuing command '/media/hahafish/Data/ForUbuntu/speccpu2006/bin/specinvoke -d /media/hahafish/Data/ForUbuntu/speccpu2006/benchspec/CPU2006/464.h264ref/run/run_base_ref_infra-mixsan_O2.0000 -e speccmds.err -o speccmds.stdout -f speccmds.cmd -C'
Start command: Wed Jul  1 03:30:37 2026 (1782847837)
Stop command: Wed Jul  1 03:35:36 2026 (1782848136)
Elapsed time for command: 00:04:59 (299)
Workload elapsed time (0:1) = 41.79945 seconds
Workload elapsed time (0:2) = 25.649176 seconds
Workload elapsed time (0:3) = 223.610104 seconds
copy 0 finished @ Wed Jul  1 03:35:28 2026.  Total elapsed time: 291.05873
comparing files in '/media/hahafish/Data/ForUbuntu/speccpu2006/benchspec/CPU2006/464.h264ref/run/run_base_ref_infra-mixsan_O2.0000'
comparing 'foreman_ref_baseline_encodelog.out' with abstol=, binary=, calctol=0, cw=1, floatcompare=1, ignorecase=, obiwan=, reltol=, skipabstol=, skipobiwan=, skipreltol=, skiptol=
comparing 'foreman_ref_baseline_leakybucketparam.cfg' with abstol=, binary=1, calctol=0, cw=1, floatcompare=1, ignorecase=, obiwan=, reltol=, skipabstol=, skipobiwan=, skipreltol=, skiptol=
comparing 'foreman_ref_main_encodelog.out' with abstol=, binary=, calctol=0, cw=1, floatcompare=1, ignorecase=, obiwan=, reltol=, skipabstol=, skipobiwan=, skipreltol=, skiptol=
comparing 'foreman_ref_main_leakybucketparam.cfg' with abstol=, binary=1, calctol=0, cw=1, floatcompare=1, ignorecase=, obiwan=, reltol=, skipabstol=, skipobiwan=, skipreltol=, skiptol=
comparing 'sss_main_encodelog.out' with abstol=, binary=, calctol=0, cw=1, floatcompare=1, ignorecase=, obiwan=, reltol=, skipabstol=, skipobiwan=, skipreltol=, skiptol=
comparing 'sss_main_leakybucketparam.cfg' with abstol=, binary=1, calctol=0, cw=1, floatcompare=1, ignorecase=, obiwan=, reltol=, skipabstol=, skipobiwan=, skipreltol=, skiptol=
Specinvoke: /media/hahafish/Data/ForUbuntu/speccpu2006/bin/specinvoke -E -d /media/hahafish/Data/ForUbuntu/speccpu2006/benchspec/CPU2006/464.h264ref/run/run_base_ref_infra-mixsan_O2.0000 -c 1 -e compare.err -o compare.stdout -f compare.cmd
Issuing command '/media/hahafish/Data/ForUbuntu/speccpu2006/bin/specinvoke -E -d /media/hahafish/Data/ForUbuntu/speccpu2006/benchspec/CPU2006/464.h264ref/run/run_base_ref_infra-mixsan_O2.0000 -c 1 -e compare.err -o compare.stdout -f compare.cmd'
Start command: Wed Jul  1 03:35:36 2026 (1782848136)
Stop command: Wed Jul  1 03:35:38 2026 (1782848138)
Elapsed time for command: 00:00:02 (2)
Benchmark Times:
  Start:    Wed Jul  1 03:30:37 2026 (1782847837)
  Stop:     Wed Jul  1 03:35:36 2026 (1782848136)
  Elapsed:  00:04:59 (299)
  Reported: 291 58779000 291.058779
 Success 464.h264ref base ref ratio=76.03, runtime=291.058779

-----------------------------------
  Running (#1) 470.lbm ref base infra-mixsan_O2 default
Commands to run: 
    -C /media/hahafish/Data/ForUbuntu/speccpu2006/benchspec/CPU2006/470.lbm/run/run_base_ref_infra-mixsan_O2.0000
    -o lbm.out -e lbm.err ../run_base_ref_infra-mixsan_O2.0000/lbm_base.infra-mixsan_O2 3000 reference.dat 0 0 100_100_130_ldc.of
Specinvoke: /media/hahafish/Data/ForUbuntu/speccpu2006/bin/specinvoke -d /media/hahafish/Data/ForUbuntu/speccpu2006/benchspec/CPU2006/470.lbm/run/run_base_ref_infra-mixsan_O2.0000 -e speccmds.err -o speccmds.stdout -f speccmds.cmd -C
Issuing command '/media/hahafish/Data/ForUbuntu/speccpu2006/bin/specinvoke -d /media/hahafish/Data/ForUbuntu/speccpu2006/benchspec/CPU2006/470.lbm/run/run_base_ref_infra-mixsan_O2.0000 -e speccmds.err -o speccmds.stdout -f speccmds.cmd -C'
Start command: Wed Jul  1 03:35:38 2026 (1782848138)
Stop command: Wed Jul  1 03:37:20 2026 (1782848240)
Elapsed time for command: 00:01:42 (102)
Workload elapsed time (0:1) = 93.716003 seconds
copy 0 finished @ Wed Jul  1 03:37:12 2026.  Total elapsed time: 93.716003
comparing files in '/media/hahafish/Data/ForUbuntu/speccpu2006/benchspec/CPU2006/470.lbm/run/run_base_ref_infra-mixsan_O2.0000'
comparing 'lbm.out' with abstol=1e-07, binary=, calctol=0, cw=, floatcompare=, ignorecase=, obiwan=, reltol=, skipabstol=, skipobiwan=, skipreltol=, skiptol=
Specinvoke: /media/hahafish/Data/ForUbuntu/speccpu2006/bin/specinvoke -E -d /media/hahafish/Data/ForUbuntu/speccpu2006/benchspec/CPU2006/470.lbm/run/run_base_ref_infra-mixsan_O2.0000 -c 1 -e compare.err -o compare.stdout -f compare.cmd
Issuing command '/media/hahafish/Data/ForUbuntu/speccpu2006/bin/specinvoke -E -d /media/hahafish/Data/ForUbuntu/speccpu2006/benchspec/CPU2006/470.lbm/run/run_base_ref_infra-mixsan_O2.0000 -c 1 -e compare.err -o compare.stdout -f compare.cmd'
Start command: Wed Jul  1 03:37:20 2026 (1782848240)
Stop command: Wed Jul  1 03:37:22 2026 (1782848242)
Elapsed time for command: 00:00:02 (2)
Benchmark Times:
  Start:    Wed Jul  1 03:35:38 2026 (1782848138)
  Stop:     Wed Jul  1 03:37:20 2026 (1782848240)
  Elapsed:  00:01:42 (102)
  Reported: 93 716043000 93.716043
 Success 470.lbm base ref ratio=146.61, runtime=93.716043

-----------------------------------
  Running (#1) 471.omnetpp ref base infra-mixsan_O2 default
Commands to run: 
    -C /media/hahafish/Data/ForUbuntu/speccpu2006/benchspec/CPU2006/471.omnetpp/run/run_base_ref_infra-mixsan_O2.0000
    -o omnetpp.log -e omnetpp.err ../run_base_ref_infra-mixsan_O2.0000/omnetpp_base.infra-mixsan_O2 omnetpp.ini
Specinvoke: /media/hahafish/Data/ForUbuntu/speccpu2006/bin/specinvoke -d /media/hahafish/Data/ForUbuntu/speccpu2006/benchspec/CPU2006/471.omnetpp/run/run_base_ref_infra-mixsan_O2.0000 -e speccmds.err -o speccmds.stdout -f speccmds.cmd -C
Issuing command '/media/hahafish/Data/ForUbuntu/speccpu2006/bin/specinvoke -d /media/hahafish/Data/ForUbuntu/speccpu2006/benchspec/CPU2006/471.omnetpp/run/run_base_ref_infra-mixsan_O2.0000 -e speccmds.err -o speccmds.stdout -f speccmds.cmd -C'
Start command: Wed Jul  1 03:37:22 2026 (1782848242)
Stop command: Wed Jul  1 03:41:41 2026 (1782848501)
Elapsed time for command: 00:04:19 (259)
Workload elapsed time (0:1) = 250.407262 seconds
copy 0 finished @ Wed Jul  1 03:41:33 2026.  Total elapsed time: 250.407262
comparing files in '/media/hahafish/Data/ForUbuntu/speccpu2006/benchspec/CPU2006/471.omnetpp/run/run_base_ref_infra-mixsan_O2.0000'
comparing 'omnetpp.log' with abstol=1e-06, binary=, calctol=0, cw=, floatcompare=, ignorecase=, obiwan=, reltol=1e-05, skipabstol=, skipobiwan=, skipreltol=, skiptol=
comparing 'omnetpp.sca' with abstol=1e-06, binary=, calctol=0, cw=, floatcompare=, ignorecase=, obiwan=, reltol=1e-05, skipabstol=, skipobiwan=, skipreltol=, skiptol=
Specinvoke: /media/hahafish/Data/ForUbuntu/speccpu2006/bin/specinvoke -E -d /media/hahafish/Data/ForUbuntu/speccpu2006/benchspec/CPU2006/471.omnetpp/run/run_base_ref_infra-mixsan_O2.0000 -c 1 -e compare.err -o compare.stdout -f compare.cmd
Issuing command '/media/hahafish/Data/ForUbuntu/speccpu2006/bin/specinvoke -E -d /media/hahafish/Data/ForUbuntu/speccpu2006/benchspec/CPU2006/471.omnetpp/run/run_base_ref_infra-mixsan_O2.0000 -c 1 -e compare.err -o compare.stdout -f compare.cmd'
Start command: Wed Jul  1 03:41:41 2026 (1782848501)
Stop command: Wed Jul  1 03:41:43 2026 (1782848503)
Elapsed time for command: 00:00:02 (2)
Benchmark Times:
  Start:    Wed Jul  1 03:37:22 2026 (1782848242)
  Stop:     Wed Jul  1 03:41:41 2026 (1782848501)
  Elapsed:  00:04:19 (259)
  Reported: 250 407304000 250.407304
 Success 471.omnetpp base ref ratio=24.96, runtime=250.407304

-----------------------------------
  Running (#1) 473.astar ref base infra-mixsan_O2 default
Commands to run: 
    -C /media/hahafish/Data/ForUbuntu/speccpu2006/benchspec/CPU2006/473.astar/run/run_base_ref_infra-mixsan_O2.0000
    -o BigLakes2048.out -e BigLakes2048.err ../run_base_ref_infra-mixsan_O2.0000/astar_base.infra-mixsan_O2 BigLakes2048.cfg
    -o rivers.out -e rivers.err ../run_base_ref_infra-mixsan_O2.0000/astar_base.infra-mixsan_O2 rivers.cfg
Specinvoke: /media/hahafish/Data/ForUbuntu/speccpu2006/bin/specinvoke -d /media/hahafish/Data/ForUbuntu/speccpu2006/benchspec/CPU2006/473.astar/run/run_base_ref_infra-mixsan_O2.0000 -e speccmds.err -o speccmds.stdout -f speccmds.cmd -C
Issuing command '/media/hahafish/Data/ForUbuntu/speccpu2006/bin/specinvoke -d /media/hahafish/Data/ForUbuntu/speccpu2006/benchspec/CPU2006/473.astar/run/run_base_ref_infra-mixsan_O2.0000 -e speccmds.err -o speccmds.stdout -f speccmds.cmd -C'
Start command: Wed Jul  1 03:41:43 2026 (1782848503)
Stop command: Wed Jul  1 03:45:56 2026 (1782848756)
Elapsed time for command: 00:04:13 (253)
Workload elapsed time (0:1) = 97.465814 seconds
Workload elapsed time (0:2) = 148.342329 seconds
copy 0 finished @ Wed Jul  1 03:45:48 2026.  Total elapsed time: 245.808143
comparing files in '/media/hahafish/Data/ForUbuntu/speccpu2006/benchspec/CPU2006/473.astar/run/run_base_ref_infra-mixsan_O2.0000'
comparing 'BigLakes2048.out' with abstol=, binary=, calctol=0, cw=, floatcompare=, ignorecase=, obiwan=, reltol=0.001, skipabstol=, skipobiwan=, skipreltol=, skiptol=
comparing 'rivers.out' with abstol=, binary=, calctol=0, cw=, floatcompare=, ignorecase=, obiwan=, reltol=0.001, skipabstol=, skipobiwan=, skipreltol=, skiptol=
Specinvoke: /media/hahafish/Data/ForUbuntu/speccpu2006/bin/specinvoke -E -d /media/hahafish/Data/ForUbuntu/speccpu2006/benchspec/CPU2006/473.astar/run/run_base_ref_infra-mixsan_O2.0000 -c 1 -e compare.err -o compare.stdout -f compare.cmd
Issuing command '/media/hahafish/Data/ForUbuntu/speccpu2006/bin/specinvoke -E -d /media/hahafish/Data/ForUbuntu/speccpu2006/benchspec/CPU2006/473.astar/run/run_base_ref_infra-mixsan_O2.0000 -c 1 -e compare.err -o compare.stdout -f compare.cmd'
Start command: Wed Jul  1 03:45:56 2026 (1782848756)
Stop command: Wed Jul  1 03:45:59 2026 (1782848759)
Elapsed time for command: 00:00:03 (3)
Benchmark Times:
  Start:    Wed Jul  1 03:41:43 2026 (1782848503)
  Stop:     Wed Jul  1 03:45:56 2026 (1782848756)
  Elapsed:  00:04:13 (253)
  Reported: 245 808198000 245.808198
 Success 473.astar base ref ratio=28.56, runtime=245.808198

-----------------------------------
  Running (#1) 482.sphinx3 ref base infra-mixsan_O2 default
Commands to run: 
    -C /home/hahafish/speccpu2006/benchspec/CPU2006/482.sphinx3/run/run_base_ref_infra-mixsan_O2.0006
    -o an4.log -e an4.err ../run_base_ref_infra-mixsan_O2.0006/sphinx_livepretend_base.infra-mixsan_O2 ctlfile . args.an4
Specinvoke: /media/hahafish/Data/ForUbuntu/speccpu2006/bin/specinvoke -d /home/hahafish/speccpu2006/benchspec/CPU2006/482.sphinx3/run/run_base_ref_infra-mixsan_O2.0006 -e speccmds.err -o speccmds.stdout -f speccmds.cmd -C
Issuing command '/media/hahafish/Data/ForUbuntu/speccpu2006/bin/specinvoke -d /home/hahafish/speccpu2006/benchspec/CPU2006/482.sphinx3/run/run_base_ref_infra-mixsan_O2.0006 -e speccmds.err -o speccmds.stdout -f speccmds.cmd -C'
Start command: Wed Jul  1 03:45:59 2026 (1782848759)
Stop command: Wed Jul  1 03:49:34 2026 (1782848974)
Elapsed time for command: 00:03:35 (215)
Workload elapsed time (0:1) = 206.958079 seconds
copy 0 finished @ Wed Jul  1 03:49:26 2026.  Total elapsed time: 206.958079
comparing files in '/home/hahafish/speccpu2006/benchspec/CPU2006/482.sphinx3/run/run_base_ref_infra-mixsan_O2.0006'
comparing 'an4.log' with abstol=, binary=, calctol=0, cw=, floatcompare=1, ignorecase=, obiwan=, reltol=0.001, skipabstol=, skipobiwan=, skipreltol=, skiptol=
comparing 'considered.out' with abstol=, binary=, calctol=0, cw=, floatcompare=1, ignorecase=, obiwan=, reltol=0.0004, skipabstol=, skipobiwan=, skipreltol=, skiptol=
comparing 'total_considered.out' with abstol=, binary=, calctol=0, cw=, floatcompare=1, ignorecase=, obiwan=, reltol=1e-06, skipabstol=, skipobiwan=, skipreltol=, skiptol=
Specinvoke: /media/hahafish/Data/ForUbuntu/speccpu2006/bin/specinvoke -E -d /home/hahafish/speccpu2006/benchspec/CPU2006/482.sphinx3/run/run_base_ref_infra-mixsan_O2.0006 -c 1 -e compare.err -o compare.stdout -f compare.cmd
Issuing command '/media/hahafish/Data/ForUbuntu/speccpu2006/bin/specinvoke -E -d /home/hahafish/speccpu2006/benchspec/CPU2006/482.sphinx3/run/run_base_ref_infra-mixsan_O2.0006 -c 1 -e compare.err -o compare.stdout -f compare.cmd'
Start command: Wed Jul  1 03:49:34 2026 (1782848974)
Stop command: Wed Jul  1 03:49:36 2026 (1782848976)
Elapsed time for command: 00:00:02 (2)
Benchmark Times:
  Start:    Wed Jul  1 03:45:59 2026 (1782848759)
  Stop:     Wed Jul  1 03:49:34 2026 (1782848974)
  Elapsed:  00:03:35 (215)
  Reported: 206 958119000 206.958119
 Success 482.sphinx3 base ref ratio=94.17, runtime=206.958119

-----------------------------------
  Running (#1) 483.xalancbmk ref base infra-mixsan_O2 default
Commands to run: 
    -C /media/hahafish/Data/ForUbuntu/speccpu2006/benchspec/CPU2006/483.xalancbmk/run/run_base_ref_infra-mixsan_O2.0000
    -o ref.out -e ref.err ../run_base_ref_infra-mixsan_O2.0000/Xalan_base.infra-mixsan_O2 -v t5.xml xalanc.xsl
Specinvoke: /media/hahafish/Data/ForUbuntu/speccpu2006/bin/specinvoke -d /media/hahafish/Data/ForUbuntu/speccpu2006/benchspec/CPU2006/483.xalancbmk/run/run_base_ref_infra-mixsan_O2.0000 -e speccmds.err -o speccmds.stdout -f speccmds.cmd -C
Issuing command '/media/hahafish/Data/ForUbuntu/speccpu2006/bin/specinvoke -d /media/hahafish/Data/ForUbuntu/speccpu2006/benchspec/CPU2006/483.xalancbmk/run/run_base_ref_infra-mixsan_O2.0000 -e speccmds.err -o speccmds.stdout -f speccmds.cmd -C'
Start command: Wed Jul  1 03:49:36 2026 (1782848976)
Stop command: Wed Jul  1 03:51:25 2026 (1782849085)
Elapsed time for command: 00:01:49 (109)
Workload elapsed time (0:1) = 100.734492 seconds
copy 0 finished @ Wed Jul  1 03:51:17 2026.  Total elapsed time: 100.734492
comparing files in '/media/hahafish/Data/ForUbuntu/speccpu2006/benchspec/CPU2006/483.xalancbmk/run/run_base_ref_infra-mixsan_O2.0000'
comparing 'ref.out' with abstol=, binary=, calctol=0, cw=, floatcompare=, ignorecase=, obiwan=, reltol=, skipabstol=, skipobiwan=, skipreltol=, skiptol=
Specinvoke: /media/hahafish/Data/ForUbuntu/speccpu2006/bin/specinvoke -E -d /media/hahafish/Data/ForUbuntu/speccpu2006/benchspec/CPU2006/483.xalancbmk/run/run_base_ref_infra-mixsan_O2.0000 -c 1 -e compare.err -o compare.stdout -f compare.cmd
Issuing command '/media/hahafish/Data/ForUbuntu/speccpu2006/bin/specinvoke -E -d /media/hahafish/Data/ForUbuntu/speccpu2006/benchspec/CPU2006/483.xalancbmk/run/run_base_ref_infra-mixsan_O2.0000 -c 1 -e compare.err -o compare.stdout -f compare.cmd'
Start command: Wed Jul  1 03:51:25 2026 (1782849085)
Stop command: Wed Jul  1 03:51:27 2026 (1782849087)
Elapsed time for command: 00:00:02 (2)
Benchmark Times:
  Start:    Wed Jul  1 03:49:36 2026 (1782848976)
  Stop:     Wed Jul  1 03:51:25 2026 (1782849085)
  Elapsed:  00:01:49 (109)
  Reported: 100 734536000 100.734536
 Success 483.xalancbmk base ref ratio=68.50, runtime=100.734536

-----------------------------------
  Running (#2) 400.perlbench ref base infra-mixsan_O2 default
Commands to run: 
    -C /media/hahafish/Data/ForUbuntu/speccpu2006/benchspec/CPU2006/400.perlbench/run/run_base_ref_infra-mixsan_O2.0000
    -o checkspam.2500.5.25.11.150.1.1.1.1.out -e checkspam.2500.5.25.11.150.1.1.1.1.err ../run_base_ref_infra-mixsan_O2.0000/perlbench_base.infra-mixsan_O2 -I./lib checkspam.pl 2500 5 25 11 150 1 1 1 1
    -o diffmail.4.800.10.17.19.300.out -e diffmail.4.800.10.17.19.300.err ../run_base_ref_infra-mixsan_O2.0000/perlbench_base.infra-mixsan_O2 -I./lib diffmail.pl 4 800 10 17 19 300
    -o splitmail.1600.12.26.16.4500.out -e splitmail.1600.12.26.16.4500.err ../run_base_ref_infra-mixsan_O2.0000/perlbench_base.infra-mixsan_O2 -I./lib splitmail.pl 1600 12 26 16 4500
Specinvoke: /media/hahafish/Data/ForUbuntu/speccpu2006/bin/specinvoke -d /media/hahafish/Data/ForUbuntu/speccpu2006/benchspec/CPU2006/400.perlbench/run/run_base_ref_infra-mixsan_O2.0000 -e speccmds.err -o speccmds.stdout -f speccmds.cmd -C
Issuing command '/media/hahafish/Data/ForUbuntu/speccpu2006/bin/specinvoke -d /media/hahafish/Data/ForUbuntu/speccpu2006/benchspec/CPU2006/400.perlbench/run/run_base_ref_infra-mixsan_O2.0000 -e speccmds.err -o speccmds.stdout -f speccmds.cmd -C'
Start command: Wed Jul  1 03:51:27 2026 (1782849087)
Stop command: Wed Jul  1 03:54:49 2026 (1782849289)
Elapsed time for command: 00:03:22 (202)
Workload elapsed time (0:1) = 100.346189 seconds
Workload elapsed time (0:2) = 33.84502 seconds
Workload elapsed time (0:3) = 60.213529 seconds
copy 0 finished @ Wed Jul  1 03:54:41 2026.  Total elapsed time: 194.404738
comparing files in '/media/hahafish/Data/ForUbuntu/speccpu2006/benchspec/CPU2006/400.perlbench/run/run_base_ref_infra-mixsan_O2.0000'
comparing 'checkspam.2500.5.25.11.150.1.1.1.1.out' with abstol=, binary=, calctol=0, cw=, floatcompare=, ignorecase=, obiwan=, reltol=, skipabstol=, skipobiwan=, skipreltol=, skiptol=
comparing 'diffmail.4.800.10.17.19.300.out' with abstol=, binary=, calctol=0, cw=, floatcompare=, ignorecase=, obiwan=, reltol=, skipabstol=, skipobiwan=, skipreltol=, skiptol=
comparing 'splitmail.1600.12.26.16.4500.out' with abstol=, binary=, calctol=0, cw=, floatcompare=, ignorecase=, obiwan=, reltol=, skipabstol=, skipobiwan=, skipreltol=, skiptol=
Specinvoke: /media/hahafish/Data/ForUbuntu/speccpu2006/bin/specinvoke -E -d /media/hahafish/Data/ForUbuntu/speccpu2006/benchspec/CPU2006/400.perlbench/run/run_base_ref_infra-mixsan_O2.0000 -c 1 -e compare.err -o compare.stdout -f compare.cmd
Issuing command '/media/hahafish/Data/ForUbuntu/speccpu2006/bin/specinvoke -E -d /media/hahafish/Data/ForUbuntu/speccpu2006/benchspec/CPU2006/400.perlbench/run/run_base_ref_infra-mixsan_O2.0000 -c 1 -e compare.err -o compare.stdout -f compare.cmd'
Start command: Wed Jul  1 03:54:49 2026 (1782849289)
Stop command: Wed Jul  1 03:54:51 2026 (1782849291)
Elapsed time for command: 00:00:02 (2)
Benchmark Times:
  Start:    Wed Jul  1 03:51:27 2026 (1782849087)
  Stop:     Wed Jul  1 03:54:49 2026 (1782849289)
  Elapsed:  00:03:22 (202)
  Reported: 194 404805000 194.404805
 Success 400.perlbench base ref ratio=50.26, runtime=194.404805

-----------------------------------
  Running (#2) 401.bzip2 ref base infra-mixsan_O2 default
Commands to run: 
    -C /media/hahafish/Data/ForUbuntu/speccpu2006/benchspec/CPU2006/401.bzip2/run/run_base_ref_infra-mixsan_O2.0000
    -o input.source.out -e input.source.err ../run_base_ref_infra-mixsan_O2.0000/bzip2_base.infra-mixsan_O2 input.source 280
    -o chicken.jpg.out -e chicken.jpg.err ../run_base_ref_infra-mixsan_O2.0000/bzip2_base.infra-mixsan_O2 chicken.jpg 30
    -o liberty.jpg.out -e liberty.jpg.err ../run_base_ref_infra-mixsan_O2.0000/bzip2_base.infra-mixsan_O2 liberty.jpg 30
    -o input.program.out -e input.program.err ../run_base_ref_infra-mixsan_O2.0000/bzip2_base.infra-mixsan_O2 input.program 280
    -o text.html.out -e text.html.err ../run_base_ref_infra-mixsan_O2.0000/bzip2_base.infra-mixsan_O2 text.html 280
    -o input.combined.out -e input.combined.err ../run_base_ref_infra-mixsan_O2.0000/bzip2_base.infra-mixsan_O2 input.combined 200
Specinvoke: /media/hahafish/Data/ForUbuntu/speccpu2006/bin/specinvoke -d /media/hahafish/Data/ForUbuntu/speccpu2006/benchspec/CPU2006/401.bzip2/run/run_base_ref_infra-mixsan_O2.0000 -e speccmds.err -o speccmds.stdout -f speccmds.cmd -C
Issuing command '/media/hahafish/Data/ForUbuntu/speccpu2006/bin/specinvoke -d /media/hahafish/Data/ForUbuntu/speccpu2006/benchspec/CPU2006/401.bzip2/run/run_base_ref_infra-mixsan_O2.0000 -e speccmds.err -o speccmds.stdout -f speccmds.cmd -C'
Start command: Wed Jul  1 03:54:51 2026 (1782849291)
Stop command: Wed Jul  1 04:00:48 2026 (1782849648)
Elapsed time for command: 00:05:57 (357)
Workload elapsed time (0:1) = 68.463539 seconds
Workload elapsed time (0:2) = 21.727418 seconds
Workload elapsed time (0:3) = 35.983559 seconds
Workload elapsed time (0:4) = 74.886021 seconds
Workload elapsed time (0:5) = 94.838611 seconds
Workload elapsed time (0:6) = 52.848436 seconds
copy 0 finished @ Wed Jul  1 04:00:40 2026.  Total elapsed time: 348.747584
comparing files in '/media/hahafish/Data/ForUbuntu/speccpu2006/benchspec/CPU2006/401.bzip2/run/run_base_ref_infra-mixsan_O2.0000'
comparing 'chicken.jpg.out' with abstol=, binary=, calctol=0, cw=, floatcompare=, ignorecase=, obiwan=, reltol=, skipabstol=, skipobiwan=, skipreltol=, skiptol=
comparing 'input.combined.out' with abstol=, binary=, calctol=0, cw=, floatcompare=, ignorecase=, obiwan=, reltol=, skipabstol=, skipobiwan=, skipreltol=, skiptol=
comparing 'input.program.out' with abstol=, binary=, calctol=0, cw=, floatcompare=, ignorecase=, obiwan=, reltol=, skipabstol=, skipobiwan=, skipreltol=, skiptol=
comparing 'input.source.out' with abstol=, binary=, calctol=0, cw=, floatcompare=, ignorecase=, obiwan=, reltol=, skipabstol=, skipobiwan=, skipreltol=, skiptol=
comparing 'liberty.jpg.out' with abstol=, binary=, calctol=0, cw=, floatcompare=, ignorecase=, obiwan=, reltol=, skipabstol=, skipobiwan=, skipreltol=, skiptol=
comparing 'text.html.out' with abstol=, binary=, calctol=0, cw=, floatcompare=, ignorecase=, obiwan=, reltol=, skipabstol=, skipobiwan=, skipreltol=, skiptol=
Specinvoke: /media/hahafish/Data/ForUbuntu/speccpu2006/bin/specinvoke -E -d /media/hahafish/Data/ForUbuntu/speccpu2006/benchspec/CPU2006/401.bzip2/run/run_base_ref_infra-mixsan_O2.0000 -c 1 -e compare.err -o compare.stdout -f compare.cmd
Issuing command '/media/hahafish/Data/ForUbuntu/speccpu2006/bin/specinvoke -E -d /media/hahafish/Data/ForUbuntu/speccpu2006/benchspec/CPU2006/401.bzip2/run/run_base_ref_infra-mixsan_O2.0000 -c 1 -e compare.err -o compare.stdout -f compare.cmd'
Start command: Wed Jul  1 04:00:48 2026 (1782849648)
Stop command: Wed Jul  1 04:00:50 2026 (1782849650)
Elapsed time for command: 00:00:02 (2)
Benchmark Times:
  Start:    Wed Jul  1 03:54:51 2026 (1782849291)
  Stop:     Wed Jul  1 04:00:48 2026 (1782849648)
  Elapsed:  00:05:57 (357)
  Reported: 348 747672000 348.747672
 Success 401.bzip2 base ref ratio=27.67, runtime=348.747672

-----------------------------------
  Running (#2) 403.gcc ref base infra-mixsan_O2 default
Commands to run: 
    -C /media/hahafish/Data/ForUbuntu/speccpu2006/benchspec/CPU2006/403.gcc/run/run_base_ref_infra-mixsan_O2.0000
    -o 166.out -e 166.err ../run_base_ref_infra-mixsan_O2.0000/gcc_base.infra-mixsan_O2 166.i -o 166.s
    -o 200.out -e 200.err ../run_base_ref_infra-mixsan_O2.0000/gcc_base.infra-mixsan_O2 200.i -o 200.s
    -o c-typeck.out -e c-typeck.err ../run_base_ref_infra-mixsan_O2.0000/gcc_base.infra-mixsan_O2 c-typeck.i -o c-typeck.s
    -o cp-decl.out -e cp-decl.err ../run_base_ref_infra-mixsan_O2.0000/gcc_base.infra-mixsan_O2 cp-decl.i -o cp-decl.s
    -o expr.out -e expr.err ../run_base_ref_infra-mixsan_O2.0000/gcc_base.infra-mixsan_O2 expr.i -o expr.s
    -o expr2.out -e expr2.err ../run_base_ref_infra-mixsan_O2.0000/gcc_base.infra-mixsan_O2 expr2.i -o expr2.s
    -o g23.out -e g23.err ../run_base_ref_infra-mixsan_O2.0000/gcc_base.infra-mixsan_O2 g23.i -o g23.s
    -o s04.out -e s04.err ../run_base_ref_infra-mixsan_O2.0000/gcc_base.infra-mixsan_O2 s04.i -o s04.s
    -o scilab.out -e scilab.err ../run_base_ref_infra-mixsan_O2.0000/gcc_base.infra-mixsan_O2 scilab.i -o scilab.s
Specinvoke: /media/hahafish/Data/ForUbuntu/speccpu2006/bin/specinvoke -d /media/hahafish/Data/ForUbuntu/speccpu2006/benchspec/CPU2006/403.gcc/run/run_base_ref_infra-mixsan_O2.0000 -e speccmds.err -o speccmds.stdout -f speccmds.cmd -C
Issuing command '/media/hahafish/Data/ForUbuntu/speccpu2006/bin/specinvoke -d /media/hahafish/Data/ForUbuntu/speccpu2006/benchspec/CPU2006/403.gcc/run/run_base_ref_infra-mixsan_O2.0000 -e speccmds.err -o speccmds.stdout -f speccmds.cmd -C'
Start command: Wed Jul  1 04:00:50 2026 (1782849650)
Stop command: Wed Jul  1 04:04:01 2026 (1782849841)
Elapsed time for command: 00:03:11 (191)
Workload elapsed time (0:1) = 11.495572 seconds
Workload elapsed time (0:2) = 36.470615 seconds
Workload elapsed time (0:3) = 18.517234 seconds
Workload elapsed time (0:4) = 13.476338 seconds
Workload elapsed time (0:5) = 15.490767 seconds
Workload elapsed time (0:6) = 21.668929 seconds
Workload elapsed time (0:7) = 28.921982 seconds
Workload elapsed time (0:8) = 22.484902 seconds
Workload elapsed time (0:9) = 13.939419 seconds
copy 0 finished @ Wed Jul  1 04:03:53 2026.  Total elapsed time: 182.465758
comparing files in '/media/hahafish/Data/ForUbuntu/speccpu2006/benchspec/CPU2006/403.gcc/run/run_base_ref_infra-mixsan_O2.0000'
comparing '166.s' with abstol=, binary=, calctol=0, cw=, floatcompare=, ignorecase=, obiwan=, reltol=, skipabstol=, skipobiwan=, skipreltol=, skiptol=
comparing '200.s' with abstol=, binary=, calctol=0, cw=, floatcompare=, ignorecase=, obiwan=, reltol=, skipabstol=, skipobiwan=, skipreltol=, skiptol=
comparing 'c-typeck.s' with abstol=, binary=, calctol=0, cw=, floatcompare=, ignorecase=, obiwan=, reltol=, skipabstol=, skipobiwan=, skipreltol=, skiptol=
comparing 'cp-decl.s' with abstol=, binary=, calctol=0, cw=, floatcompare=, ignorecase=, obiwan=, reltol=, skipabstol=, skipobiwan=, skipreltol=, skiptol=
comparing 'expr.s' with abstol=, binary=, calctol=0, cw=, floatcompare=, ignorecase=, obiwan=, reltol=, skipabstol=, skipobiwan=, skipreltol=, skiptol=
comparing 'expr2.s' with abstol=, binary=, calctol=0, cw=, floatcompare=, ignorecase=, obiwan=, reltol=, skipabstol=, skipobiwan=, skipreltol=, skiptol=
comparing 'g23.s' with abstol=, binary=, calctol=0, cw=, floatcompare=, ignorecase=, obiwan=, reltol=, skipabstol=, skipobiwan=, skipreltol=, skiptol=
comparing 's04.s' with abstol=, binary=, calctol=0, cw=, floatcompare=, ignorecase=, obiwan=, reltol=, skipabstol=, skipobiwan=, skipreltol=, skiptol=
comparing 'scilab.s' with abstol=, binary=, calctol=0, cw=, floatcompare=, ignorecase=, obiwan=, reltol=, skipabstol=, skipobiwan=, skipreltol=, skiptol=
Specinvoke: /media/hahafish/Data/ForUbuntu/speccpu2006/bin/specinvoke -E -d /media/hahafish/Data/ForUbuntu/speccpu2006/benchspec/CPU2006/403.gcc/run/run_base_ref_infra-mixsan_O2.0000 -c 1 -e compare.err -o compare.stdout -f compare.cmd
Issuing command '/media/hahafish/Data/ForUbuntu/speccpu2006/bin/specinvoke -E -d /media/hahafish/Data/ForUbuntu/speccpu2006/benchspec/CPU2006/403.gcc/run/run_base_ref_infra-mixsan_O2.0000 -c 1 -e compare.err -o compare.stdout -f compare.cmd'
Start command: Wed Jul  1 04:04:01 2026 (1782849841)
Stop command: Wed Jul  1 04:04:03 2026 (1782849843)
Elapsed time for command: 00:00:02 (2)
Benchmark Times:
  Start:    Wed Jul  1 04:00:50 2026 (1782849650)
  Stop:     Wed Jul  1 04:04:01 2026 (1782849841)
  Elapsed:  00:03:11 (191)
  Reported: 182 465889000 182.465889
 Success 403.gcc base ref ratio=44.12, runtime=182.465889

-----------------------------------
  Running (#2) 429.mcf ref base infra-mixsan_O2 default
Commands to run: 
    -C /media/hahafish/Data/ForUbuntu/speccpu2006/benchspec/CPU2006/429.mcf/run/run_base_ref_infra-mixsan_O2.0007
    -o inp.out -e inp.err ../run_base_ref_infra-mixsan_O2.0007/mcf_base.infra-mixsan_O2 inp.in
Specinvoke: /media/hahafish/Data/ForUbuntu/speccpu2006/bin/specinvoke -d /media/hahafish/Data/ForUbuntu/speccpu2006/benchspec/CPU2006/429.mcf/run/run_base_ref_infra-mixsan_O2.0007 -e speccmds.err -o speccmds.stdout -f speccmds.cmd -C
Issuing command '/media/hahafish/Data/ForUbuntu/speccpu2006/bin/specinvoke -d /media/hahafish/Data/ForUbuntu/speccpu2006/benchspec/CPU2006/429.mcf/run/run_base_ref_infra-mixsan_O2.0007 -e speccmds.err -o speccmds.stdout -f speccmds.cmd -C'
Start command: Wed Jul  1 04:04:03 2026 (1782849843)
Stop command: Wed Jul  1 04:07:20 2026 (1782850040)
Elapsed time for command: 00:03:17 (197)
Workload elapsed time (0:1) = 189.181108 seconds
copy 0 finished @ Wed Jul  1 04:07:12 2026.  Total elapsed time: 189.181108
comparing files in '/media/hahafish/Data/ForUbuntu/speccpu2006/benchspec/CPU2006/429.mcf/run/run_base_ref_infra-mixsan_O2.0007'
comparing 'inp.out' with abstol=, binary=, calctol=0, cw=, floatcompare=, ignorecase=, obiwan=, reltol=, skipabstol=, skipobiwan=, skipreltol=, skiptol=
comparing 'mcf.out' with abstol=, binary=, calctol=0, cw=, floatcompare=, ignorecase=, obiwan=, reltol=, skipabstol=, skipobiwan=, skipreltol=, skiptol=
Specinvoke: /media/hahafish/Data/ForUbuntu/speccpu2006/bin/specinvoke -E -d /media/hahafish/Data/ForUbuntu/speccpu2006/benchspec/CPU2006/429.mcf/run/run_base_ref_infra-mixsan_O2.0007 -c 1 -e compare.err -o compare.stdout -f compare.cmd
Issuing command '/media/hahafish/Data/ForUbuntu/speccpu2006/bin/specinvoke -E -d /media/hahafish/Data/ForUbuntu/speccpu2006/benchspec/CPU2006/429.mcf/run/run_base_ref_infra-mixsan_O2.0007 -c 1 -e compare.err -o compare.stdout -f compare.cmd'
Start command: Wed Jul  1 04:07:20 2026 (1782850040)
Stop command: Wed Jul  1 04:07:22 2026 (1782850042)
Elapsed time for command: 00:00:02 (2)
Benchmark Times:
  Start:    Wed Jul  1 04:04:03 2026 (1782849843)
  Stop:     Wed Jul  1 04:07:20 2026 (1782850040)
  Elapsed:  00:03:17 (197)
  Reported: 189 181153000 189.181153
 Success 429.mcf base ref ratio=48.21, runtime=189.181153

-----------------------------------
  Running (#2) 433.milc ref base infra-mixsan_O2 default
Commands to run: 
    -C /home/hahafish/speccpu2006/benchspec/CPU2006/433.milc/run/run_base_ref_infra-mixsan_O2.0006
    -i su3imp.in -o su3imp.out -e su3imp.err ../run_base_ref_infra-mixsan_O2.0006/milc_base.infra-mixsan_O2
Specinvoke: /media/hahafish/Data/ForUbuntu/speccpu2006/bin/specinvoke -d /home/hahafish/speccpu2006/benchspec/CPU2006/433.milc/run/run_base_ref_infra-mixsan_O2.0006 -e speccmds.err -o speccmds.stdout -f speccmds.cmd -C
Issuing command '/media/hahafish/Data/ForUbuntu/speccpu2006/bin/specinvoke -d /home/hahafish/speccpu2006/benchspec/CPU2006/433.milc/run/run_base_ref_infra-mixsan_O2.0006 -e speccmds.err -o speccmds.stdout -f speccmds.cmd -C'
Start command: Wed Jul  1 04:07:22 2026 (1782850042)
Stop command: Wed Jul  1 04:10:09 2026 (1782850209)
Elapsed time for command: 00:02:47 (167)
Workload elapsed time (0:1) = 158.467156 seconds
copy 0 finished @ Wed Jul  1 04:10:01 2026.  Total elapsed time: 158.467156
comparing files in '/home/hahafish/speccpu2006/benchspec/CPU2006/433.milc/run/run_base_ref_infra-mixsan_O2.0006'
comparing 'su3imp.out' with abstol=2e-07, binary=, calctol=0, cw=, floatcompare=, ignorecase=, obiwan=, reltol=0.0001, skipabstol=, skipobiwan=, skipreltol=, skiptol=
Specinvoke: /media/hahafish/Data/ForUbuntu/speccpu2006/bin/specinvoke -E -d /home/hahafish/speccpu2006/benchspec/CPU2006/433.milc/run/run_base_ref_infra-mixsan_O2.0006 -c 1 -e compare.err -o compare.stdout -f compare.cmd
Issuing command '/media/hahafish/Data/ForUbuntu/speccpu2006/bin/specinvoke -E -d /home/hahafish/speccpu2006/benchspec/CPU2006/433.milc/run/run_base_ref_infra-mixsan_O2.0006 -c 1 -e compare.err -o compare.stdout -f compare.cmd'
Start command: Wed Jul  1 04:10:09 2026 (1782850209)
Stop command: Wed Jul  1 04:10:11 2026 (1782850211)
Elapsed time for command: 00:00:02 (2)
Benchmark Times:
  Start:    Wed Jul  1 04:07:22 2026 (1782850042)
  Stop:     Wed Jul  1 04:10:09 2026 (1782850209)
  Elapsed:  00:02:47 (167)
  Reported: 158 467204000 158.467204
 Success 433.milc base ref ratio=57.93, runtime=158.467204

-----------------------------------
  Running (#2) 444.namd ref base infra-mixsan_O2 default
Commands to run: 
    -C /media/hahafish/Data/ForUbuntu/speccpu2006/benchspec/CPU2006/444.namd/run/run_base_ref_infra-mixsan_O2.0000
    -o namd.stdout -e namd.err ../run_base_ref_infra-mixsan_O2.0000/namd_base.infra-mixsan_O2 --input namd.input --iterations 38 --output namd.out 
Specinvoke: /media/hahafish/Data/ForUbuntu/speccpu2006/bin/specinvoke -d /media/hahafish/Data/ForUbuntu/speccpu2006/benchspec/CPU2006/444.namd/run/run_base_ref_infra-mixsan_O2.0000 -e speccmds.err -o speccmds.stdout -f speccmds.cmd -C
Issuing command '/media/hahafish/Data/ForUbuntu/speccpu2006/bin/specinvoke -d /media/hahafish/Data/ForUbuntu/speccpu2006/benchspec/CPU2006/444.namd/run/run_base_ref_infra-mixsan_O2.0000 -e speccmds.err -o speccmds.stdout -f speccmds.cmd -C'
Start command: Wed Jul  1 04:10:11 2026 (1782850211)
Stop command: Wed Jul  1 04:13:17 2026 (1782850397)
Elapsed time for command: 00:03:06 (186)
Workload elapsed time (0:1) = 177.577649 seconds
copy 0 finished @ Wed Jul  1 04:13:09 2026.  Total elapsed time: 177.577649
comparing files in '/media/hahafish/Data/ForUbuntu/speccpu2006/benchspec/CPU2006/444.namd/run/run_base_ref_infra-mixsan_O2.0000'
comparing 'namd.out' with abstol=1e-05, binary=, calctol=0, cw=, floatcompare=, ignorecase=, obiwan=, reltol=, skipabstol=, skipobiwan=, skipreltol=, skiptol=
Specinvoke: /media/hahafish/Data/ForUbuntu/speccpu2006/bin/specinvoke -E -d /media/hahafish/Data/ForUbuntu/speccpu2006/benchspec/CPU2006/444.namd/run/run_base_ref_infra-mixsan_O2.0000 -c 1 -e compare.err -o compare.stdout -f compare.cmd
Issuing command '/media/hahafish/Data/ForUbuntu/speccpu2006/bin/specinvoke -E -d /media/hahafish/Data/ForUbuntu/speccpu2006/benchspec/CPU2006/444.namd/run/run_base_ref_infra-mixsan_O2.0000 -c 1 -e compare.err -o compare.stdout -f compare.cmd'
Start command: Wed Jul  1 04:13:17 2026 (1782850397)
Stop command: Wed Jul  1 04:13:19 2026 (1782850399)
Elapsed time for command: 00:00:02 (2)
Benchmark Times:
  Start:    Wed Jul  1 04:10:11 2026 (1782850211)
  Stop:     Wed Jul  1 04:13:17 2026 (1782850397)
  Elapsed:  00:03:06 (186)
  Reported: 177 577688000 177.577688
 Success 444.namd base ref ratio=45.16, runtime=177.577688

-----------------------------------
  Running (#2) 445.gobmk ref base infra-mixsan_O2 default
Commands to run: 
    -C /home/hahafish/speccpu2006/benchspec/CPU2006/445.gobmk/run/run_base_ref_infra-mixsan_O2.0006
    -i 13x13.tst -o 13x13.out -e 13x13.err ../run_base_ref_infra-mixsan_O2.0006/gobmk_base.infra-mixsan_O2 --quiet --mode gtp
    -i nngs.tst -o nngs.out -e nngs.err ../run_base_ref_infra-mixsan_O2.0006/gobmk_base.infra-mixsan_O2 --quiet --mode gtp
    -i score2.tst -o score2.out -e score2.err ../run_base_ref_infra-mixsan_O2.0006/gobmk_base.infra-mixsan_O2 --quiet --mode gtp
    -i trevorc.tst -o trevorc.out -e trevorc.err ../run_base_ref_infra-mixsan_O2.0006/gobmk_base.infra-mixsan_O2 --quiet --mode gtp
    -i trevord.tst -o trevord.out -e trevord.err ../run_base_ref_infra-mixsan_O2.0006/gobmk_base.infra-mixsan_O2 --quiet --mode gtp
Specinvoke: /media/hahafish/Data/ForUbuntu/speccpu2006/bin/specinvoke -d /home/hahafish/speccpu2006/benchspec/CPU2006/445.gobmk/run/run_base_ref_infra-mixsan_O2.0006 -e speccmds.err -o speccmds.stdout -f speccmds.cmd -C
Issuing command '/media/hahafish/Data/ForUbuntu/speccpu2006/bin/specinvoke -d /home/hahafish/speccpu2006/benchspec/CPU2006/445.gobmk/run/run_base_ref_infra-mixsan_O2.0006 -e speccmds.err -o speccmds.stdout -f speccmds.cmd -C'
Start command: Wed Jul  1 04:13:19 2026 (1782850399)
Stop command: Wed Jul  1 04:18:02 2026 (1782850682)
Elapsed time for command: 00:04:43 (283)
Workload elapsed time (0:1) = 38.3051 seconds
Workload elapsed time (0:2) = 97.778768 seconds
Workload elapsed time (0:3) = 50.439665 seconds
Workload elapsed time (0:4) = 37.70595 seconds
Workload elapsed time (0:5) = 50.451057 seconds
copy 0 finished @ Wed Jul  1 04:17:54 2026.  Total elapsed time: 274.68054
comparing files in '/home/hahafish/speccpu2006/benchspec/CPU2006/445.gobmk/run/run_base_ref_infra-mixsan_O2.0006'
comparing '13x13.out' with abstol=, binary=, calctol=0, cw=, floatcompare=, ignorecase=, obiwan=, reltol=, skipabstol=, skipobiwan=, skipreltol=, skiptol=
comparing 'nngs.out' with abstol=, binary=, calctol=0, cw=, floatcompare=, ignorecase=, obiwan=, reltol=, skipabstol=, skipobiwan=, skipreltol=, skiptol=
comparing 'score2.out' with abstol=, binary=, calctol=0, cw=, floatcompare=, ignorecase=, obiwan=, reltol=, skipabstol=, skipobiwan=, skipreltol=, skiptol=
comparing 'trevorc.out' with abstol=, binary=, calctol=0, cw=, floatcompare=, ignorecase=, obiwan=, reltol=, skipabstol=, skipobiwan=, skipreltol=, skiptol=
comparing 'trevord.out' with abstol=, binary=, calctol=0, cw=, floatcompare=, ignorecase=, obiwan=, reltol=, skipabstol=, skipobiwan=, skipreltol=, skiptol=
Specinvoke: /media/hahafish/Data/ForUbuntu/speccpu2006/bin/specinvoke -E -d /home/hahafish/speccpu2006/benchspec/CPU2006/445.gobmk/run/run_base_ref_infra-mixsan_O2.0006 -c 1 -e compare.err -o compare.stdout -f compare.cmd
Issuing command '/media/hahafish/Data/ForUbuntu/speccpu2006/bin/specinvoke -E -d /home/hahafish/speccpu2006/benchspec/CPU2006/445.gobmk/run/run_base_ref_infra-mixsan_O2.0006 -c 1 -e compare.err -o compare.stdout -f compare.cmd'
Start command: Wed Jul  1 04:18:02 2026 (1782850682)
Stop command: Wed Jul  1 04:18:04 2026 (1782850684)
Elapsed time for command: 00:00:02 (2)
Benchmark Times:
  Start:    Wed Jul  1 04:13:19 2026 (1782850399)
  Stop:     Wed Jul  1 04:18:02 2026 (1782850682)
  Elapsed:  00:04:43 (283)
  Reported: 274 680607000 274.680607
 Success 445.gobmk base ref ratio=38.19, runtime=274.680607

-----------------------------------
  Running (#2) 447.dealII ref base infra-mixsan_O2 default
Commands to run: 
    -C /media/hahafish/Data/ForUbuntu/speccpu2006/benchspec/CPU2006/447.dealII/run/run_base_ref_infra-mixsan_O2.0000
    -o log -e dealII.err ../run_base_ref_infra-mixsan_O2.0000/dealII_base.infra-mixsan_O2 23
Specinvoke: /media/hahafish/Data/ForUbuntu/speccpu2006/bin/specinvoke -d /media/hahafish/Data/ForUbuntu/speccpu2006/benchspec/CPU2006/447.dealII/run/run_base_ref_infra-mixsan_O2.0000 -e speccmds.err -o speccmds.stdout -f speccmds.cmd -C
Issuing command '/media/hahafish/Data/ForUbuntu/speccpu2006/bin/specinvoke -d /media/hahafish/Data/ForUbuntu/speccpu2006/benchspec/CPU2006/447.dealII/run/run_base_ref_infra-mixsan_O2.0000 -e speccmds.err -o speccmds.stdout -f speccmds.cmd -C'
Start command: Wed Jul  1 04:18:04 2026 (1782850684)
Stop command: Wed Jul  1 04:20:32 2026 (1782850832)
Elapsed time for command: 00:02:28 (148)
Workload elapsed time (0:1) = 140.389894 seconds
copy 0 finished @ Wed Jul  1 04:20:24 2026.  Total elapsed time: 140.389894
comparing files in '/media/hahafish/Data/ForUbuntu/speccpu2006/benchspec/CPU2006/447.dealII/run/run_base_ref_infra-mixsan_O2.0000'
comparing 'grid-0.eps' with abstol=1e-07, binary=, calctol=0, cw=, floatcompare=, ignorecase=, obiwan=, reltol=, skipabstol=, skipobiwan=, skipreltol=, skiptol=
comparing 'grid-1.eps' with abstol=1e-07, binary=, calctol=0, cw=, floatcompare=, ignorecase=, obiwan=, reltol=, skipabstol=, skipobiwan=, skipreltol=, skiptol=
comparing 'grid-2.eps' with abstol=1e-07, binary=, calctol=0, cw=, floatcompare=, ignorecase=, obiwan=, reltol=, skipabstol=, skipobiwan=, skipreltol=, skiptol=
comparing 'grid-3.eps' with abstol=1e-07, binary=, calctol=0, cw=, floatcompare=, ignorecase=, obiwan=, reltol=, skipabstol=, skipobiwan=, skipreltol=, skiptol=
comparing 'grid-4.eps' with abstol=1e-07, binary=, calctol=0, cw=, floatcompare=, ignorecase=, obiwan=, reltol=, skipabstol=, skipobiwan=, skipreltol=, skiptol=
comparing 'grid-5.eps' with abstol=1e-07, binary=, calctol=0, cw=, floatcompare=, ignorecase=, obiwan=, reltol=, skipabstol=, skipobiwan=, skipreltol=, skiptol=
comparing 'grid-6.eps' with abstol=1e-07, binary=, calctol=0, cw=, floatcompare=, ignorecase=, obiwan=, reltol=, skipabstol=, skipobiwan=, skipreltol=, skiptol=
comparing 'grid-7.eps' with abstol=1e-07, binary=, calctol=0, cw=, floatcompare=, ignorecase=, obiwan=, reltol=, skipabstol=, skipobiwan=, skipreltol=, skiptol=
comparing 'grid-8.eps' with abstol=1e-07, binary=, calctol=0, cw=, floatcompare=, ignorecase=, obiwan=, reltol=, skipabstol=, skipobiwan=, skipreltol=, skiptol=
comparing 'solution-0.gmv' with abstol=1e-07, binary=, calctol=0, cw=, floatcompare=, ignorecase=, obiwan=, reltol=, skipabstol=, skipobiwan=, skipreltol=, skiptol=
comparing 'solution-1.gmv' with abstol=1e-07, binary=, calctol=0, cw=, floatcompare=, ignorecase=, obiwan=, reltol=, skipabstol=, skipobiwan=, skipreltol=, skiptol=
comparing 'solution-2.gmv' with abstol=1e-07, binary=, calctol=0, cw=, floatcompare=, ignorecase=, obiwan=, reltol=, skipabstol=, skipobiwan=, skipreltol=, skiptol=
comparing 'solution-3.gmv' with abstol=1e-07, binary=, calctol=0, cw=, floatcompare=, ignorecase=, obiwan=, reltol=, skipabstol=, skipobiwan=, skipreltol=, skiptol=
comparing 'solution-4.gmv' with abstol=1e-07, binary=, calctol=0, cw=, floatcompare=, ignorecase=, obiwan=, reltol=, skipabstol=, skipobiwan=, skipreltol=, skiptol=
comparing 'solution-5.gmv' with abstol=1e-07, binary=, calctol=0, cw=, floatcompare=, ignorecase=, obiwan=, reltol=, skipabstol=, skipobiwan=, skipreltol=, skiptol=
comparing 'solution-6.gmv' with abstol=1e-07, binary=, calctol=0, cw=, floatcompare=, ignorecase=, obiwan=, reltol=, skipabstol=, skipobiwan=, skipreltol=, skiptol=
comparing 'solution-7.gmv' with abstol=1e-07, binary=, calctol=0, cw=, floatcompare=, ignorecase=, obiwan=, reltol=, skipabstol=, skipobiwan=, skipreltol=, skiptol=
comparing 'solution-8.gmv' with abstol=1e-07, binary=, calctol=0, cw=, floatcompare=, ignorecase=, obiwan=, reltol=, skipabstol=, skipobiwan=, skipreltol=, skiptol=
comparing 'grid-10.eps' with abstol=1e-07, binary=, calctol=0, cw=, floatcompare=, ignorecase=, obiwan=, reltol=, skipabstol=, skipobiwan=, skipreltol=, skiptol=
comparing 'grid-11.eps' with abstol=1e-07, binary=, calctol=0, cw=, floatcompare=, ignorecase=, obiwan=, reltol=, skipabstol=, skipobiwan=, skipreltol=, skiptol=
comparing 'grid-12.eps' with abstol=1e-07, binary=, calctol=0, cw=, floatcompare=, ignorecase=, obiwan=, reltol=, skipabstol=, skipobiwan=, skipreltol=, skiptol=
comparing 'grid-13.eps' with abstol=1e-07, binary=, calctol=0, cw=, floatcompare=, ignorecase=, obiwan=, reltol=, skipabstol=, skipobiwan=, skipreltol=, skiptol=
comparing 'grid-14.eps' with abstol=1e-07, binary=, calctol=0, cw=, floatcompare=, ignorecase=, obiwan=, reltol=, skipabstol=, skipobiwan=, skipreltol=, skiptol=
comparing 'grid-15.eps' with abstol=1e-07, binary=, calctol=0, cw=, floatcompare=, ignorecase=, obiwan=, reltol=, skipabstol=, skipobiwan=, skipreltol=, skiptol=
comparing 'grid-16.eps' with abstol=1e-07, binary=, calctol=0, cw=, floatcompare=, ignorecase=, obiwan=, reltol=, skipabstol=, skipobiwan=, skipreltol=, skiptol=
comparing 'grid-17.eps' with abstol=1e-07, binary=, calctol=0, cw=, floatcompare=, ignorecase=, obiwan=, reltol=, skipabstol=, skipobiwan=, skipreltol=, skiptol=
comparing 'grid-18.eps' with abstol=1e-07, binary=, calctol=0, cw=, floatcompare=, ignorecase=, obiwan=, reltol=, skipabstol=, skipobiwan=, skipreltol=, skiptol=
comparing 'grid-19.eps' with abstol=1e-07, binary=, calctol=0, cw=, floatcompare=, ignorecase=, obiwan=, reltol=, skipabstol=, skipobiwan=, skipreltol=, skiptol=
comparing 'grid-20.eps' with abstol=1e-07, binary=, calctol=0, cw=, floatcompare=, ignorecase=, obiwan=, reltol=, skipabstol=, skipobiwan=, skipreltol=, skiptol=
comparing 'grid-21.eps' with abstol=1e-07, binary=, calctol=0, cw=, floatcompare=, ignorecase=, obiwan=, reltol=, skipabstol=, skipobiwan=, skipreltol=, skiptol=
comparing 'grid-22.eps' with abstol=1e-07, binary=, calctol=0, cw=, floatcompare=, ignorecase=, obiwan=, reltol=, skipabstol=, skipobiwan=, skipreltol=, skiptol=
comparing 'grid-23.eps' with abstol=1e-07, binary=, calctol=0, cw=, floatcompare=, ignorecase=, obiwan=, reltol=, skipabstol=, skipobiwan=, skipreltol=, skiptol=
comparing 'grid-9.eps' with abstol=1e-07, binary=, calctol=0, cw=, floatcompare=, ignorecase=, obiwan=, reltol=, skipabstol=, skipobiwan=, skipreltol=, skiptol=
comparing 'log' with abstol=1e-07, binary=, calctol=0, cw=, floatcompare=, ignorecase=, obiwan=, reltol=, skipabstol=, skipobiwan=, skipreltol=, skiptol=
comparing 'solution-10.gmv' with abstol=1e-07, binary=, calctol=0, cw=, floatcompare=, ignorecase=, obiwan=, reltol=, skipabstol=, skipobiwan=, skipreltol=, skiptol=
comparing 'solution-11.gmv' with abstol=1e-07, binary=, calctol=0, cw=, floatcompare=, ignorecase=, obiwan=, reltol=, skipabstol=, skipobiwan=, skipreltol=, skiptol=
comparing 'solution-12.gmv' with abstol=1e-07, binary=, calctol=0, cw=, floatcompare=, ignorecase=, obiwan=, reltol=, skipabstol=, skipobiwan=, skipreltol=, skiptol=
comparing 'solution-13.gmv' with abstol=1e-07, binary=, calctol=0, cw=, floatcompare=, ignorecase=, obiwan=, reltol=, skipabstol=, skipobiwan=, skipreltol=, skiptol=
comparing 'solution-14.gmv' with abstol=1e-07, binary=, calctol=0, cw=, floatcompare=, ignorecase=, obiwan=, reltol=, skipabstol=, skipobiwan=, skipreltol=, skiptol=
comparing 'solution-15.gmv' with abstol=1e-07, binary=, calctol=0, cw=, floatcompare=, ignorecase=, obiwan=, reltol=, skipabstol=, skipobiwan=, skipreltol=, skiptol=
comparing 'solution-16.gmv' with abstol=1e-07, binary=, calctol=0, cw=, floatcompare=, ignorecase=, obiwan=, reltol=, skipabstol=, skipobiwan=, skipreltol=, skiptol=
comparing 'solution-17.gmv' with abstol=1e-07, binary=, calctol=0, cw=, floatcompare=, ignorecase=, obiwan=, reltol=, skipabstol=, skipobiwan=, skipreltol=, skiptol=
comparing 'solution-18.gmv' with abstol=1e-07, binary=, calctol=0, cw=, floatcompare=, ignorecase=, obiwan=, reltol=, skipabstol=, skipobiwan=, skipreltol=, skiptol=
comparing 'solution-19.gmv' with abstol=1e-07, binary=, calctol=0, cw=, floatcompare=, ignorecase=, obiwan=, reltol=, skipabstol=, skipobiwan=, skipreltol=, skiptol=
comparing 'solution-20.gmv' with abstol=1e-07, binary=, calctol=0, cw=, floatcompare=, ignorecase=, obiwan=, reltol=, skipabstol=, skipobiwan=, skipreltol=, skiptol=
comparing 'solution-21.gmv' with abstol=1e-07, binary=, calctol=0, cw=, floatcompare=, ignorecase=, obiwan=, reltol=, skipabstol=, skipobiwan=, skipreltol=, skiptol=
comparing 'solution-22.gmv' with abstol=1e-07, binary=, calctol=0, cw=, floatcompare=, ignorecase=, obiwan=, reltol=, skipabstol=, skipobiwan=, skipreltol=, skiptol=
comparing 'solution-23.gmv' with abstol=1e-07, binary=, calctol=0, cw=, floatcompare=, ignorecase=, obiwan=, reltol=, skipabstol=, skipobiwan=, skipreltol=, skiptol=
comparing 'solution-9.gmv' with abstol=1e-07, binary=, calctol=0, cw=, floatcompare=, ignorecase=, obiwan=, reltol=, skipabstol=, skipobiwan=, skipreltol=, skiptol=
Specinvoke: /media/hahafish/Data/ForUbuntu/speccpu2006/bin/specinvoke -E -d /media/hahafish/Data/ForUbuntu/speccpu2006/benchspec/CPU2006/447.dealII/run/run_base_ref_infra-mixsan_O2.0000 -c 1 -e compare.err -o compare.stdout -f compare.cmd
Issuing command '/media/hahafish/Data/ForUbuntu/speccpu2006/bin/specinvoke -E -d /media/hahafish/Data/ForUbuntu/speccpu2006/benchspec/CPU2006/447.dealII/run/run_base_ref_infra-mixsan_O2.0000 -c 1 -e compare.err -o compare.stdout -f compare.cmd'
Start command: Wed Jul  1 04:20:32 2026 (1782850832)
Stop command: Wed Jul  1 04:20:46 2026 (1782850846)
Elapsed time for command: 00:00:14 (14)
Benchmark Times:
  Start:    Wed Jul  1 04:18:04 2026 (1782850684)
  Stop:     Wed Jul  1 04:20:32 2026 (1782850832)
  Elapsed:  00:02:28 (148)
  Reported: 140 389938000 140.389938
 Success 447.dealII base ref ratio=81.49, runtime=140.389938

-----------------------------------
  Running (#2) 450.soplex ref base infra-mixsan_O2 default
Commands to run: 
    -C /media/hahafish/Data/ForUbuntu/speccpu2006/benchspec/CPU2006/450.soplex/run/run_base_ref_infra-mixsan_O2.0000
    -o pds-50.mps.out -e pds-50.mps.stderr ../run_base_ref_infra-mixsan_O2.0000/soplex_base.infra-mixsan_O2 -s1 -e -m45000 pds-50.mps
    -o ref.out -e ref.stderr ../run_base_ref_infra-mixsan_O2.0000/soplex_base.infra-mixsan_O2 -m3500 ref.mps
Specinvoke: /media/hahafish/Data/ForUbuntu/speccpu2006/bin/specinvoke -d /media/hahafish/Data/ForUbuntu/speccpu2006/benchspec/CPU2006/450.soplex/run/run_base_ref_infra-mixsan_O2.0000 -e speccmds.err -o speccmds.stdout -f speccmds.cmd -C
Issuing command '/media/hahafish/Data/ForUbuntu/speccpu2006/bin/specinvoke -d /media/hahafish/Data/ForUbuntu/speccpu2006/benchspec/CPU2006/450.soplex/run/run_base_ref_infra-mixsan_O2.0000 -e speccmds.err -o speccmds.stdout -f speccmds.cmd -C'
Start command: Wed Jul  1 04:20:46 2026 (1782850846)
Stop command: Wed Jul  1 04:23:25 2026 (1782851005)
Elapsed time for command: 00:02:39 (159)
Workload elapsed time (0:1) = 74.054818 seconds
Workload elapsed time (0:2) = 76.483297 seconds
copy 0 finished @ Wed Jul  1 04:23:17 2026.  Total elapsed time: 150.538115
comparing files in '/media/hahafish/Data/ForUbuntu/speccpu2006/benchspec/CPU2006/450.soplex/run/run_base_ref_infra-mixsan_O2.0000'
comparing 'pds-50.mps.out' with abstol=1e-05, binary=, calctol=0, cw=, floatcompare=, ignorecase=, obiwan=1, reltol=0.02, skipabstol=, skipobiwan=, skipreltol=, skiptol=
comparing 'pds-50.mps.stderr' with abstol=20, binary=, calctol=0, cw=, floatcompare=, ignorecase=, obiwan=1, reltol=0.0001, skipabstol=, skipobiwan=, skipreltol=, skiptol=
comparing 'ref.out' with abstol=1e-05, binary=, calctol=0, cw=, floatcompare=, ignorecase=, obiwan=1, reltol=0.02, skipabstol=, skipobiwan=, skipreltol=, skiptol=
comparing 'ref.stderr' with abstol=20, binary=, calctol=0, cw=, floatcompare=, ignorecase=, obiwan=1, reltol=0.0001, skipabstol=, skipobiwan=, skipreltol=, skiptol=
Specinvoke: /media/hahafish/Data/ForUbuntu/speccpu2006/bin/specinvoke -E -d /media/hahafish/Data/ForUbuntu/speccpu2006/benchspec/CPU2006/450.soplex/run/run_base_ref_infra-mixsan_O2.0000 -c 1 -e compare.err -o compare.stdout -f compare.cmd
Issuing command '/media/hahafish/Data/ForUbuntu/speccpu2006/bin/specinvoke -E -d /media/hahafish/Data/ForUbuntu/speccpu2006/benchspec/CPU2006/450.soplex/run/run_base_ref_infra-mixsan_O2.0000 -c 1 -e compare.err -o compare.stdout -f compare.cmd'
Start command: Wed Jul  1 04:23:25 2026 (1782851005)
Stop command: Wed Jul  1 04:23:27 2026 (1782851007)
Elapsed time for command: 00:00:02 (2)
Error with '/media/hahafish/Data/ForUbuntu/speccpu2006/bin/specinvoke -E -d /media/hahafish/Data/ForUbuntu/speccpu2006/benchspec/CPU2006/450.soplex/run/run_base_ref_infra-mixsan_O2.0000 -c 1 -e compare.err -o compare.stdout -f compare.cmd': check file '/media/hahafish/Data/ForUbuntu/speccpu2006/benchspec/CPU2006/450.soplex/run/run_base_ref_infra-mixsan_O2.0000/.err'
*** Miscompare of pds-50.mps.stderr, see /media/hahafish/Data/ForUbuntu/speccpu2006/benchspec/CPU2006/450.soplex/run/run_base_ref_infra-mixsan_O2.0000/pds-50.mps.stderr.mis
'pds-50.mps.stderr' long
*** Miscompare of ref.stderr, see /media/hahafish/Data/ForUbuntu/speccpu2006/benchspec/CPU2006/450.soplex/run/run_base_ref_infra-mixsan_O2.0000/ref.stderr.mis
'ref.stderr' long
Benchmark Times:
  Start:    Wed Jul  1 04:20:46 2026 (1782850846)
  Stop:     Wed Jul  1 04:23:25 2026 (1782851005)
  Elapsed:  00:02:39 (159)
  Reported: 150 538166000 150.538166
 Error 450.soplex base ref ratio=55.40, runtime=150.538166

-----------------------------------
  Running (#2) 453.povray ref base infra-mixsan_O2 default
Commands to run: 
    -C /media/hahafish/Data/ForUbuntu/speccpu2006/benchspec/CPU2006/453.povray/run/run_base_ref_infra-mixsan_O2.0000
    -o SPEC-benchmark-ref.stdout -e SPEC-benchmark-ref.stderr ../run_base_ref_infra-mixsan_O2.0000/povray_base.infra-mixsan_O2 SPEC-benchmark-ref.ini
Specinvoke: /media/hahafish/Data/ForUbuntu/speccpu2006/bin/specinvoke -d /media/hahafish/Data/ForUbuntu/speccpu2006/benchspec/CPU2006/453.povray/run/run_base_ref_infra-mixsan_O2.0000 -e speccmds.err -o speccmds.stdout -f speccmds.cmd -C
Issuing command '/media/hahafish/Data/ForUbuntu/speccpu2006/bin/specinvoke -d /media/hahafish/Data/ForUbuntu/speccpu2006/benchspec/CPU2006/453.povray/run/run_base_ref_infra-mixsan_O2.0000 -e speccmds.err -o speccmds.stdout -f speccmds.cmd -C'
Start command: Wed Jul  1 04:23:27 2026 (1782851007)
Stop command: Wed Jul  1 04:24:55 2026 (1782851095)
Elapsed time for command: 00:01:28 (88)
Workload elapsed time (0:1) = 79.588258 seconds
copy 0 finished @ Wed Jul  1 04:24:47 2026.  Total elapsed time: 79.588258
comparing files in '/media/hahafish/Data/ForUbuntu/speccpu2006/benchspec/CPU2006/453.povray/run/run_base_ref_infra-mixsan_O2.0000'
comparing 'SPEC-benchmark.log' with abstol=0, binary=, calctol=0, cw=, floatcompare=, ignorecase=, obiwan=, reltol=5e-05, skipabstol=, skipobiwan=, skipreltol=, skiptol=
comparing 'SPEC-benchmark.tga' with abstol=0, binary=1, calctol=0, cw=, floatcompare=, ignorecase=, obiwan=, reltol=5e-05, skipabstol=, skipobiwan=, skipreltol=, skiptol=50
Specinvoke: /media/hahafish/Data/ForUbuntu/speccpu2006/bin/specinvoke -E -d /media/hahafish/Data/ForUbuntu/speccpu2006/benchspec/CPU2006/453.povray/run/run_base_ref_infra-mixsan_O2.0000 -c 1 -e compare.err -o compare.stdout -f compare.cmd
Issuing command '/media/hahafish/Data/ForUbuntu/speccpu2006/bin/specinvoke -E -d /media/hahafish/Data/ForUbuntu/speccpu2006/benchspec/CPU2006/453.povray/run/run_base_ref_infra-mixsan_O2.0000 -c 1 -e compare.err -o compare.stdout -f compare.cmd'
Start command: Wed Jul  1 04:24:55 2026 (1782851095)
Stop command: Wed Jul  1 04:25:00 2026 (1782851100)
Elapsed time for command: 00:00:05 (5)
Benchmark Times:
  Start:    Wed Jul  1 04:23:27 2026 (1782851007)
  Stop:     Wed Jul  1 04:24:55 2026 (1782851095)
  Elapsed:  00:01:28 (88)
  Reported: 79 588293000 79.588293
 Success 453.povray base ref ratio=66.84, runtime=79.588293

-----------------------------------
  Running (#2) 456.hmmer ref base infra-mixsan_O2 default
Commands to run: 
    -C /home/hahafish/speccpu2006/benchspec/CPU2006/456.hmmer/run/run_base_ref_infra-mixsan_O2.0006
    -o nph3.out -e nph3.err ../run_base_ref_infra-mixsan_O2.0006/hmmer_base.infra-mixsan_O2 nph3.hmm swiss41
    -o retro.out -e retro.err ../run_base_ref_infra-mixsan_O2.0006/hmmer_base.infra-mixsan_O2 --fixed 0 --mean 500 --num 500000 --sd 350 --seed 0 retro.hmm
Specinvoke: /media/hahafish/Data/ForUbuntu/speccpu2006/bin/specinvoke -d /home/hahafish/speccpu2006/benchspec/CPU2006/456.hmmer/run/run_base_ref_infra-mixsan_O2.0006 -e speccmds.err -o speccmds.stdout -f speccmds.cmd -C
Issuing command '/media/hahafish/Data/ForUbuntu/speccpu2006/bin/specinvoke -d /home/hahafish/speccpu2006/benchspec/CPU2006/456.hmmer/run/run_base_ref_infra-mixsan_O2.0006 -e speccmds.err -o speccmds.stdout -f speccmds.cmd -C'
Start command: Wed Jul  1 04:25:00 2026 (1782851100)
Stop command: Wed Jul  1 04:27:59 2026 (1782851279)
Elapsed time for command: 00:02:59 (179)
Workload elapsed time (0:1) = 53.811624 seconds
Workload elapsed time (0:2) = 116.504389 seconds
copy 0 finished @ Wed Jul  1 04:27:51 2026.  Total elapsed time: 170.316013
comparing files in '/home/hahafish/speccpu2006/benchspec/CPU2006/456.hmmer/run/run_base_ref_infra-mixsan_O2.0006'
comparing 'nph3.out' with abstol=1e-05, binary=, calctol=0, cw=, floatcompare=, ignorecase=, obiwan=, reltol=0.002, skipabstol=, skipobiwan=, skipreltol=, skiptol=10
comparing 'retro.out' with abstol=1e-05, binary=, calctol=0, cw=, floatcompare=, ignorecase=, obiwan=, reltol=0.002, skipabstol=, skipobiwan=, skipreltol=, skiptol=10
Specinvoke: /media/hahafish/Data/ForUbuntu/speccpu2006/bin/specinvoke -E -d /home/hahafish/speccpu2006/benchspec/CPU2006/456.hmmer/run/run_base_ref_infra-mixsan_O2.0006 -c 1 -e compare.err -o compare.stdout -f compare.cmd
Issuing command '/media/hahafish/Data/ForUbuntu/speccpu2006/bin/specinvoke -E -d /home/hahafish/speccpu2006/benchspec/CPU2006/456.hmmer/run/run_base_ref_infra-mixsan_O2.0006 -c 1 -e compare.err -o compare.stdout -f compare.cmd'
Start command: Wed Jul  1 04:27:59 2026 (1782851279)
Stop command: Wed Jul  1 04:28:01 2026 (1782851281)
Elapsed time for command: 00:00:02 (2)
Benchmark Times:
  Start:    Wed Jul  1 04:25:00 2026 (1782851100)
  Stop:     Wed Jul  1 04:27:59 2026 (1782851279)
  Elapsed:  00:02:59 (179)
  Reported: 170 316050000 170.31605
 Success 456.hmmer base ref ratio=54.78, runtime=170.316050

-----------------------------------
  Running (#2) 458.sjeng ref base infra-mixsan_O2 default
Commands to run: 
    -C /media/hahafish/Data/ForUbuntu/speccpu2006/benchspec/CPU2006/458.sjeng/run/run_base_ref_infra-mixsan_O2.0000
    -o ref.out -e ref.err ../run_base_ref_infra-mixsan_O2.0000/sjeng_base.infra-mixsan_O2 ref.txt
Specinvoke: /media/hahafish/Data/ForUbuntu/speccpu2006/bin/specinvoke -d /media/hahafish/Data/ForUbuntu/speccpu2006/benchspec/CPU2006/458.sjeng/run/run_base_ref_infra-mixsan_O2.0000 -e speccmds.err -o speccmds.stdout -f speccmds.cmd -C
Issuing command '/media/hahafish/Data/ForUbuntu/speccpu2006/bin/specinvoke -d /media/hahafish/Data/ForUbuntu/speccpu2006/benchspec/CPU2006/458.sjeng/run/run_base_ref_infra-mixsan_O2.0000 -e speccmds.err -o speccmds.stdout -f speccmds.cmd -C'
Start command: Wed Jul  1 04:28:01 2026 (1782851281)
Stop command: Wed Jul  1 04:34:16 2026 (1782851656)
Elapsed time for command: 00:06:15 (375)
Workload elapsed time (0:1) = 367.143118 seconds
copy 0 finished @ Wed Jul  1 04:34:08 2026.  Total elapsed time: 367.143118
comparing files in '/media/hahafish/Data/ForUbuntu/speccpu2006/benchspec/CPU2006/458.sjeng/run/run_base_ref_infra-mixsan_O2.0000'
comparing 'ref.out' with abstol=, binary=, calctol=0, cw=, floatcompare=, ignorecase=, obiwan=, reltol=, skipabstol=, skipobiwan=, skipreltol=, skiptol=
Specinvoke: /media/hahafish/Data/ForUbuntu/speccpu2006/bin/specinvoke -E -d /media/hahafish/Data/ForUbuntu/speccpu2006/benchspec/CPU2006/458.sjeng/run/run_base_ref_infra-mixsan_O2.0000 -c 1 -e compare.err -o compare.stdout -f compare.cmd
Issuing command '/media/hahafish/Data/ForUbuntu/speccpu2006/bin/specinvoke -E -d /media/hahafish/Data/ForUbuntu/speccpu2006/benchspec/CPU2006/458.sjeng/run/run_base_ref_infra-mixsan_O2.0000 -c 1 -e compare.err -o compare.stdout -f compare.cmd'
Start command: Wed Jul  1 04:34:16 2026 (1782851656)
Stop command: Wed Jul  1 04:34:18 2026 (1782851658)
Elapsed time for command: 00:00:02 (2)
Benchmark Times:
  Start:    Wed Jul  1 04:28:01 2026 (1782851281)
  Stop:     Wed Jul  1 04:34:16 2026 (1782851656)
  Elapsed:  00:06:15 (375)
  Reported: 367 143156000 367.143156
 Success 458.sjeng base ref ratio=32.96, runtime=367.143156

-----------------------------------
  Running (#2) 462.libquantum ref base infra-mixsan_O2 default
Commands to run: 
    -C /media/hahafish/Data/ForUbuntu/speccpu2006/benchspec/CPU2006/462.libquantum/run/run_base_ref_infra-mixsan_O2.0000
    -o ref.out -e ref.err ../run_base_ref_infra-mixsan_O2.0000/libquantum_base.infra-mixsan_O2 1397 8
Specinvoke: /media/hahafish/Data/ForUbuntu/speccpu2006/bin/specinvoke -d /media/hahafish/Data/ForUbuntu/speccpu2006/benchspec/CPU2006/462.libquantum/run/run_base_ref_infra-mixsan_O2.0000 -e speccmds.err -o speccmds.stdout -f speccmds.cmd -C
Issuing command '/media/hahafish/Data/ForUbuntu/speccpu2006/bin/specinvoke -d /media/hahafish/Data/ForUbuntu/speccpu2006/benchspec/CPU2006/462.libquantum/run/run_base_ref_infra-mixsan_O2.0000 -e speccmds.err -o speccmds.stdout -f speccmds.cmd -C'
Start command: Wed Jul  1 04:34:18 2026 (1782851658)
Stop command: Wed Jul  1 04:38:04 2026 (1782851884)
Elapsed time for command: 00:03:46 (226)
Workload elapsed time (0:1) = 217.87627 seconds
copy 0 finished @ Wed Jul  1 04:37:56 2026.  Total elapsed time: 217.87627
comparing files in '/media/hahafish/Data/ForUbuntu/speccpu2006/benchspec/CPU2006/462.libquantum/run/run_base_ref_infra-mixsan_O2.0000'
comparing 'ref.out' with abstol=, binary=, calctol=0, cw=, floatcompare=, ignorecase=, obiwan=1, reltol=, skipabstol=, skipobiwan=, skipreltol=, skiptol=
Specinvoke: /media/hahafish/Data/ForUbuntu/speccpu2006/bin/specinvoke -E -d /media/hahafish/Data/ForUbuntu/speccpu2006/benchspec/CPU2006/462.libquantum/run/run_base_ref_infra-mixsan_O2.0000 -c 1 -e compare.err -o compare.stdout -f compare.cmd
Issuing command '/media/hahafish/Data/ForUbuntu/speccpu2006/bin/specinvoke -E -d /media/hahafish/Data/ForUbuntu/speccpu2006/benchspec/CPU2006/462.libquantum/run/run_base_ref_infra-mixsan_O2.0000 -c 1 -e compare.err -o compare.stdout -f compare.cmd'
Start command: Wed Jul  1 04:38:04 2026 (1782851884)
Stop command: Wed Jul  1 04:38:06 2026 (1782851886)
Elapsed time for command: 00:00:02 (2)
Benchmark Times:
  Start:    Wed Jul  1 04:34:18 2026 (1782851658)
  Stop:     Wed Jul  1 04:38:04 2026 (1782851884)
  Elapsed:  00:03:46 (226)
  Reported: 217 876310000 217.87631
 Success 462.libquantum base ref ratio=95.10, runtime=217.876310

-----------------------------------
  Running (#2) 464.h264ref ref base infra-mixsan_O2 default
Commands to run: 
    -C /media/hahafish/Data/ForUbuntu/speccpu2006/benchspec/CPU2006/464.h264ref/run/run_base_ref_infra-mixsan_O2.0000
    -o foreman_ref_baseline_encodelog.out -e foreman_ref_baseline_encodelog.err ../run_base_ref_infra-mixsan_O2.0000/h264ref_base.infra-mixsan_O2 -d foreman_ref_encoder_baseline.cfg
    -o foreman_ref_main_encodelog.out -e foreman_ref_main_encodelog.err ../run_base_ref_infra-mixsan_O2.0000/h264ref_base.infra-mixsan_O2 -d foreman_ref_encoder_main.cfg
    -o sss_main_encodelog.out -e sss_main_encodelog.err ../run_base_ref_infra-mixsan_O2.0000/h264ref_base.infra-mixsan_O2 -d sss_encoder_main.cfg
Specinvoke: /media/hahafish/Data/ForUbuntu/speccpu2006/bin/specinvoke -d /media/hahafish/Data/ForUbuntu/speccpu2006/benchspec/CPU2006/464.h264ref/run/run_base_ref_infra-mixsan_O2.0000 -e speccmds.err -o speccmds.stdout -f speccmds.cmd -C
Issuing command '/media/hahafish/Data/ForUbuntu/speccpu2006/bin/specinvoke -d /media/hahafish/Data/ForUbuntu/speccpu2006/benchspec/CPU2006/464.h264ref/run/run_base_ref_infra-mixsan_O2.0000 -e speccmds.err -o speccmds.stdout -f speccmds.cmd -C'
Start command: Wed Jul  1 04:38:06 2026 (1782851886)
Stop command: Wed Jul  1 04:43:05 2026 (1782852185)
Elapsed time for command: 00:04:59 (299)
Workload elapsed time (0:1) = 41.856936 seconds
Workload elapsed time (0:2) = 25.828927 seconds
Workload elapsed time (0:3) = 223.629089 seconds
copy 0 finished @ Wed Jul  1 04:42:57 2026.  Total elapsed time: 291.314952
comparing files in '/media/hahafish/Data/ForUbuntu/speccpu2006/benchspec/CPU2006/464.h264ref/run/run_base_ref_infra-mixsan_O2.0000'
comparing 'foreman_ref_baseline_encodelog.out' with abstol=, binary=, calctol=0, cw=1, floatcompare=1, ignorecase=, obiwan=, reltol=, skipabstol=, skipobiwan=, skipreltol=, skiptol=
comparing 'foreman_ref_baseline_leakybucketparam.cfg' with abstol=, binary=1, calctol=0, cw=1, floatcompare=1, ignorecase=, obiwan=, reltol=, skipabstol=, skipobiwan=, skipreltol=, skiptol=
comparing 'foreman_ref_main_encodelog.out' with abstol=, binary=, calctol=0, cw=1, floatcompare=1, ignorecase=, obiwan=, reltol=, skipabstol=, skipobiwan=, skipreltol=, skiptol=
comparing 'foreman_ref_main_leakybucketparam.cfg' with abstol=, binary=1, calctol=0, cw=1, floatcompare=1, ignorecase=, obiwan=, reltol=, skipabstol=, skipobiwan=, skipreltol=, skiptol=
comparing 'sss_main_encodelog.out' with abstol=, binary=, calctol=0, cw=1, floatcompare=1, ignorecase=, obiwan=, reltol=, skipabstol=, skipobiwan=, skipreltol=, skiptol=
comparing 'sss_main_leakybucketparam.cfg' with abstol=, binary=1, calctol=0, cw=1, floatcompare=1, ignorecase=, obiwan=, reltol=, skipabstol=, skipobiwan=, skipreltol=, skiptol=
Specinvoke: /media/hahafish/Data/ForUbuntu/speccpu2006/bin/specinvoke -E -d /media/hahafish/Data/ForUbuntu/speccpu2006/benchspec/CPU2006/464.h264ref/run/run_base_ref_infra-mixsan_O2.0000 -c 1 -e compare.err -o compare.stdout -f compare.cmd
Issuing command '/media/hahafish/Data/ForUbuntu/speccpu2006/bin/specinvoke -E -d /media/hahafish/Data/ForUbuntu/speccpu2006/benchspec/CPU2006/464.h264ref/run/run_base_ref_infra-mixsan_O2.0000 -c 1 -e compare.err -o compare.stdout -f compare.cmd'
Start command: Wed Jul  1 04:43:05 2026 (1782852185)
Stop command: Wed Jul  1 04:43:07 2026 (1782852187)
Elapsed time for command: 00:00:02 (2)
Benchmark Times:
  Start:    Wed Jul  1 04:38:06 2026 (1782851886)
  Stop:     Wed Jul  1 04:43:05 2026 (1782852185)
  Elapsed:  00:04:59 (299)
  Reported: 291 314999000 291.314999
 Success 464.h264ref base ref ratio=75.97, runtime=291.314999

-----------------------------------
  Running (#2) 470.lbm ref base infra-mixsan_O2 default
Commands to run: 
    -C /media/hahafish/Data/ForUbuntu/speccpu2006/benchspec/CPU2006/470.lbm/run/run_base_ref_infra-mixsan_O2.0000
    -o lbm.out -e lbm.err ../run_base_ref_infra-mixsan_O2.0000/lbm_base.infra-mixsan_O2 3000 reference.dat 0 0 100_100_130_ldc.of
Specinvoke: /media/hahafish/Data/ForUbuntu/speccpu2006/bin/specinvoke -d /media/hahafish/Data/ForUbuntu/speccpu2006/benchspec/CPU2006/470.lbm/run/run_base_ref_infra-mixsan_O2.0000 -e speccmds.err -o speccmds.stdout -f speccmds.cmd -C
Issuing command '/media/hahafish/Data/ForUbuntu/speccpu2006/bin/specinvoke -d /media/hahafish/Data/ForUbuntu/speccpu2006/benchspec/CPU2006/470.lbm/run/run_base_ref_infra-mixsan_O2.0000 -e speccmds.err -o speccmds.stdout -f speccmds.cmd -C'
Start command: Wed Jul  1 04:43:07 2026 (1782852187)
Stop command: Wed Jul  1 04:44:49 2026 (1782852289)
Elapsed time for command: 00:01:42 (102)
Workload elapsed time (0:1) = 93.705863 seconds
copy 0 finished @ Wed Jul  1 04:44:41 2026.  Total elapsed time: 93.705863
comparing files in '/media/hahafish/Data/ForUbuntu/speccpu2006/benchspec/CPU2006/470.lbm/run/run_base_ref_infra-mixsan_O2.0000'
comparing 'lbm.out' with abstol=1e-07, binary=, calctol=0, cw=, floatcompare=, ignorecase=, obiwan=, reltol=, skipabstol=, skipobiwan=, skipreltol=, skiptol=
Specinvoke: /media/hahafish/Data/ForUbuntu/speccpu2006/bin/specinvoke -E -d /media/hahafish/Data/ForUbuntu/speccpu2006/benchspec/CPU2006/470.lbm/run/run_base_ref_infra-mixsan_O2.0000 -c 1 -e compare.err -o compare.stdout -f compare.cmd
Issuing command '/media/hahafish/Data/ForUbuntu/speccpu2006/bin/specinvoke -E -d /media/hahafish/Data/ForUbuntu/speccpu2006/benchspec/CPU2006/470.lbm/run/run_base_ref_infra-mixsan_O2.0000 -c 1 -e compare.err -o compare.stdout -f compare.cmd'
Start command: Wed Jul  1 04:44:49 2026 (1782852289)
Stop command: Wed Jul  1 04:44:51 2026 (1782852291)
Elapsed time for command: 00:00:02 (2)
Benchmark Times:
  Start:    Wed Jul  1 04:43:07 2026 (1782852187)
  Stop:     Wed Jul  1 04:44:49 2026 (1782852289)
  Elapsed:  00:01:42 (102)
  Reported: 93 705905000 93.705905
 Success 470.lbm base ref ratio=146.63, runtime=93.705905

-----------------------------------
  Running (#2) 471.omnetpp ref base infra-mixsan_O2 default
Commands to run: 
    -C /media/hahafish/Data/ForUbuntu/speccpu2006/benchspec/CPU2006/471.omnetpp/run/run_base_ref_infra-mixsan_O2.0000
    -o omnetpp.log -e omnetpp.err ../run_base_ref_infra-mixsan_O2.0000/omnetpp_base.infra-mixsan_O2 omnetpp.ini
Specinvoke: /media/hahafish/Data/ForUbuntu/speccpu2006/bin/specinvoke -d /media/hahafish/Data/ForUbuntu/speccpu2006/benchspec/CPU2006/471.omnetpp/run/run_base_ref_infra-mixsan_O2.0000 -e speccmds.err -o speccmds.stdout -f speccmds.cmd -C
Issuing command '/media/hahafish/Data/ForUbuntu/speccpu2006/bin/specinvoke -d /media/hahafish/Data/ForUbuntu/speccpu2006/benchspec/CPU2006/471.omnetpp/run/run_base_ref_infra-mixsan_O2.0000 -e speccmds.err -o speccmds.stdout -f speccmds.cmd -C'
Start command: Wed Jul  1 04:44:51 2026 (1782852291)
Stop command: Wed Jul  1 04:49:10 2026 (1782852550)
Elapsed time for command: 00:04:19 (259)
Workload elapsed time (0:1) = 251.097687 seconds
copy 0 finished @ Wed Jul  1 04:49:02 2026.  Total elapsed time: 251.097687
comparing files in '/media/hahafish/Data/ForUbuntu/speccpu2006/benchspec/CPU2006/471.omnetpp/run/run_base_ref_infra-mixsan_O2.0000'
comparing 'omnetpp.log' with abstol=1e-06, binary=, calctol=0, cw=, floatcompare=, ignorecase=, obiwan=, reltol=1e-05, skipabstol=, skipobiwan=, skipreltol=, skiptol=
comparing 'omnetpp.sca' with abstol=1e-06, binary=, calctol=0, cw=, floatcompare=, ignorecase=, obiwan=, reltol=1e-05, skipabstol=, skipobiwan=, skipreltol=, skiptol=
Specinvoke: /media/hahafish/Data/ForUbuntu/speccpu2006/bin/specinvoke -E -d /media/hahafish/Data/ForUbuntu/speccpu2006/benchspec/CPU2006/471.omnetpp/run/run_base_ref_infra-mixsan_O2.0000 -c 1 -e compare.err -o compare.stdout -f compare.cmd
Issuing command '/media/hahafish/Data/ForUbuntu/speccpu2006/bin/specinvoke -E -d /media/hahafish/Data/ForUbuntu/speccpu2006/benchspec/CPU2006/471.omnetpp/run/run_base_ref_infra-mixsan_O2.0000 -c 1 -e compare.err -o compare.stdout -f compare.cmd'
Start command: Wed Jul  1 04:49:10 2026 (1782852550)
Stop command: Wed Jul  1 04:49:12 2026 (1782852552)
Elapsed time for command: 00:00:02 (2)
Benchmark Times:
  Start:    Wed Jul  1 04:44:51 2026 (1782852291)
  Stop:     Wed Jul  1 04:49:10 2026 (1782852550)
  Elapsed:  00:04:19 (259)
  Reported: 251 97731000 251.097731
 Success 471.omnetpp base ref ratio=24.89, runtime=251.097731

-----------------------------------
  Running (#2) 473.astar ref base infra-mixsan_O2 default
Commands to run: 
    -C /media/hahafish/Data/ForUbuntu/speccpu2006/benchspec/CPU2006/473.astar/run/run_base_ref_infra-mixsan_O2.0000
    -o BigLakes2048.out -e BigLakes2048.err ../run_base_ref_infra-mixsan_O2.0000/astar_base.infra-mixsan_O2 BigLakes2048.cfg
    -o rivers.out -e rivers.err ../run_base_ref_infra-mixsan_O2.0000/astar_base.infra-mixsan_O2 rivers.cfg
Specinvoke: /media/hahafish/Data/ForUbuntu/speccpu2006/bin/specinvoke -d /media/hahafish/Data/ForUbuntu/speccpu2006/benchspec/CPU2006/473.astar/run/run_base_ref_infra-mixsan_O2.0000 -e speccmds.err -o speccmds.stdout -f speccmds.cmd -C
Issuing command '/media/hahafish/Data/ForUbuntu/speccpu2006/bin/specinvoke -d /media/hahafish/Data/ForUbuntu/speccpu2006/benchspec/CPU2006/473.astar/run/run_base_ref_infra-mixsan_O2.0000 -e speccmds.err -o speccmds.stdout -f speccmds.cmd -C'
Start command: Wed Jul  1 04:49:12 2026 (1782852552)
Stop command: Wed Jul  1 04:53:26 2026 (1782852806)
Elapsed time for command: 00:04:14 (254)
Workload elapsed time (0:1) = 97.654117 seconds
Workload elapsed time (0:2) = 148.095701 seconds
copy 0 finished @ Wed Jul  1 04:53:18 2026.  Total elapsed time: 245.749818
comparing files in '/media/hahafish/Data/ForUbuntu/speccpu2006/benchspec/CPU2006/473.astar/run/run_base_ref_infra-mixsan_O2.0000'
comparing 'BigLakes2048.out' with abstol=, binary=, calctol=0, cw=, floatcompare=, ignorecase=, obiwan=, reltol=0.001, skipabstol=, skipobiwan=, skipreltol=, skiptol=
comparing 'rivers.out' with abstol=, binary=, calctol=0, cw=, floatcompare=, ignorecase=, obiwan=, reltol=0.001, skipabstol=, skipobiwan=, skipreltol=, skiptol=
Specinvoke: /media/hahafish/Data/ForUbuntu/speccpu2006/bin/specinvoke -E -d /media/hahafish/Data/ForUbuntu/speccpu2006/benchspec/CPU2006/473.astar/run/run_base_ref_infra-mixsan_O2.0000 -c 1 -e compare.err -o compare.stdout -f compare.cmd
Issuing command '/media/hahafish/Data/ForUbuntu/speccpu2006/bin/specinvoke -E -d /media/hahafish/Data/ForUbuntu/speccpu2006/benchspec/CPU2006/473.astar/run/run_base_ref_infra-mixsan_O2.0000 -c 1 -e compare.err -o compare.stdout -f compare.cmd'
Start command: Wed Jul  1 04:53:26 2026 (1782852806)
Stop command: Wed Jul  1 04:53:28 2026 (1782852808)
Elapsed time for command: 00:00:02 (2)
Benchmark Times:
  Start:    Wed Jul  1 04:49:12 2026 (1782852552)
  Stop:     Wed Jul  1 04:53:26 2026 (1782852806)
  Elapsed:  00:04:14 (254)
  Reported: 245 749867000 245.749867
 Success 473.astar base ref ratio=28.57, runtime=245.749867

-----------------------------------
  Running (#2) 482.sphinx3 ref base infra-mixsan_O2 default
Commands to run: 
    -C /home/hahafish/speccpu2006/benchspec/CPU2006/482.sphinx3/run/run_base_ref_infra-mixsan_O2.0006
    -o an4.log -e an4.err ../run_base_ref_infra-mixsan_O2.0006/sphinx_livepretend_base.infra-mixsan_O2 ctlfile . args.an4
Specinvoke: /media/hahafish/Data/ForUbuntu/speccpu2006/bin/specinvoke -d /home/hahafish/speccpu2006/benchspec/CPU2006/482.sphinx3/run/run_base_ref_infra-mixsan_O2.0006 -e speccmds.err -o speccmds.stdout -f speccmds.cmd -C
Issuing command '/media/hahafish/Data/ForUbuntu/speccpu2006/bin/specinvoke -d /home/hahafish/speccpu2006/benchspec/CPU2006/482.sphinx3/run/run_base_ref_infra-mixsan_O2.0006 -e speccmds.err -o speccmds.stdout -f speccmds.cmd -C'
Start command: Wed Jul  1 04:53:28 2026 (1782852808)
Stop command: Wed Jul  1 04:57:04 2026 (1782853024)
Elapsed time for command: 00:03:36 (216)
Workload elapsed time (0:1) = 207.740233 seconds
copy 0 finished @ Wed Jul  1 04:56:56 2026.  Total elapsed time: 207.740233
comparing files in '/home/hahafish/speccpu2006/benchspec/CPU2006/482.sphinx3/run/run_base_ref_infra-mixsan_O2.0006'
comparing 'an4.log' with abstol=, binary=, calctol=0, cw=, floatcompare=1, ignorecase=, obiwan=, reltol=0.001, skipabstol=, skipobiwan=, skipreltol=, skiptol=
comparing 'considered.out' with abstol=, binary=, calctol=0, cw=, floatcompare=1, ignorecase=, obiwan=, reltol=0.0004, skipabstol=, skipobiwan=, skipreltol=, skiptol=
comparing 'total_considered.out' with abstol=, binary=, calctol=0, cw=, floatcompare=1, ignorecase=, obiwan=, reltol=1e-06, skipabstol=, skipobiwan=, skipreltol=, skiptol=
Specinvoke: /media/hahafish/Data/ForUbuntu/speccpu2006/bin/specinvoke -E -d /home/hahafish/speccpu2006/benchspec/CPU2006/482.sphinx3/run/run_base_ref_infra-mixsan_O2.0006 -c 1 -e compare.err -o compare.stdout -f compare.cmd
Issuing command '/media/hahafish/Data/ForUbuntu/speccpu2006/bin/specinvoke -E -d /home/hahafish/speccpu2006/benchspec/CPU2006/482.sphinx3/run/run_base_ref_infra-mixsan_O2.0006 -c 1 -e compare.err -o compare.stdout -f compare.cmd'
Start command: Wed Jul  1 04:57:04 2026 (1782853024)
Stop command: Wed Jul  1 04:57:06 2026 (1782853026)
Elapsed time for command: 00:00:02 (2)
Benchmark Times:
  Start:    Wed Jul  1 04:53:28 2026 (1782852808)
  Stop:     Wed Jul  1 04:57:04 2026 (1782853024)
  Elapsed:  00:03:36 (216)
  Reported: 207 740272000 207.740272
 Success 482.sphinx3 base ref ratio=93.82, runtime=207.740272

-----------------------------------
  Running (#2) 483.xalancbmk ref base infra-mixsan_O2 default
Commands to run: 
    -C /media/hahafish/Data/ForUbuntu/speccpu2006/benchspec/CPU2006/483.xalancbmk/run/run_base_ref_infra-mixsan_O2.0000
    -o ref.out -e ref.err ../run_base_ref_infra-mixsan_O2.0000/Xalan_base.infra-mixsan_O2 -v t5.xml xalanc.xsl
Specinvoke: /media/hahafish/Data/ForUbuntu/speccpu2006/bin/specinvoke -d /media/hahafish/Data/ForUbuntu/speccpu2006/benchspec/CPU2006/483.xalancbmk/run/run_base_ref_infra-mixsan_O2.0000 -e speccmds.err -o speccmds.stdout -f speccmds.cmd -C
Issuing command '/media/hahafish/Data/ForUbuntu/speccpu2006/bin/specinvoke -d /media/hahafish/Data/ForUbuntu/speccpu2006/benchspec/CPU2006/483.xalancbmk/run/run_base_ref_infra-mixsan_O2.0000 -e speccmds.err -o speccmds.stdout -f speccmds.cmd -C'
Start command: Wed Jul  1 04:57:06 2026 (1782853026)
Stop command: Wed Jul  1 04:58:55 2026 (1782853135)
Elapsed time for command: 00:01:49 (109)
Workload elapsed time (0:1) = 100.830348 seconds
copy 0 finished @ Wed Jul  1 04:58:47 2026.  Total elapsed time: 100.830348
comparing files in '/media/hahafish/Data/ForUbuntu/speccpu2006/benchspec/CPU2006/483.xalancbmk/run/run_base_ref_infra-mixsan_O2.0000'
comparing 'ref.out' with abstol=, binary=, calctol=0, cw=, floatcompare=, ignorecase=, obiwan=, reltol=, skipabstol=, skipobiwan=, skipreltol=, skiptol=
Specinvoke: /media/hahafish/Data/ForUbuntu/speccpu2006/bin/specinvoke -E -d /media/hahafish/Data/ForUbuntu/speccpu2006/benchspec/CPU2006/483.xalancbmk/run/run_base_ref_infra-mixsan_O2.0000 -c 1 -e compare.err -o compare.stdout -f compare.cmd
Issuing command '/media/hahafish/Data/ForUbuntu/speccpu2006/bin/specinvoke -E -d /media/hahafish/Data/ForUbuntu/speccpu2006/benchspec/CPU2006/483.xalancbmk/run/run_base_ref_infra-mixsan_O2.0000 -c 1 -e compare.err -o compare.stdout -f compare.cmd'
Start command: Wed Jul  1 04:58:55 2026 (1782853135)
Stop command: Wed Jul  1 04:58:57 2026 (1782853137)
Elapsed time for command: 00:00:02 (2)
Benchmark Times:
  Start:    Wed Jul  1 04:57:06 2026 (1782853026)
  Stop:     Wed Jul  1 04:58:55 2026 (1782853135)
  Elapsed:  00:01:49 (109)
  Reported: 100 830393000 100.830393
 Success 483.xalancbmk base ref ratio=68.43, runtime=100.830393

-----------------------------------
  Running (#3) 400.perlbench ref base infra-mixsan_O2 default
Commands to run: 
    -C /media/hahafish/Data/ForUbuntu/speccpu2006/benchspec/CPU2006/400.perlbench/run/run_base_ref_infra-mixsan_O2.0000
    -o checkspam.2500.5.25.11.150.1.1.1.1.out -e checkspam.2500.5.25.11.150.1.1.1.1.err ../run_base_ref_infra-mixsan_O2.0000/perlbench_base.infra-mixsan_O2 -I./lib checkspam.pl 2500 5 25 11 150 1 1 1 1
    -o diffmail.4.800.10.17.19.300.out -e diffmail.4.800.10.17.19.300.err ../run_base_ref_infra-mixsan_O2.0000/perlbench_base.infra-mixsan_O2 -I./lib diffmail.pl 4 800 10 17 19 300
    -o splitmail.1600.12.26.16.4500.out -e splitmail.1600.12.26.16.4500.err ../run_base_ref_infra-mixsan_O2.0000/perlbench_base.infra-mixsan_O2 -I./lib splitmail.pl 1600 12 26 16 4500
Specinvoke: /media/hahafish/Data/ForUbuntu/speccpu2006/bin/specinvoke -d /media/hahafish/Data/ForUbuntu/speccpu2006/benchspec/CPU2006/400.perlbench/run/run_base_ref_infra-mixsan_O2.0000 -e speccmds.err -o speccmds.stdout -f speccmds.cmd -C
Issuing command '/media/hahafish/Data/ForUbuntu/speccpu2006/bin/specinvoke -d /media/hahafish/Data/ForUbuntu/speccpu2006/benchspec/CPU2006/400.perlbench/run/run_base_ref_infra-mixsan_O2.0000 -e speccmds.err -o speccmds.stdout -f speccmds.cmd -C'
Start command: Wed Jul  1 04:58:57 2026 (1782853137)
Stop command: Wed Jul  1 05:02:20 2026 (1782853340)
Elapsed time for command: 00:03:23 (203)
Workload elapsed time (0:1) = 100.294042 seconds
Workload elapsed time (0:2) = 33.738361 seconds
Workload elapsed time (0:3) = 60.575036 seconds
copy 0 finished @ Wed Jul  1 05:02:12 2026.  Total elapsed time: 194.607439
comparing files in '/media/hahafish/Data/ForUbuntu/speccpu2006/benchspec/CPU2006/400.perlbench/run/run_base_ref_infra-mixsan_O2.0000'
comparing 'checkspam.2500.5.25.11.150.1.1.1.1.out' with abstol=, binary=, calctol=0, cw=, floatcompare=, ignorecase=, obiwan=, reltol=, skipabstol=, skipobiwan=, skipreltol=, skiptol=
comparing 'diffmail.4.800.10.17.19.300.out' with abstol=, binary=, calctol=0, cw=, floatcompare=, ignorecase=, obiwan=, reltol=, skipabstol=, skipobiwan=, skipreltol=, skiptol=
comparing 'splitmail.1600.12.26.16.4500.out' with abstol=, binary=, calctol=0, cw=, floatcompare=, ignorecase=, obiwan=, reltol=, skipabstol=, skipobiwan=, skipreltol=, skiptol=
Specinvoke: /media/hahafish/Data/ForUbuntu/speccpu2006/bin/specinvoke -E -d /media/hahafish/Data/ForUbuntu/speccpu2006/benchspec/CPU2006/400.perlbench/run/run_base_ref_infra-mixsan_O2.0000 -c 1 -e compare.err -o compare.stdout -f compare.cmd
Issuing command '/media/hahafish/Data/ForUbuntu/speccpu2006/bin/specinvoke -E -d /media/hahafish/Data/ForUbuntu/speccpu2006/benchspec/CPU2006/400.perlbench/run/run_base_ref_infra-mixsan_O2.0000 -c 1 -e compare.err -o compare.stdout -f compare.cmd'
Start command: Wed Jul  1 05:02:20 2026 (1782853340)
Stop command: Wed Jul  1 05:02:22 2026 (1782853342)
Elapsed time for command: 00:00:02 (2)
Benchmark Times:
  Start:    Wed Jul  1 04:58:57 2026 (1782853137)
  Stop:     Wed Jul  1 05:02:20 2026 (1782853340)
  Elapsed:  00:03:23 (203)
  Reported: 194 607501000 194.607501
 Success 400.perlbench base ref ratio=50.20, runtime=194.607501

-----------------------------------
  Running (#3) 401.bzip2 ref base infra-mixsan_O2 default
Commands to run: 
    -C /media/hahafish/Data/ForUbuntu/speccpu2006/benchspec/CPU2006/401.bzip2/run/run_base_ref_infra-mixsan_O2.0000
    -o input.source.out -e input.source.err ../run_base_ref_infra-mixsan_O2.0000/bzip2_base.infra-mixsan_O2 input.source 280
    -o chicken.jpg.out -e chicken.jpg.err ../run_base_ref_infra-mixsan_O2.0000/bzip2_base.infra-mixsan_O2 chicken.jpg 30
    -o liberty.jpg.out -e liberty.jpg.err ../run_base_ref_infra-mixsan_O2.0000/bzip2_base.infra-mixsan_O2 liberty.jpg 30
    -o input.program.out -e input.program.err ../run_base_ref_infra-mixsan_O2.0000/bzip2_base.infra-mixsan_O2 input.program 280
    -o text.html.out -e text.html.err ../run_base_ref_infra-mixsan_O2.0000/bzip2_base.infra-mixsan_O2 text.html 280
    -o input.combined.out -e input.combined.err ../run_base_ref_infra-mixsan_O2.0000/bzip2_base.infra-mixsan_O2 input.combined 200
Specinvoke: /media/hahafish/Data/ForUbuntu/speccpu2006/bin/specinvoke -d /media/hahafish/Data/ForUbuntu/speccpu2006/benchspec/CPU2006/401.bzip2/run/run_base_ref_infra-mixsan_O2.0000 -e speccmds.err -o speccmds.stdout -f speccmds.cmd -C
Issuing command '/media/hahafish/Data/ForUbuntu/speccpu2006/bin/specinvoke -d /media/hahafish/Data/ForUbuntu/speccpu2006/benchspec/CPU2006/401.bzip2/run/run_base_ref_infra-mixsan_O2.0000 -e speccmds.err -o speccmds.stdout -f speccmds.cmd -C'
Start command: Wed Jul  1 05:02:22 2026 (1782853342)
Stop command: Wed Jul  1 05:08:19 2026 (1782853699)
Elapsed time for command: 00:05:57 (357)
Workload elapsed time (0:1) = 68.539791 seconds
Workload elapsed time (0:2) = 21.749358 seconds
Workload elapsed time (0:3) = 35.952907 seconds
Workload elapsed time (0:4) = 74.820806 seconds
Workload elapsed time (0:5) = 94.713695 seconds
Workload elapsed time (0:6) = 52.870717 seconds
copy 0 finished @ Wed Jul  1 05:08:11 2026.  Total elapsed time: 348.647274
comparing files in '/media/hahafish/Data/ForUbuntu/speccpu2006/benchspec/CPU2006/401.bzip2/run/run_base_ref_infra-mixsan_O2.0000'
comparing 'chicken.jpg.out' with abstol=, binary=, calctol=0, cw=, floatcompare=, ignorecase=, obiwan=, reltol=, skipabstol=, skipobiwan=, skipreltol=, skiptol=
comparing 'input.combined.out' with abstol=, binary=, calctol=0, cw=, floatcompare=, ignorecase=, obiwan=, reltol=, skipabstol=, skipobiwan=, skipreltol=, skiptol=
comparing 'input.program.out' with abstol=, binary=, calctol=0, cw=, floatcompare=, ignorecase=, obiwan=, reltol=, skipabstol=, skipobiwan=, skipreltol=, skiptol=
comparing 'input.source.out' with abstol=, binary=, calctol=0, cw=, floatcompare=, ignorecase=, obiwan=, reltol=, skipabstol=, skipobiwan=, skipreltol=, skiptol=
comparing 'liberty.jpg.out' with abstol=, binary=, calctol=0, cw=, floatcompare=, ignorecase=, obiwan=, reltol=, skipabstol=, skipobiwan=, skipreltol=, skiptol=
comparing 'text.html.out' with abstol=, binary=, calctol=0, cw=, floatcompare=, ignorecase=, obiwan=, reltol=, skipabstol=, skipobiwan=, skipreltol=, skiptol=
Specinvoke: /media/hahafish/Data/ForUbuntu/speccpu2006/bin/specinvoke -E -d /media/hahafish/Data/ForUbuntu/speccpu2006/benchspec/CPU2006/401.bzip2/run/run_base_ref_infra-mixsan_O2.0000 -c 1 -e compare.err -o compare.stdout -f compare.cmd
Issuing command '/media/hahafish/Data/ForUbuntu/speccpu2006/bin/specinvoke -E -d /media/hahafish/Data/ForUbuntu/speccpu2006/benchspec/CPU2006/401.bzip2/run/run_base_ref_infra-mixsan_O2.0000 -c 1 -e compare.err -o compare.stdout -f compare.cmd'
Start command: Wed Jul  1 05:08:19 2026 (1782853699)
Stop command: Wed Jul  1 05:08:21 2026 (1782853701)
Elapsed time for command: 00:00:02 (2)
Benchmark Times:
  Start:    Wed Jul  1 05:02:22 2026 (1782853342)
  Stop:     Wed Jul  1 05:08:19 2026 (1782853699)
  Elapsed:  00:05:57 (357)
  Reported: 348 647359000 348.647359
 Success 401.bzip2 base ref ratio=27.68, runtime=348.647359

-----------------------------------
  Running (#3) 403.gcc ref base infra-mixsan_O2 default
Commands to run: 
    -C /media/hahafish/Data/ForUbuntu/speccpu2006/benchspec/CPU2006/403.gcc/run/run_base_ref_infra-mixsan_O2.0000
    -o 166.out -e 166.err ../run_base_ref_infra-mixsan_O2.0000/gcc_base.infra-mixsan_O2 166.i -o 166.s
    -o 200.out -e 200.err ../run_base_ref_infra-mixsan_O2.0000/gcc_base.infra-mixsan_O2 200.i -o 200.s
    -o c-typeck.out -e c-typeck.err ../run_base_ref_infra-mixsan_O2.0000/gcc_base.infra-mixsan_O2 c-typeck.i -o c-typeck.s
    -o cp-decl.out -e cp-decl.err ../run_base_ref_infra-mixsan_O2.0000/gcc_base.infra-mixsan_O2 cp-decl.i -o cp-decl.s
    -o expr.out -e expr.err ../run_base_ref_infra-mixsan_O2.0000/gcc_base.infra-mixsan_O2 expr.i -o expr.s
    -o expr2.out -e expr2.err ../run_base_ref_infra-mixsan_O2.0000/gcc_base.infra-mixsan_O2 expr2.i -o expr2.s
    -o g23.out -e g23.err ../run_base_ref_infra-mixsan_O2.0000/gcc_base.infra-mixsan_O2 g23.i -o g23.s
    -o s04.out -e s04.err ../run_base_ref_infra-mixsan_O2.0000/gcc_base.infra-mixsan_O2 s04.i -o s04.s
    -o scilab.out -e scilab.err ../run_base_ref_infra-mixsan_O2.0000/gcc_base.infra-mixsan_O2 scilab.i -o scilab.s
Specinvoke: /media/hahafish/Data/ForUbuntu/speccpu2006/bin/specinvoke -d /media/hahafish/Data/ForUbuntu/speccpu2006/benchspec/CPU2006/403.gcc/run/run_base_ref_infra-mixsan_O2.0000 -e speccmds.err -o speccmds.stdout -f speccmds.cmd -C
Issuing command '/media/hahafish/Data/ForUbuntu/speccpu2006/bin/specinvoke -d /media/hahafish/Data/ForUbuntu/speccpu2006/benchspec/CPU2006/403.gcc/run/run_base_ref_infra-mixsan_O2.0000 -e speccmds.err -o speccmds.stdout -f speccmds.cmd -C'
Start command: Wed Jul  1 05:08:21 2026 (1782853701)
Stop command: Wed Jul  1 05:11:30 2026 (1782853890)
Elapsed time for command: 00:03:09 (189)
Workload elapsed time (0:1) = 11.588695 seconds
Workload elapsed time (0:2) = 35.330298 seconds
Workload elapsed time (0:3) = 18.809734 seconds
Workload elapsed time (0:4) = 13.459234 seconds
Workload elapsed time (0:5) = 15.463618 seconds
Workload elapsed time (0:6) = 21.818523 seconds
Workload elapsed time (0:7) = 28.925504 seconds
Workload elapsed time (0:8) = 22.499576 seconds
Workload elapsed time (0:9) = 13.400786 seconds
copy 0 finished @ Wed Jul  1 05:11:22 2026.  Total elapsed time: 181.295968
comparing files in '/media/hahafish/Data/ForUbuntu/speccpu2006/benchspec/CPU2006/403.gcc/run/run_base_ref_infra-mixsan_O2.0000'
comparing '166.s' with abstol=, binary=, calctol=0, cw=, floatcompare=, ignorecase=, obiwan=, reltol=, skipabstol=, skipobiwan=, skipreltol=, skiptol=
comparing '200.s' with abstol=, binary=, calctol=0, cw=, floatcompare=, ignorecase=, obiwan=, reltol=, skipabstol=, skipobiwan=, skipreltol=, skiptol=
comparing 'c-typeck.s' with abstol=, binary=, calctol=0, cw=, floatcompare=, ignorecase=, obiwan=, reltol=, skipabstol=, skipobiwan=, skipreltol=, skiptol=
comparing 'cp-decl.s' with abstol=, binary=, calctol=0, cw=, floatcompare=, ignorecase=, obiwan=, reltol=, skipabstol=, skipobiwan=, skipreltol=, skiptol=
comparing 'expr.s' with abstol=, binary=, calctol=0, cw=, floatcompare=, ignorecase=, obiwan=, reltol=, skipabstol=, skipobiwan=, skipreltol=, skiptol=
comparing 'expr2.s' with abstol=, binary=, calctol=0, cw=, floatcompare=, ignorecase=, obiwan=, reltol=, skipabstol=, skipobiwan=, skipreltol=, skiptol=
comparing 'g23.s' with abstol=, binary=, calctol=0, cw=, floatcompare=, ignorecase=, obiwan=, reltol=, skipabstol=, skipobiwan=, skipreltol=, skiptol=
comparing 's04.s' with abstol=, binary=, calctol=0, cw=, floatcompare=, ignorecase=, obiwan=, reltol=, skipabstol=, skipobiwan=, skipreltol=, skiptol=
comparing 'scilab.s' with abstol=, binary=, calctol=0, cw=, floatcompare=, ignorecase=, obiwan=, reltol=, skipabstol=, skipobiwan=, skipreltol=, skiptol=
Specinvoke: /media/hahafish/Data/ForUbuntu/speccpu2006/bin/specinvoke -E -d /media/hahafish/Data/ForUbuntu/speccpu2006/benchspec/CPU2006/403.gcc/run/run_base_ref_infra-mixsan_O2.0000 -c 1 -e compare.err -o compare.stdout -f compare.cmd
Issuing command '/media/hahafish/Data/ForUbuntu/speccpu2006/bin/specinvoke -E -d /media/hahafish/Data/ForUbuntu/speccpu2006/benchspec/CPU2006/403.gcc/run/run_base_ref_infra-mixsan_O2.0000 -c 1 -e compare.err -o compare.stdout -f compare.cmd'
Start command: Wed Jul  1 05:11:30 2026 (1782853890)
Stop command: Wed Jul  1 05:11:33 2026 (1782853893)
Elapsed time for command: 00:00:03 (3)
Benchmark Times:
  Start:    Wed Jul  1 05:08:21 2026 (1782853701)
  Stop:     Wed Jul  1 05:11:30 2026 (1782853890)
  Elapsed:  00:03:09 (189)
  Reported: 181 296105000 181.296105
 Success 403.gcc base ref ratio=44.40, runtime=181.296105

-----------------------------------
  Running (#3) 429.mcf ref base infra-mixsan_O2 default
Commands to run: 
    -C /media/hahafish/Data/ForUbuntu/speccpu2006/benchspec/CPU2006/429.mcf/run/run_base_ref_infra-mixsan_O2.0007
    -o inp.out -e inp.err ../run_base_ref_infra-mixsan_O2.0007/mcf_base.infra-mixsan_O2 inp.in
Specinvoke: /media/hahafish/Data/ForUbuntu/speccpu2006/bin/specinvoke -d /media/hahafish/Data/ForUbuntu/speccpu2006/benchspec/CPU2006/429.mcf/run/run_base_ref_infra-mixsan_O2.0007 -e speccmds.err -o speccmds.stdout -f speccmds.cmd -C
Issuing command '/media/hahafish/Data/ForUbuntu/speccpu2006/bin/specinvoke -d /media/hahafish/Data/ForUbuntu/speccpu2006/benchspec/CPU2006/429.mcf/run/run_base_ref_infra-mixsan_O2.0007 -e speccmds.err -o speccmds.stdout -f speccmds.cmd -C'
Start command: Wed Jul  1 05:11:33 2026 (1782853893)
Stop command: Wed Jul  1 05:14:49 2026 (1782854089)
Elapsed time for command: 00:03:16 (196)
Workload elapsed time (0:1) = 188.654826 seconds
copy 0 finished @ Wed Jul  1 05:14:41 2026.  Total elapsed time: 188.654826
comparing files in '/media/hahafish/Data/ForUbuntu/speccpu2006/benchspec/CPU2006/429.mcf/run/run_base_ref_infra-mixsan_O2.0007'
comparing 'inp.out' with abstol=, binary=, calctol=0, cw=, floatcompare=, ignorecase=, obiwan=, reltol=, skipabstol=, skipobiwan=, skipreltol=, skiptol=
comparing 'mcf.out' with abstol=, binary=, calctol=0, cw=, floatcompare=, ignorecase=, obiwan=, reltol=, skipabstol=, skipobiwan=, skipreltol=, skiptol=
Specinvoke: /media/hahafish/Data/ForUbuntu/speccpu2006/bin/specinvoke -E -d /media/hahafish/Data/ForUbuntu/speccpu2006/benchspec/CPU2006/429.mcf/run/run_base_ref_infra-mixsan_O2.0007 -c 1 -e compare.err -o compare.stdout -f compare.cmd
Issuing command '/media/hahafish/Data/ForUbuntu/speccpu2006/bin/specinvoke -E -d /media/hahafish/Data/ForUbuntu/speccpu2006/benchspec/CPU2006/429.mcf/run/run_base_ref_infra-mixsan_O2.0007 -c 1 -e compare.err -o compare.stdout -f compare.cmd'
Start command: Wed Jul  1 05:14:49 2026 (1782854089)
Stop command: Wed Jul  1 05:14:51 2026 (1782854091)
Elapsed time for command: 00:00:02 (2)
Benchmark Times:
  Start:    Wed Jul  1 05:11:33 2026 (1782853893)
  Stop:     Wed Jul  1 05:14:49 2026 (1782854089)
  Elapsed:  00:03:16 (196)
  Reported: 188 654870000 188.65487
 Success 429.mcf base ref ratio=48.34, runtime=188.654870

-----------------------------------
  Running (#3) 433.milc ref base infra-mixsan_O2 default
Commands to run: 
    -C /home/hahafish/speccpu2006/benchspec/CPU2006/433.milc/run/run_base_ref_infra-mixsan_O2.0006
    -i su3imp.in -o su3imp.out -e su3imp.err ../run_base_ref_infra-mixsan_O2.0006/milc_base.infra-mixsan_O2
Specinvoke: /media/hahafish/Data/ForUbuntu/speccpu2006/bin/specinvoke -d /home/hahafish/speccpu2006/benchspec/CPU2006/433.milc/run/run_base_ref_infra-mixsan_O2.0006 -e speccmds.err -o speccmds.stdout -f speccmds.cmd -C
Issuing command '/media/hahafish/Data/ForUbuntu/speccpu2006/bin/specinvoke -d /home/hahafish/speccpu2006/benchspec/CPU2006/433.milc/run/run_base_ref_infra-mixsan_O2.0006 -e speccmds.err -o speccmds.stdout -f speccmds.cmd -C'
Start command: Wed Jul  1 05:14:51 2026 (1782854091)
Stop command: Wed Jul  1 05:17:38 2026 (1782854258)
Elapsed time for command: 00:02:47 (167)
Workload elapsed time (0:1) = 158.249787 seconds
copy 0 finished @ Wed Jul  1 05:17:30 2026.  Total elapsed time: 158.249787
comparing files in '/home/hahafish/speccpu2006/benchspec/CPU2006/433.milc/run/run_base_ref_infra-mixsan_O2.0006'
comparing 'su3imp.out' with abstol=2e-07, binary=, calctol=0, cw=, floatcompare=, ignorecase=, obiwan=, reltol=0.0001, skipabstol=, skipobiwan=, skipreltol=, skiptol=
Specinvoke: /media/hahafish/Data/ForUbuntu/speccpu2006/bin/specinvoke -E -d /home/hahafish/speccpu2006/benchspec/CPU2006/433.milc/run/run_base_ref_infra-mixsan_O2.0006 -c 1 -e compare.err -o compare.stdout -f compare.cmd
Issuing command '/media/hahafish/Data/ForUbuntu/speccpu2006/bin/specinvoke -E -d /home/hahafish/speccpu2006/benchspec/CPU2006/433.milc/run/run_base_ref_infra-mixsan_O2.0006 -c 1 -e compare.err -o compare.stdout -f compare.cmd'
Start command: Wed Jul  1 05:17:38 2026 (1782854258)
Stop command: Wed Jul  1 05:17:40 2026 (1782854260)
Elapsed time for command: 00:00:02 (2)
Benchmark Times:
  Start:    Wed Jul  1 05:14:51 2026 (1782854091)
  Stop:     Wed Jul  1 05:17:38 2026 (1782854258)
  Elapsed:  00:02:47 (167)
  Reported: 158 249833000 158.249833
 Success 433.milc base ref ratio=58.01, runtime=158.249833

-----------------------------------
  Running (#3) 444.namd ref base infra-mixsan_O2 default
Commands to run: 
    -C /media/hahafish/Data/ForUbuntu/speccpu2006/benchspec/CPU2006/444.namd/run/run_base_ref_infra-mixsan_O2.0000
    -o namd.stdout -e namd.err ../run_base_ref_infra-mixsan_O2.0000/namd_base.infra-mixsan_O2 --input namd.input --iterations 38 --output namd.out 
Specinvoke: /media/hahafish/Data/ForUbuntu/speccpu2006/bin/specinvoke -d /media/hahafish/Data/ForUbuntu/speccpu2006/benchspec/CPU2006/444.namd/run/run_base_ref_infra-mixsan_O2.0000 -e speccmds.err -o speccmds.stdout -f speccmds.cmd -C
Issuing command '/media/hahafish/Data/ForUbuntu/speccpu2006/bin/specinvoke -d /media/hahafish/Data/ForUbuntu/speccpu2006/benchspec/CPU2006/444.namd/run/run_base_ref_infra-mixsan_O2.0000 -e speccmds.err -o speccmds.stdout -f speccmds.cmd -C'
Start command: Wed Jul  1 05:17:40 2026 (1782854260)
Stop command: Wed Jul  1 05:20:45 2026 (1782854445)
Elapsed time for command: 00:03:05 (185)
Workload elapsed time (0:1) = 177.578574 seconds
copy 0 finished @ Wed Jul  1 05:20:37 2026.  Total elapsed time: 177.578574
comparing files in '/media/hahafish/Data/ForUbuntu/speccpu2006/benchspec/CPU2006/444.namd/run/run_base_ref_infra-mixsan_O2.0000'
comparing 'namd.out' with abstol=1e-05, binary=, calctol=0, cw=, floatcompare=, ignorecase=, obiwan=, reltol=, skipabstol=, skipobiwan=, skipreltol=, skiptol=
Specinvoke: /media/hahafish/Data/ForUbuntu/speccpu2006/bin/specinvoke -E -d /media/hahafish/Data/ForUbuntu/speccpu2006/benchspec/CPU2006/444.namd/run/run_base_ref_infra-mixsan_O2.0000 -c 1 -e compare.err -o compare.stdout -f compare.cmd
Issuing command '/media/hahafish/Data/ForUbuntu/speccpu2006/bin/specinvoke -E -d /media/hahafish/Data/ForUbuntu/speccpu2006/benchspec/CPU2006/444.namd/run/run_base_ref_infra-mixsan_O2.0000 -c 1 -e compare.err -o compare.stdout -f compare.cmd'
Start command: Wed Jul  1 05:20:45 2026 (1782854445)
Stop command: Wed Jul  1 05:20:47 2026 (1782854447)
Elapsed time for command: 00:00:02 (2)
Benchmark Times:
  Start:    Wed Jul  1 05:17:40 2026 (1782854260)
  Stop:     Wed Jul  1 05:20:45 2026 (1782854445)
  Elapsed:  00:03:05 (185)
  Reported: 177 578616000 177.578616
 Success 444.namd base ref ratio=45.16, runtime=177.578616

-----------------------------------
  Running (#3) 445.gobmk ref base infra-mixsan_O2 default
Commands to run: 
    -C /home/hahafish/speccpu2006/benchspec/CPU2006/445.gobmk/run/run_base_ref_infra-mixsan_O2.0006
    -i 13x13.tst -o 13x13.out -e 13x13.err ../run_base_ref_infra-mixsan_O2.0006/gobmk_base.infra-mixsan_O2 --quiet --mode gtp
    -i nngs.tst -o nngs.out -e nngs.err ../run_base_ref_infra-mixsan_O2.0006/gobmk_base.infra-mixsan_O2 --quiet --mode gtp
    -i score2.tst -o score2.out -e score2.err ../run_base_ref_infra-mixsan_O2.0006/gobmk_base.infra-mixsan_O2 --quiet --mode gtp
    -i trevorc.tst -o trevorc.out -e trevorc.err ../run_base_ref_infra-mixsan_O2.0006/gobmk_base.infra-mixsan_O2 --quiet --mode gtp
    -i trevord.tst -o trevord.out -e trevord.err ../run_base_ref_infra-mixsan_O2.0006/gobmk_base.infra-mixsan_O2 --quiet --mode gtp
Specinvoke: /media/hahafish/Data/ForUbuntu/speccpu2006/bin/specinvoke -d /home/hahafish/speccpu2006/benchspec/CPU2006/445.gobmk/run/run_base_ref_infra-mixsan_O2.0006 -e speccmds.err -o speccmds.stdout -f speccmds.cmd -C
Issuing command '/media/hahafish/Data/ForUbuntu/speccpu2006/bin/specinvoke -d /home/hahafish/speccpu2006/benchspec/CPU2006/445.gobmk/run/run_base_ref_infra-mixsan_O2.0006 -e speccmds.err -o speccmds.stdout -f speccmds.cmd -C'
Start command: Wed Jul  1 05:20:48 2026 (1782854448)
Stop command: Wed Jul  1 05:25:30 2026 (1782854730)
Elapsed time for command: 00:04:42 (282)
Workload elapsed time (0:1) = 38.307148 seconds
Workload elapsed time (0:2) = 97.896832 seconds
Workload elapsed time (0:3) = 50.417943 seconds
Workload elapsed time (0:4) = 37.761581 seconds
Workload elapsed time (0:5) = 50.418645 seconds
copy 0 finished @ Wed Jul  1 05:25:22 2026.  Total elapsed time: 274.802149
comparing files in '/home/hahafish/speccpu2006/benchspec/CPU2006/445.gobmk/run/run_base_ref_infra-mixsan_O2.0006'
comparing '13x13.out' with abstol=, binary=, calctol=0, cw=, floatcompare=, ignorecase=, obiwan=, reltol=, skipabstol=, skipobiwan=, skipreltol=, skiptol=
comparing 'nngs.out' with abstol=, binary=, calctol=0, cw=, floatcompare=, ignorecase=, obiwan=, reltol=, skipabstol=, skipobiwan=, skipreltol=, skiptol=
comparing 'score2.out' with abstol=, binary=, calctol=0, cw=, floatcompare=, ignorecase=, obiwan=, reltol=, skipabstol=, skipobiwan=, skipreltol=, skiptol=
comparing 'trevorc.out' with abstol=, binary=, calctol=0, cw=, floatcompare=, ignorecase=, obiwan=, reltol=, skipabstol=, skipobiwan=, skipreltol=, skiptol=
comparing 'trevord.out' with abstol=, binary=, calctol=0, cw=, floatcompare=, ignorecase=, obiwan=, reltol=, skipabstol=, skipobiwan=, skipreltol=, skiptol=
Specinvoke: /media/hahafish/Data/ForUbuntu/speccpu2006/bin/specinvoke -E -d /home/hahafish/speccpu2006/benchspec/CPU2006/445.gobmk/run/run_base_ref_infra-mixsan_O2.0006 -c 1 -e compare.err -o compare.stdout -f compare.cmd
Issuing command '/media/hahafish/Data/ForUbuntu/speccpu2006/bin/specinvoke -E -d /home/hahafish/speccpu2006/benchspec/CPU2006/445.gobmk/run/run_base_ref_infra-mixsan_O2.0006 -c 1 -e compare.err -o compare.stdout -f compare.cmd'
Start command: Wed Jul  1 05:25:30 2026 (1782854730)
Stop command: Wed Jul  1 05:25:32 2026 (1782854732)
Elapsed time for command: 00:00:02 (2)
Benchmark Times:
  Start:    Wed Jul  1 05:20:48 2026 (1782854448)
  Stop:     Wed Jul  1 05:25:30 2026 (1782854730)
  Elapsed:  00:04:42 (282)
  Reported: 274 802214000 274.802214
 Success 445.gobmk base ref ratio=38.17, runtime=274.802214

-----------------------------------
  Running (#3) 447.dealII ref base infra-mixsan_O2 default
Commands to run: 
    -C /media/hahafish/Data/ForUbuntu/speccpu2006/benchspec/CPU2006/447.dealII/run/run_base_ref_infra-mixsan_O2.0000
    -o log -e dealII.err ../run_base_ref_infra-mixsan_O2.0000/dealII_base.infra-mixsan_O2 23
Specinvoke: /media/hahafish/Data/ForUbuntu/speccpu2006/bin/specinvoke -d /media/hahafish/Data/ForUbuntu/speccpu2006/benchspec/CPU2006/447.dealII/run/run_base_ref_infra-mixsan_O2.0000 -e speccmds.err -o speccmds.stdout -f speccmds.cmd -C
Issuing command '/media/hahafish/Data/ForUbuntu/speccpu2006/bin/specinvoke -d /media/hahafish/Data/ForUbuntu/speccpu2006/benchspec/CPU2006/447.dealII/run/run_base_ref_infra-mixsan_O2.0000 -e speccmds.err -o speccmds.stdout -f speccmds.cmd -C'
Start command: Wed Jul  1 05:25:33 2026 (1782854733)
Stop command: Wed Jul  1 05:28:01 2026 (1782854881)
Elapsed time for command: 00:02:28 (148)
Workload elapsed time (0:1) = 140.212736 seconds
copy 0 finished @ Wed Jul  1 05:27:53 2026.  Total elapsed time: 140.212736
comparing files in '/media/hahafish/Data/ForUbuntu/speccpu2006/benchspec/CPU2006/447.dealII/run/run_base_ref_infra-mixsan_O2.0000'
comparing 'grid-0.eps' with abstol=1e-07, binary=, calctol=0, cw=, floatcompare=, ignorecase=, obiwan=, reltol=, skipabstol=, skipobiwan=, skipreltol=, skiptol=
comparing 'grid-1.eps' with abstol=1e-07, binary=, calctol=0, cw=, floatcompare=, ignorecase=, obiwan=, reltol=, skipabstol=, skipobiwan=, skipreltol=, skiptol=
comparing 'grid-2.eps' with abstol=1e-07, binary=, calctol=0, cw=, floatcompare=, ignorecase=, obiwan=, reltol=, skipabstol=, skipobiwan=, skipreltol=, skiptol=
comparing 'grid-3.eps' with abstol=1e-07, binary=, calctol=0, cw=, floatcompare=, ignorecase=, obiwan=, reltol=, skipabstol=, skipobiwan=, skipreltol=, skiptol=
comparing 'grid-4.eps' with abstol=1e-07, binary=, calctol=0, cw=, floatcompare=, ignorecase=, obiwan=, reltol=, skipabstol=, skipobiwan=, skipreltol=, skiptol=
comparing 'grid-5.eps' with abstol=1e-07, binary=, calctol=0, cw=, floatcompare=, ignorecase=, obiwan=, reltol=, skipabstol=, skipobiwan=, skipreltol=, skiptol=
comparing 'grid-6.eps' with abstol=1e-07, binary=, calctol=0, cw=, floatcompare=, ignorecase=, obiwan=, reltol=, skipabstol=, skipobiwan=, skipreltol=, skiptol=
comparing 'grid-7.eps' with abstol=1e-07, binary=, calctol=0, cw=, floatcompare=, ignorecase=, obiwan=, reltol=, skipabstol=, skipobiwan=, skipreltol=, skiptol=
comparing 'grid-8.eps' with abstol=1e-07, binary=, calctol=0, cw=, floatcompare=, ignorecase=, obiwan=, reltol=, skipabstol=, skipobiwan=, skipreltol=, skiptol=
comparing 'solution-0.gmv' with abstol=1e-07, binary=, calctol=0, cw=, floatcompare=, ignorecase=, obiwan=, reltol=, skipabstol=, skipobiwan=, skipreltol=, skiptol=
comparing 'solution-1.gmv' with abstol=1e-07, binary=, calctol=0, cw=, floatcompare=, ignorecase=, obiwan=, reltol=, skipabstol=, skipobiwan=, skipreltol=, skiptol=
comparing 'solution-2.gmv' with abstol=1e-07, binary=, calctol=0, cw=, floatcompare=, ignorecase=, obiwan=, reltol=, skipabstol=, skipobiwan=, skipreltol=, skiptol=
comparing 'solution-3.gmv' with abstol=1e-07, binary=, calctol=0, cw=, floatcompare=, ignorecase=, obiwan=, reltol=, skipabstol=, skipobiwan=, skipreltol=, skiptol=
comparing 'solution-4.gmv' with abstol=1e-07, binary=, calctol=0, cw=, floatcompare=, ignorecase=, obiwan=, reltol=, skipabstol=, skipobiwan=, skipreltol=, skiptol=
comparing 'solution-5.gmv' with abstol=1e-07, binary=, calctol=0, cw=, floatcompare=, ignorecase=, obiwan=, reltol=, skipabstol=, skipobiwan=, skipreltol=, skiptol=
comparing 'solution-6.gmv' with abstol=1e-07, binary=, calctol=0, cw=, floatcompare=, ignorecase=, obiwan=, reltol=, skipabstol=, skipobiwan=, skipreltol=, skiptol=
comparing 'solution-7.gmv' with abstol=1e-07, binary=, calctol=0, cw=, floatcompare=, ignorecase=, obiwan=, reltol=, skipabstol=, skipobiwan=, skipreltol=, skiptol=
comparing 'solution-8.gmv' with abstol=1e-07, binary=, calctol=0, cw=, floatcompare=, ignorecase=, obiwan=, reltol=, skipabstol=, skipobiwan=, skipreltol=, skiptol=
comparing 'grid-10.eps' with abstol=1e-07, binary=, calctol=0, cw=, floatcompare=, ignorecase=, obiwan=, reltol=, skipabstol=, skipobiwan=, skipreltol=, skiptol=
comparing 'grid-11.eps' with abstol=1e-07, binary=, calctol=0, cw=, floatcompare=, ignorecase=, obiwan=, reltol=, skipabstol=, skipobiwan=, skipreltol=, skiptol=
comparing 'grid-12.eps' with abstol=1e-07, binary=, calctol=0, cw=, floatcompare=, ignorecase=, obiwan=, reltol=, skipabstol=, skipobiwan=, skipreltol=, skiptol=
comparing 'grid-13.eps' with abstol=1e-07, binary=, calctol=0, cw=, floatcompare=, ignorecase=, obiwan=, reltol=, skipabstol=, skipobiwan=, skipreltol=, skiptol=
comparing 'grid-14.eps' with abstol=1e-07, binary=, calctol=0, cw=, floatcompare=, ignorecase=, obiwan=, reltol=, skipabstol=, skipobiwan=, skipreltol=, skiptol=
comparing 'grid-15.eps' with abstol=1e-07, binary=, calctol=0, cw=, floatcompare=, ignorecase=, obiwan=, reltol=, skipabstol=, skipobiwan=, skipreltol=, skiptol=
comparing 'grid-16.eps' with abstol=1e-07, binary=, calctol=0, cw=, floatcompare=, ignorecase=, obiwan=, reltol=, skipabstol=, skipobiwan=, skipreltol=, skiptol=
comparing 'grid-17.eps' with abstol=1e-07, binary=, calctol=0, cw=, floatcompare=, ignorecase=, obiwan=, reltol=, skipabstol=, skipobiwan=, skipreltol=, skiptol=
comparing 'grid-18.eps' with abstol=1e-07, binary=, calctol=0, cw=, floatcompare=, ignorecase=, obiwan=, reltol=, skipabstol=, skipobiwan=, skipreltol=, skiptol=
comparing 'grid-19.eps' with abstol=1e-07, binary=, calctol=0, cw=, floatcompare=, ignorecase=, obiwan=, reltol=, skipabstol=, skipobiwan=, skipreltol=, skiptol=
comparing 'grid-20.eps' with abstol=1e-07, binary=, calctol=0, cw=, floatcompare=, ignorecase=, obiwan=, reltol=, skipabstol=, skipobiwan=, skipreltol=, skiptol=
comparing 'grid-21.eps' with abstol=1e-07, binary=, calctol=0, cw=, floatcompare=, ignorecase=, obiwan=, reltol=, skipabstol=, skipobiwan=, skipreltol=, skiptol=
comparing 'grid-22.eps' with abstol=1e-07, binary=, calctol=0, cw=, floatcompare=, ignorecase=, obiwan=, reltol=, skipabstol=, skipobiwan=, skipreltol=, skiptol=
comparing 'grid-23.eps' with abstol=1e-07, binary=, calctol=0, cw=, floatcompare=, ignorecase=, obiwan=, reltol=, skipabstol=, skipobiwan=, skipreltol=, skiptol=
comparing 'grid-9.eps' with abstol=1e-07, binary=, calctol=0, cw=, floatcompare=, ignorecase=, obiwan=, reltol=, skipabstol=, skipobiwan=, skipreltol=, skiptol=
comparing 'log' with abstol=1e-07, binary=, calctol=0, cw=, floatcompare=, ignorecase=, obiwan=, reltol=, skipabstol=, skipobiwan=, skipreltol=, skiptol=
comparing 'solution-10.gmv' with abstol=1e-07, binary=, calctol=0, cw=, floatcompare=, ignorecase=, obiwan=, reltol=, skipabstol=, skipobiwan=, skipreltol=, skiptol=
comparing 'solution-11.gmv' with abstol=1e-07, binary=, calctol=0, cw=, floatcompare=, ignorecase=, obiwan=, reltol=, skipabstol=, skipobiwan=, skipreltol=, skiptol=
comparing 'solution-12.gmv' with abstol=1e-07, binary=, calctol=0, cw=, floatcompare=, ignorecase=, obiwan=, reltol=, skipabstol=, skipobiwan=, skipreltol=, skiptol=
comparing 'solution-13.gmv' with abstol=1e-07, binary=, calctol=0, cw=, floatcompare=, ignorecase=, obiwan=, reltol=, skipabstol=, skipobiwan=, skipreltol=, skiptol=
comparing 'solution-14.gmv' with abstol=1e-07, binary=, calctol=0, cw=, floatcompare=, ignorecase=, obiwan=, reltol=, skipabstol=, skipobiwan=, skipreltol=, skiptol=
comparing 'solution-15.gmv' with abstol=1e-07, binary=, calctol=0, cw=, floatcompare=, ignorecase=, obiwan=, reltol=, skipabstol=, skipobiwan=, skipreltol=, skiptol=
comparing 'solution-16.gmv' with abstol=1e-07, binary=, calctol=0, cw=, floatcompare=, ignorecase=, obiwan=, reltol=, skipabstol=, skipobiwan=, skipreltol=, skiptol=
comparing 'solution-17.gmv' with abstol=1e-07, binary=, calctol=0, cw=, floatcompare=, ignorecase=, obiwan=, reltol=, skipabstol=, skipobiwan=, skipreltol=, skiptol=
comparing 'solution-18.gmv' with abstol=1e-07, binary=, calctol=0, cw=, floatcompare=, ignorecase=, obiwan=, reltol=, skipabstol=, skipobiwan=, skipreltol=, skiptol=
comparing 'solution-19.gmv' with abstol=1e-07, binary=, calctol=0, cw=, floatcompare=, ignorecase=, obiwan=, reltol=, skipabstol=, skipobiwan=, skipreltol=, skiptol=
comparing 'solution-20.gmv' with abstol=1e-07, binary=, calctol=0, cw=, floatcompare=, ignorecase=, obiwan=, reltol=, skipabstol=, skipobiwan=, skipreltol=, skiptol=
comparing 'solution-21.gmv' with abstol=1e-07, binary=, calctol=0, cw=, floatcompare=, ignorecase=, obiwan=, reltol=, skipabstol=, skipobiwan=, skipreltol=, skiptol=
comparing 'solution-22.gmv' with abstol=1e-07, binary=, calctol=0, cw=, floatcompare=, ignorecase=, obiwan=, reltol=, skipabstol=, skipobiwan=, skipreltol=, skiptol=
comparing 'solution-23.gmv' with abstol=1e-07, binary=, calctol=0, cw=, floatcompare=, ignorecase=, obiwan=, reltol=, skipabstol=, skipobiwan=, skipreltol=, skiptol=
comparing 'solution-9.gmv' with abstol=1e-07, binary=, calctol=0, cw=, floatcompare=, ignorecase=, obiwan=, reltol=, skipabstol=, skipobiwan=, skipreltol=, skiptol=
Specinvoke: /media/hahafish/Data/ForUbuntu/speccpu2006/bin/specinvoke -E -d /media/hahafish/Data/ForUbuntu/speccpu2006/benchspec/CPU2006/447.dealII/run/run_base_ref_infra-mixsan_O2.0000 -c 1 -e compare.err -o compare.stdout -f compare.cmd
Issuing command '/media/hahafish/Data/ForUbuntu/speccpu2006/bin/specinvoke -E -d /media/hahafish/Data/ForUbuntu/speccpu2006/benchspec/CPU2006/447.dealII/run/run_base_ref_infra-mixsan_O2.0000 -c 1 -e compare.err -o compare.stdout -f compare.cmd'
Start command: Wed Jul  1 05:28:01 2026 (1782854881)
Stop command: Wed Jul  1 05:28:15 2026 (1782854895)
Elapsed time for command: 00:00:14 (14)
Benchmark Times:
  Start:    Wed Jul  1 05:25:33 2026 (1782854733)
  Stop:     Wed Jul  1 05:28:01 2026 (1782854881)
  Elapsed:  00:02:28 (148)
  Reported: 140 212781000 140.212781
 Success 447.dealII base ref ratio=81.59, runtime=140.212781

-----------------------------------
  Running (#3) 450.soplex ref base infra-mixsan_O2 default
Commands to run: 
    -C /media/hahafish/Data/ForUbuntu/speccpu2006/benchspec/CPU2006/450.soplex/run/run_base_ref_infra-mixsan_O2.0000
    -o pds-50.mps.out -e pds-50.mps.stderr ../run_base_ref_infra-mixsan_O2.0000/soplex_base.infra-mixsan_O2 -s1 -e -m45000 pds-50.mps
    -o ref.out -e ref.stderr ../run_base_ref_infra-mixsan_O2.0000/soplex_base.infra-mixsan_O2 -m3500 ref.mps
Specinvoke: /media/hahafish/Data/ForUbuntu/speccpu2006/bin/specinvoke -d /media/hahafish/Data/ForUbuntu/speccpu2006/benchspec/CPU2006/450.soplex/run/run_base_ref_infra-mixsan_O2.0000 -e speccmds.err -o speccmds.stdout -f speccmds.cmd -C
Issuing command '/media/hahafish/Data/ForUbuntu/speccpu2006/bin/specinvoke -d /media/hahafish/Data/ForUbuntu/speccpu2006/benchspec/CPU2006/450.soplex/run/run_base_ref_infra-mixsan_O2.0000 -e speccmds.err -o speccmds.stdout -f speccmds.cmd -C'
Start command: Wed Jul  1 05:28:15 2026 (1782854895)
Stop command: Wed Jul  1 05:30:53 2026 (1782855053)
Elapsed time for command: 00:02:38 (158)
Workload elapsed time (0:1) = 73.905569 seconds
Workload elapsed time (0:2) = 76.346738 seconds
copy 0 finished @ Wed Jul  1 05:30:45 2026.  Total elapsed time: 150.252307
comparing files in '/media/hahafish/Data/ForUbuntu/speccpu2006/benchspec/CPU2006/450.soplex/run/run_base_ref_infra-mixsan_O2.0000'
comparing 'pds-50.mps.out' with abstol=1e-05, binary=, calctol=0, cw=, floatcompare=, ignorecase=, obiwan=1, reltol=0.02, skipabstol=, skipobiwan=, skipreltol=, skiptol=
comparing 'pds-50.mps.stderr' with abstol=20, binary=, calctol=0, cw=, floatcompare=, ignorecase=, obiwan=1, reltol=0.0001, skipabstol=, skipobiwan=, skipreltol=, skiptol=
comparing 'ref.out' with abstol=1e-05, binary=, calctol=0, cw=, floatcompare=, ignorecase=, obiwan=1, reltol=0.02, skipabstol=, skipobiwan=, skipreltol=, skiptol=
comparing 'ref.stderr' with abstol=20, binary=, calctol=0, cw=, floatcompare=, ignorecase=, obiwan=1, reltol=0.0001, skipabstol=, skipobiwan=, skipreltol=, skiptol=
Specinvoke: /media/hahafish/Data/ForUbuntu/speccpu2006/bin/specinvoke -E -d /media/hahafish/Data/ForUbuntu/speccpu2006/benchspec/CPU2006/450.soplex/run/run_base_ref_infra-mixsan_O2.0000 -c 1 -e compare.err -o compare.stdout -f compare.cmd
Issuing command '/media/hahafish/Data/ForUbuntu/speccpu2006/bin/specinvoke -E -d /media/hahafish/Data/ForUbuntu/speccpu2006/benchspec/CPU2006/450.soplex/run/run_base_ref_infra-mixsan_O2.0000 -c 1 -e compare.err -o compare.stdout -f compare.cmd'
Start command: Wed Jul  1 05:30:53 2026 (1782855053)
Stop command: Wed Jul  1 05:30:55 2026 (1782855055)
Elapsed time for command: 00:00:02 (2)
Error with '/media/hahafish/Data/ForUbuntu/speccpu2006/bin/specinvoke -E -d /media/hahafish/Data/ForUbuntu/speccpu2006/benchspec/CPU2006/450.soplex/run/run_base_ref_infra-mixsan_O2.0000 -c 1 -e compare.err -o compare.stdout -f compare.cmd': check file '/media/hahafish/Data/ForUbuntu/speccpu2006/benchspec/CPU2006/450.soplex/run/run_base_ref_infra-mixsan_O2.0000/.err'
*** Miscompare of pds-50.mps.stderr, see /media/hahafish/Data/ForUbuntu/speccpu2006/benchspec/CPU2006/450.soplex/run/run_base_ref_infra-mixsan_O2.0000/pds-50.mps.stderr.mis
'pds-50.mps.stderr' long
*** Miscompare of ref.stderr, see /media/hahafish/Data/ForUbuntu/speccpu2006/benchspec/CPU2006/450.soplex/run/run_base_ref_infra-mixsan_O2.0000/ref.stderr.mis
'ref.stderr' long
Benchmark Times:
  Start:    Wed Jul  1 05:28:15 2026 (1782854895)
  Stop:     Wed Jul  1 05:30:53 2026 (1782855053)
  Elapsed:  00:02:38 (158)
  Reported: 150 252359000 150.252359
 Error 450.soplex base ref ratio=55.51, runtime=150.252359

-----------------------------------
  Running (#3) 453.povray ref base infra-mixsan_O2 default
Commands to run: 
    -C /media/hahafish/Data/ForUbuntu/speccpu2006/benchspec/CPU2006/453.povray/run/run_base_ref_infra-mixsan_O2.0000
    -o SPEC-benchmark-ref.stdout -e SPEC-benchmark-ref.stderr ../run_base_ref_infra-mixsan_O2.0000/povray_base.infra-mixsan_O2 SPEC-benchmark-ref.ini
Specinvoke: /media/hahafish/Data/ForUbuntu/speccpu2006/bin/specinvoke -d /media/hahafish/Data/ForUbuntu/speccpu2006/benchspec/CPU2006/453.povray/run/run_base_ref_infra-mixsan_O2.0000 -e speccmds.err -o speccmds.stdout -f speccmds.cmd -C
Issuing command '/media/hahafish/Data/ForUbuntu/speccpu2006/bin/specinvoke -d /media/hahafish/Data/ForUbuntu/speccpu2006/benchspec/CPU2006/453.povray/run/run_base_ref_infra-mixsan_O2.0000 -e speccmds.err -o speccmds.stdout -f speccmds.cmd -C'
Start command: Wed Jul  1 05:30:55 2026 (1782855055)
Stop command: Wed Jul  1 05:32:23 2026 (1782855143)
Elapsed time for command: 00:01:28 (88)
Workload elapsed time (0:1) = 79.597302 seconds
copy 0 finished @ Wed Jul  1 05:32:15 2026.  Total elapsed time: 79.597302
comparing files in '/media/hahafish/Data/ForUbuntu/speccpu2006/benchspec/CPU2006/453.povray/run/run_base_ref_infra-mixsan_O2.0000'
comparing 'SPEC-benchmark.log' with abstol=0, binary=, calctol=0, cw=, floatcompare=, ignorecase=, obiwan=, reltol=5e-05, skipabstol=, skipobiwan=, skipreltol=, skiptol=
comparing 'SPEC-benchmark.tga' with abstol=0, binary=1, calctol=0, cw=, floatcompare=, ignorecase=, obiwan=, reltol=5e-05, skipabstol=, skipobiwan=, skipreltol=, skiptol=50
Specinvoke: /media/hahafish/Data/ForUbuntu/speccpu2006/bin/specinvoke -E -d /media/hahafish/Data/ForUbuntu/speccpu2006/benchspec/CPU2006/453.povray/run/run_base_ref_infra-mixsan_O2.0000 -c 1 -e compare.err -o compare.stdout -f compare.cmd
Issuing command '/media/hahafish/Data/ForUbuntu/speccpu2006/bin/specinvoke -E -d /media/hahafish/Data/ForUbuntu/speccpu2006/benchspec/CPU2006/453.povray/run/run_base_ref_infra-mixsan_O2.0000 -c 1 -e compare.err -o compare.stdout -f compare.cmd'
Start command: Wed Jul  1 05:32:23 2026 (1782855143)
Stop command: Wed Jul  1 05:32:29 2026 (1782855149)
Elapsed time for command: 00:00:06 (6)
Benchmark Times:
  Start:    Wed Jul  1 05:30:55 2026 (1782855055)
  Stop:     Wed Jul  1 05:32:23 2026 (1782855143)
  Elapsed:  00:01:28 (88)
  Reported: 79 597335000 79.597335
 Success 453.povray base ref ratio=66.84, runtime=79.597335

-----------------------------------
  Running (#3) 456.hmmer ref base infra-mixsan_O2 default
Commands to run: 
    -C /home/hahafish/speccpu2006/benchspec/CPU2006/456.hmmer/run/run_base_ref_infra-mixsan_O2.0006
    -o nph3.out -e nph3.err ../run_base_ref_infra-mixsan_O2.0006/hmmer_base.infra-mixsan_O2 nph3.hmm swiss41
    -o retro.out -e retro.err ../run_base_ref_infra-mixsan_O2.0006/hmmer_base.infra-mixsan_O2 --fixed 0 --mean 500 --num 500000 --sd 350 --seed 0 retro.hmm
Specinvoke: /media/hahafish/Data/ForUbuntu/speccpu2006/bin/specinvoke -d /home/hahafish/speccpu2006/benchspec/CPU2006/456.hmmer/run/run_base_ref_infra-mixsan_O2.0006 -e speccmds.err -o speccmds.stdout -f speccmds.cmd -C
Issuing command '/media/hahafish/Data/ForUbuntu/speccpu2006/bin/specinvoke -d /home/hahafish/speccpu2006/benchspec/CPU2006/456.hmmer/run/run_base_ref_infra-mixsan_O2.0006 -e speccmds.err -o speccmds.stdout -f speccmds.cmd -C'
Start command: Wed Jul  1 05:32:29 2026 (1782855149)
Stop command: Wed Jul  1 05:35:27 2026 (1782855327)
Elapsed time for command: 00:02:58 (178)
Workload elapsed time (0:1) = 53.905554 seconds
Workload elapsed time (0:2) = 116.458128 seconds
copy 0 finished @ Wed Jul  1 05:35:19 2026.  Total elapsed time: 170.363682
comparing files in '/home/hahafish/speccpu2006/benchspec/CPU2006/456.hmmer/run/run_base_ref_infra-mixsan_O2.0006'
comparing 'nph3.out' with abstol=1e-05, binary=, calctol=0, cw=, floatcompare=, ignorecase=, obiwan=, reltol=0.002, skipabstol=, skipobiwan=, skipreltol=, skiptol=10
comparing 'retro.out' with abstol=1e-05, binary=, calctol=0, cw=, floatcompare=, ignorecase=, obiwan=, reltol=0.002, skipabstol=, skipobiwan=, skipreltol=, skiptol=10
Specinvoke: /media/hahafish/Data/ForUbuntu/speccpu2006/bin/specinvoke -E -d /home/hahafish/speccpu2006/benchspec/CPU2006/456.hmmer/run/run_base_ref_infra-mixsan_O2.0006 -c 1 -e compare.err -o compare.stdout -f compare.cmd
Issuing command '/media/hahafish/Data/ForUbuntu/speccpu2006/bin/specinvoke -E -d /home/hahafish/speccpu2006/benchspec/CPU2006/456.hmmer/run/run_base_ref_infra-mixsan_O2.0006 -c 1 -e compare.err -o compare.stdout -f compare.cmd'
Start command: Wed Jul  1 05:35:27 2026 (1782855327)
Stop command: Wed Jul  1 05:35:29 2026 (1782855329)
Elapsed time for command: 00:00:02 (2)
Benchmark Times:
  Start:    Wed Jul  1 05:32:29 2026 (1782855149)
  Stop:     Wed Jul  1 05:35:27 2026 (1782855327)
  Elapsed:  00:02:58 (178)
  Reported: 170 363724000 170.363724
 Success 456.hmmer base ref ratio=54.77, runtime=170.363724

-----------------------------------
  Running (#3) 458.sjeng ref base infra-mixsan_O2 default
Commands to run: 
    -C /media/hahafish/Data/ForUbuntu/speccpu2006/benchspec/CPU2006/458.sjeng/run/run_base_ref_infra-mixsan_O2.0000
    -o ref.out -e ref.err ../run_base_ref_infra-mixsan_O2.0000/sjeng_base.infra-mixsan_O2 ref.txt
Specinvoke: /media/hahafish/Data/ForUbuntu/speccpu2006/bin/specinvoke -d /media/hahafish/Data/ForUbuntu/speccpu2006/benchspec/CPU2006/458.sjeng/run/run_base_ref_infra-mixsan_O2.0000 -e speccmds.err -o speccmds.stdout -f speccmds.cmd -C
Issuing command '/media/hahafish/Data/ForUbuntu/speccpu2006/bin/specinvoke -d /media/hahafish/Data/ForUbuntu/speccpu2006/benchspec/CPU2006/458.sjeng/run/run_base_ref_infra-mixsan_O2.0000 -e speccmds.err -o speccmds.stdout -f speccmds.cmd -C'
Start command: Wed Jul  1 05:35:29 2026 (1782855329)
Stop command: Wed Jul  1 05:41:45 2026 (1782855705)
Elapsed time for command: 00:06:16 (376)
Workload elapsed time (0:1) = 367.350995 seconds
copy 0 finished @ Wed Jul  1 05:41:37 2026.  Total elapsed time: 367.350995
comparing files in '/media/hahafish/Data/ForUbuntu/speccpu2006/benchspec/CPU2006/458.sjeng/run/run_base_ref_infra-mixsan_O2.0000'
comparing 'ref.out' with abstol=, binary=, calctol=0, cw=, floatcompare=, ignorecase=, obiwan=, reltol=, skipabstol=, skipobiwan=, skipreltol=, skiptol=
Specinvoke: /media/hahafish/Data/ForUbuntu/speccpu2006/bin/specinvoke -E -d /media/hahafish/Data/ForUbuntu/speccpu2006/benchspec/CPU2006/458.sjeng/run/run_base_ref_infra-mixsan_O2.0000 -c 1 -e compare.err -o compare.stdout -f compare.cmd
Issuing command '/media/hahafish/Data/ForUbuntu/speccpu2006/bin/specinvoke -E -d /media/hahafish/Data/ForUbuntu/speccpu2006/benchspec/CPU2006/458.sjeng/run/run_base_ref_infra-mixsan_O2.0000 -c 1 -e compare.err -o compare.stdout -f compare.cmd'
Start command: Wed Jul  1 05:41:45 2026 (1782855705)
Stop command: Wed Jul  1 05:41:47 2026 (1782855707)
Elapsed time for command: 00:00:02 (2)
Benchmark Times:
  Start:    Wed Jul  1 05:35:29 2026 (1782855329)
  Stop:     Wed Jul  1 05:41:45 2026 (1782855705)
  Elapsed:  00:06:16 (376)
  Reported: 367 351036000 367.351036
 Success 458.sjeng base ref ratio=32.94, runtime=367.351036

-----------------------------------
  Running (#3) 462.libquantum ref base infra-mixsan_O2 default
Commands to run: 
    -C /media/hahafish/Data/ForUbuntu/speccpu2006/benchspec/CPU2006/462.libquantum/run/run_base_ref_infra-mixsan_O2.0000
    -o ref.out -e ref.err ../run_base_ref_infra-mixsan_O2.0000/libquantum_base.infra-mixsan_O2 1397 8
Specinvoke: /media/hahafish/Data/ForUbuntu/speccpu2006/bin/specinvoke -d /media/hahafish/Data/ForUbuntu/speccpu2006/benchspec/CPU2006/462.libquantum/run/run_base_ref_infra-mixsan_O2.0000 -e speccmds.err -o speccmds.stdout -f speccmds.cmd -C
Issuing command '/media/hahafish/Data/ForUbuntu/speccpu2006/bin/specinvoke -d /media/hahafish/Data/ForUbuntu/speccpu2006/benchspec/CPU2006/462.libquantum/run/run_base_ref_infra-mixsan_O2.0000 -e speccmds.err -o speccmds.stdout -f speccmds.cmd -C'
Start command: Wed Jul  1 05:41:47 2026 (1782855707)
Stop command: Wed Jul  1 05:45:32 2026 (1782855932)
Elapsed time for command: 00:03:45 (225)
Workload elapsed time (0:1) = 217.289327 seconds
copy 0 finished @ Wed Jul  1 05:45:24 2026.  Total elapsed time: 217.289327
comparing files in '/media/hahafish/Data/ForUbuntu/speccpu2006/benchspec/CPU2006/462.libquantum/run/run_base_ref_infra-mixsan_O2.0000'
comparing 'ref.out' with abstol=, binary=, calctol=0, cw=, floatcompare=, ignorecase=, obiwan=1, reltol=, skipabstol=, skipobiwan=, skipreltol=, skiptol=
Specinvoke: /media/hahafish/Data/ForUbuntu/speccpu2006/bin/specinvoke -E -d /media/hahafish/Data/ForUbuntu/speccpu2006/benchspec/CPU2006/462.libquantum/run/run_base_ref_infra-mixsan_O2.0000 -c 1 -e compare.err -o compare.stdout -f compare.cmd
Issuing command '/media/hahafish/Data/ForUbuntu/speccpu2006/bin/specinvoke -E -d /media/hahafish/Data/ForUbuntu/speccpu2006/benchspec/CPU2006/462.libquantum/run/run_base_ref_infra-mixsan_O2.0000 -c 1 -e compare.err -o compare.stdout -f compare.cmd'
Start command: Wed Jul  1 05:45:32 2026 (1782855932)
Stop command: Wed Jul  1 05:45:34 2026 (1782855934)
Elapsed time for command: 00:00:02 (2)
Benchmark Times:
  Start:    Wed Jul  1 05:41:47 2026 (1782855707)
  Stop:     Wed Jul  1 05:45:32 2026 (1782855932)
  Elapsed:  00:03:45 (225)
  Reported: 217 289367000 217.289367
 Success 462.libquantum base ref ratio=95.36, runtime=217.289367

-----------------------------------
  Running (#3) 464.h264ref ref base infra-mixsan_O2 default
Commands to run: 
    -C /media/hahafish/Data/ForUbuntu/speccpu2006/benchspec/CPU2006/464.h264ref/run/run_base_ref_infra-mixsan_O2.0000
    -o foreman_ref_baseline_encodelog.out -e foreman_ref_baseline_encodelog.err ../run_base_ref_infra-mixsan_O2.0000/h264ref_base.infra-mixsan_O2 -d foreman_ref_encoder_baseline.cfg
    -o foreman_ref_main_encodelog.out -e foreman_ref_main_encodelog.err ../run_base_ref_infra-mixsan_O2.0000/h264ref_base.infra-mixsan_O2 -d foreman_ref_encoder_main.cfg
    -o sss_main_encodelog.out -e sss_main_encodelog.err ../run_base_ref_infra-mixsan_O2.0000/h264ref_base.infra-mixsan_O2 -d sss_encoder_main.cfg
Specinvoke: /media/hahafish/Data/ForUbuntu/speccpu2006/bin/specinvoke -d /media/hahafish/Data/ForUbuntu/speccpu2006/benchspec/CPU2006/464.h264ref/run/run_base_ref_infra-mixsan_O2.0000 -e speccmds.err -o speccmds.stdout -f speccmds.cmd -C
Issuing command '/media/hahafish/Data/ForUbuntu/speccpu2006/bin/specinvoke -d /media/hahafish/Data/ForUbuntu/speccpu2006/benchspec/CPU2006/464.h264ref/run/run_base_ref_infra-mixsan_O2.0000 -e speccmds.err -o speccmds.stdout -f speccmds.cmd -C'
Start command: Wed Jul  1 05:45:34 2026 (1782855934)
Stop command: Wed Jul  1 05:50:33 2026 (1782856233)
Elapsed time for command: 00:04:59 (299)
Workload elapsed time (0:1) = 41.876848 seconds
Workload elapsed time (0:2) = 25.804251 seconds
Workload elapsed time (0:3) = 223.714999 seconds
copy 0 finished @ Wed Jul  1 05:50:25 2026.  Total elapsed time: 291.396098
comparing files in '/media/hahafish/Data/ForUbuntu/speccpu2006/benchspec/CPU2006/464.h264ref/run/run_base_ref_infra-mixsan_O2.0000'
comparing 'foreman_ref_baseline_encodelog.out' with abstol=, binary=, calctol=0, cw=1, floatcompare=1, ignorecase=, obiwan=, reltol=, skipabstol=, skipobiwan=, skipreltol=, skiptol=
comparing 'foreman_ref_baseline_leakybucketparam.cfg' with abstol=, binary=1, calctol=0, cw=1, floatcompare=1, ignorecase=, obiwan=, reltol=, skipabstol=, skipobiwan=, skipreltol=, skiptol=
comparing 'foreman_ref_main_encodelog.out' with abstol=, binary=, calctol=0, cw=1, floatcompare=1, ignorecase=, obiwan=, reltol=, skipabstol=, skipobiwan=, skipreltol=, skiptol=
comparing 'foreman_ref_main_leakybucketparam.cfg' with abstol=, binary=1, calctol=0, cw=1, floatcompare=1, ignorecase=, obiwan=, reltol=, skipabstol=, skipobiwan=, skipreltol=, skiptol=
comparing 'sss_main_encodelog.out' with abstol=, binary=, calctol=0, cw=1, floatcompare=1, ignorecase=, obiwan=, reltol=, skipabstol=, skipobiwan=, skipreltol=, skiptol=
comparing 'sss_main_leakybucketparam.cfg' with abstol=, binary=1, calctol=0, cw=1, floatcompare=1, ignorecase=, obiwan=, reltol=, skipabstol=, skipobiwan=, skipreltol=, skiptol=
Specinvoke: /media/hahafish/Data/ForUbuntu/speccpu2006/bin/specinvoke -E -d /media/hahafish/Data/ForUbuntu/speccpu2006/benchspec/CPU2006/464.h264ref/run/run_base_ref_infra-mixsan_O2.0000 -c 1 -e compare.err -o compare.stdout -f compare.cmd
Issuing command '/media/hahafish/Data/ForUbuntu/speccpu2006/bin/specinvoke -E -d /media/hahafish/Data/ForUbuntu/speccpu2006/benchspec/CPU2006/464.h264ref/run/run_base_ref_infra-mixsan_O2.0000 -c 1 -e compare.err -o compare.stdout -f compare.cmd'
Start command: Wed Jul  1 05:50:33 2026 (1782856233)
Stop command: Wed Jul  1 05:50:35 2026 (1782856235)
Elapsed time for command: 00:00:02 (2)
Benchmark Times:
  Start:    Wed Jul  1 05:45:34 2026 (1782855934)
  Stop:     Wed Jul  1 05:50:33 2026 (1782856233)
  Elapsed:  00:04:59 (299)
  Reported: 291 396147000 291.396147
 Success 464.h264ref base ref ratio=75.94, runtime=291.396147

-----------------------------------
  Running (#3) 470.lbm ref base infra-mixsan_O2 default
Commands to run: 
    -C /media/hahafish/Data/ForUbuntu/speccpu2006/benchspec/CPU2006/470.lbm/run/run_base_ref_infra-mixsan_O2.0000
    -o lbm.out -e lbm.err ../run_base_ref_infra-mixsan_O2.0000/lbm_base.infra-mixsan_O2 3000 reference.dat 0 0 100_100_130_ldc.of
Specinvoke: /media/hahafish/Data/ForUbuntu/speccpu2006/bin/specinvoke -d /media/hahafish/Data/ForUbuntu/speccpu2006/benchspec/CPU2006/470.lbm/run/run_base_ref_infra-mixsan_O2.0000 -e speccmds.err -o speccmds.stdout -f speccmds.cmd -C
Issuing command '/media/hahafish/Data/ForUbuntu/speccpu2006/bin/specinvoke -d /media/hahafish/Data/ForUbuntu/speccpu2006/benchspec/CPU2006/470.lbm/run/run_base_ref_infra-mixsan_O2.0000 -e speccmds.err -o speccmds.stdout -f speccmds.cmd -C'
Start command: Wed Jul  1 05:50:35 2026 (1782856235)
Stop command: Wed Jul  1 05:52:17 2026 (1782856337)
Elapsed time for command: 00:01:42 (102)
Workload elapsed time (0:1) = 93.732596 seconds
copy 0 finished @ Wed Jul  1 05:52:09 2026.  Total elapsed time: 93.732596
comparing files in '/media/hahafish/Data/ForUbuntu/speccpu2006/benchspec/CPU2006/470.lbm/run/run_base_ref_infra-mixsan_O2.0000'
comparing 'lbm.out' with abstol=1e-07, binary=, calctol=0, cw=, floatcompare=, ignorecase=, obiwan=, reltol=, skipabstol=, skipobiwan=, skipreltol=, skiptol=
Specinvoke: /media/hahafish/Data/ForUbuntu/speccpu2006/bin/specinvoke -E -d /media/hahafish/Data/ForUbuntu/speccpu2006/benchspec/CPU2006/470.lbm/run/run_base_ref_infra-mixsan_O2.0000 -c 1 -e compare.err -o compare.stdout -f compare.cmd
Issuing command '/media/hahafish/Data/ForUbuntu/speccpu2006/bin/specinvoke -E -d /media/hahafish/Data/ForUbuntu/speccpu2006/benchspec/CPU2006/470.lbm/run/run_base_ref_infra-mixsan_O2.0000 -c 1 -e compare.err -o compare.stdout -f compare.cmd'
Start command: Wed Jul  1 05:52:17 2026 (1782856337)
Stop command: Wed Jul  1 05:52:19 2026 (1782856339)
Elapsed time for command: 00:00:02 (2)
Benchmark Times:
  Start:    Wed Jul  1 05:50:35 2026 (1782856235)
  Stop:     Wed Jul  1 05:52:17 2026 (1782856337)
  Elapsed:  00:01:42 (102)
  Reported: 93 732635000 93.732635
 Success 470.lbm base ref ratio=146.59, runtime=93.732635

-----------------------------------
  Running (#3) 471.omnetpp ref base infra-mixsan_O2 default
Commands to run: 
    -C /media/hahafish/Data/ForUbuntu/speccpu2006/benchspec/CPU2006/471.omnetpp/run/run_base_ref_infra-mixsan_O2.0000
    -o omnetpp.log -e omnetpp.err ../run_base_ref_infra-mixsan_O2.0000/omnetpp_base.infra-mixsan_O2 omnetpp.ini
Specinvoke: /media/hahafish/Data/ForUbuntu/speccpu2006/bin/specinvoke -d /media/hahafish/Data/ForUbuntu/speccpu2006/benchspec/CPU2006/471.omnetpp/run/run_base_ref_infra-mixsan_O2.0000 -e speccmds.err -o speccmds.stdout -f speccmds.cmd -C
Issuing command '/media/hahafish/Data/ForUbuntu/speccpu2006/bin/specinvoke -d /media/hahafish/Data/ForUbuntu/speccpu2006/benchspec/CPU2006/471.omnetpp/run/run_base_ref_infra-mixsan_O2.0000 -e speccmds.err -o speccmds.stdout -f speccmds.cmd -C'
Start command: Wed Jul  1 05:52:19 2026 (1782856339)
Stop command: Wed Jul  1 05:56:39 2026 (1782856599)
Elapsed time for command: 00:04:20 (260)
Workload elapsed time (0:1) = 251.250211 seconds
copy 0 finished @ Wed Jul  1 05:56:31 2026.  Total elapsed time: 251.250211
comparing files in '/media/hahafish/Data/ForUbuntu/speccpu2006/benchspec/CPU2006/471.omnetpp/run/run_base_ref_infra-mixsan_O2.0000'
comparing 'omnetpp.log' with abstol=1e-06, binary=, calctol=0, cw=, floatcompare=, ignorecase=, obiwan=, reltol=1e-05, skipabstol=, skipobiwan=, skipreltol=, skiptol=
comparing 'omnetpp.sca' with abstol=1e-06, binary=, calctol=0, cw=, floatcompare=, ignorecase=, obiwan=, reltol=1e-05, skipabstol=, skipobiwan=, skipreltol=, skiptol=
Specinvoke: /media/hahafish/Data/ForUbuntu/speccpu2006/bin/specinvoke -E -d /media/hahafish/Data/ForUbuntu/speccpu2006/benchspec/CPU2006/471.omnetpp/run/run_base_ref_infra-mixsan_O2.0000 -c 1 -e compare.err -o compare.stdout -f compare.cmd
Issuing command '/media/hahafish/Data/ForUbuntu/speccpu2006/bin/specinvoke -E -d /media/hahafish/Data/ForUbuntu/speccpu2006/benchspec/CPU2006/471.omnetpp/run/run_base_ref_infra-mixsan_O2.0000 -c 1 -e compare.err -o compare.stdout -f compare.cmd'
Start command: Wed Jul  1 05:56:39 2026 (1782856599)
Stop command: Wed Jul  1 05:56:41 2026 (1782856601)
Elapsed time for command: 00:00:02 (2)
Benchmark Times:
  Start:    Wed Jul  1 05:52:19 2026 (1782856339)
  Stop:     Wed Jul  1 05:56:39 2026 (1782856599)
  Elapsed:  00:04:20 (260)
  Reported: 251 250254000 251.250254
 Success 471.omnetpp base ref ratio=24.88, runtime=251.250254

-----------------------------------
  Running (#3) 473.astar ref base infra-mixsan_O2 default
Commands to run: 
    -C /media/hahafish/Data/ForUbuntu/speccpu2006/benchspec/CPU2006/473.astar/run/run_base_ref_infra-mixsan_O2.0000
    -o BigLakes2048.out -e BigLakes2048.err ../run_base_ref_infra-mixsan_O2.0000/astar_base.infra-mixsan_O2 BigLakes2048.cfg
    -o rivers.out -e rivers.err ../run_base_ref_infra-mixsan_O2.0000/astar_base.infra-mixsan_O2 rivers.cfg
Specinvoke: /media/hahafish/Data/ForUbuntu/speccpu2006/bin/specinvoke -d /media/hahafish/Data/ForUbuntu/speccpu2006/benchspec/CPU2006/473.astar/run/run_base_ref_infra-mixsan_O2.0000 -e speccmds.err -o speccmds.stdout -f speccmds.cmd -C
Issuing command '/media/hahafish/Data/ForUbuntu/speccpu2006/bin/specinvoke -d /media/hahafish/Data/ForUbuntu/speccpu2006/benchspec/CPU2006/473.astar/run/run_base_ref_infra-mixsan_O2.0000 -e speccmds.err -o speccmds.stdout -f speccmds.cmd -C'
Start command: Wed Jul  1 05:56:41 2026 (1782856601)
Stop command: Wed Jul  1 06:00:54 2026 (1782856854)
Elapsed time for command: 00:04:13 (253)
Workload elapsed time (0:1) = 97.42388 seconds
Workload elapsed time (0:2) = 148.01144 seconds
copy 0 finished @ Wed Jul  1 06:00:46 2026.  Total elapsed time: 245.43532
comparing files in '/media/hahafish/Data/ForUbuntu/speccpu2006/benchspec/CPU2006/473.astar/run/run_base_ref_infra-mixsan_O2.0000'
comparing 'BigLakes2048.out' with abstol=, binary=, calctol=0, cw=, floatcompare=, ignorecase=, obiwan=, reltol=0.001, skipabstol=, skipobiwan=, skipreltol=, skiptol=
comparing 'rivers.out' with abstol=, binary=, calctol=0, cw=, floatcompare=, ignorecase=, obiwan=, reltol=0.001, skipabstol=, skipobiwan=, skipreltol=, skiptol=
Specinvoke: /media/hahafish/Data/ForUbuntu/speccpu2006/bin/specinvoke -E -d /media/hahafish/Data/ForUbuntu/speccpu2006/benchspec/CPU2006/473.astar/run/run_base_ref_infra-mixsan_O2.0000 -c 1 -e compare.err -o compare.stdout -f compare.cmd
Issuing command '/media/hahafish/Data/ForUbuntu/speccpu2006/bin/specinvoke -E -d /media/hahafish/Data/ForUbuntu/speccpu2006/benchspec/CPU2006/473.astar/run/run_base_ref_infra-mixsan_O2.0000 -c 1 -e compare.err -o compare.stdout -f compare.cmd'
Start command: Wed Jul  1 06:00:54 2026 (1782856854)
Stop command: Wed Jul  1 06:00:56 2026 (1782856856)
Elapsed time for command: 00:00:02 (2)
Benchmark Times:
  Start:    Wed Jul  1 05:56:41 2026 (1782856601)
  Stop:     Wed Jul  1 06:00:54 2026 (1782856854)
  Elapsed:  00:04:13 (253)
  Reported: 245 435373000 245.435373
 Success 473.astar base ref ratio=28.60, runtime=245.435373

-----------------------------------
  Running (#3) 482.sphinx3 ref base infra-mixsan_O2 default
Commands to run: 
    -C /home/hahafish/speccpu2006/benchspec/CPU2006/482.sphinx3/run/run_base_ref_infra-mixsan_O2.0006
    -o an4.log -e an4.err ../run_base_ref_infra-mixsan_O2.0006/sphinx_livepretend_base.infra-mixsan_O2 ctlfile . args.an4
Specinvoke: /media/hahafish/Data/ForUbuntu/speccpu2006/bin/specinvoke -d /home/hahafish/speccpu2006/benchspec/CPU2006/482.sphinx3/run/run_base_ref_infra-mixsan_O2.0006 -e speccmds.err -o speccmds.stdout -f speccmds.cmd -C
Issuing command '/media/hahafish/Data/ForUbuntu/speccpu2006/bin/specinvoke -d /home/hahafish/speccpu2006/benchspec/CPU2006/482.sphinx3/run/run_base_ref_infra-mixsan_O2.0006 -e speccmds.err -o speccmds.stdout -f speccmds.cmd -C'
Start command: Wed Jul  1 06:00:56 2026 (1782856856)
Stop command: Wed Jul  1 06:04:32 2026 (1782857072)
Elapsed time for command: 00:03:36 (216)
Workload elapsed time (0:1) = 207.771315 seconds
copy 0 finished @ Wed Jul  1 06:04:24 2026.  Total elapsed time: 207.771315
comparing files in '/home/hahafish/speccpu2006/benchspec/CPU2006/482.sphinx3/run/run_base_ref_infra-mixsan_O2.0006'
comparing 'an4.log' with abstol=, binary=, calctol=0, cw=, floatcompare=1, ignorecase=, obiwan=, reltol=0.001, skipabstol=, skipobiwan=, skipreltol=, skiptol=
comparing 'considered.out' with abstol=, binary=, calctol=0, cw=, floatcompare=1, ignorecase=, obiwan=, reltol=0.0004, skipabstol=, skipobiwan=, skipreltol=, skiptol=
comparing 'total_considered.out' with abstol=, binary=, calctol=0, cw=, floatcompare=1, ignorecase=, obiwan=, reltol=1e-06, skipabstol=, skipobiwan=, skipreltol=, skiptol=
Specinvoke: /media/hahafish/Data/ForUbuntu/speccpu2006/bin/specinvoke -E -d /home/hahafish/speccpu2006/benchspec/CPU2006/482.sphinx3/run/run_base_ref_infra-mixsan_O2.0006 -c 1 -e compare.err -o compare.stdout -f compare.cmd
Issuing command '/media/hahafish/Data/ForUbuntu/speccpu2006/bin/specinvoke -E -d /home/hahafish/speccpu2006/benchspec/CPU2006/482.sphinx3/run/run_base_ref_infra-mixsan_O2.0006 -c 1 -e compare.err -o compare.stdout -f compare.cmd'
Start command: Wed Jul  1 06:04:32 2026 (1782857072)
Stop command: Wed Jul  1 06:04:34 2026 (1782857074)
Elapsed time for command: 00:00:02 (2)
Benchmark Times:
  Start:    Wed Jul  1 06:00:56 2026 (1782856856)
  Stop:     Wed Jul  1 06:04:32 2026 (1782857072)
  Elapsed:  00:03:36 (216)
  Reported: 207 771353000 207.771353
 Success 482.sphinx3 base ref ratio=93.81, runtime=207.771353

-----------------------------------
  Running (#3) 483.xalancbmk ref base infra-mixsan_O2 default
Commands to run: 
    -C /media/hahafish/Data/ForUbuntu/speccpu2006/benchspec/CPU2006/483.xalancbmk/run/run_base_ref_infra-mixsan_O2.0000
    -o ref.out -e ref.err ../run_base_ref_infra-mixsan_O2.0000/Xalan_base.infra-mixsan_O2 -v t5.xml xalanc.xsl
Specinvoke: /media/hahafish/Data/ForUbuntu/speccpu2006/bin/specinvoke -d /media/hahafish/Data/ForUbuntu/speccpu2006/benchspec/CPU2006/483.xalancbmk/run/run_base_ref_infra-mixsan_O2.0000 -e speccmds.err -o speccmds.stdout -f speccmds.cmd -C
Issuing command '/media/hahafish/Data/ForUbuntu/speccpu2006/bin/specinvoke -d /media/hahafish/Data/ForUbuntu/speccpu2006/benchspec/CPU2006/483.xalancbmk/run/run_base_ref_infra-mixsan_O2.0000 -e speccmds.err -o speccmds.stdout -f speccmds.cmd -C'
Start command: Wed Jul  1 06:04:34 2026 (1782857074)
Stop command: Wed Jul  1 06:06:23 2026 (1782857183)
Elapsed time for command: 00:01:49 (109)
Workload elapsed time (0:1) = 100.788775 seconds
copy 0 finished @ Wed Jul  1 06:06:15 2026.  Total elapsed time: 100.788775
comparing files in '/media/hahafish/Data/ForUbuntu/speccpu2006/benchspec/CPU2006/483.xalancbmk/run/run_base_ref_infra-mixsan_O2.0000'
comparing 'ref.out' with abstol=, binary=, calctol=0, cw=, floatcompare=, ignorecase=, obiwan=, reltol=, skipabstol=, skipobiwan=, skipreltol=, skiptol=
Specinvoke: /media/hahafish/Data/ForUbuntu/speccpu2006/bin/specinvoke -E -d /media/hahafish/Data/ForUbuntu/speccpu2006/benchspec/CPU2006/483.xalancbmk/run/run_base_ref_infra-mixsan_O2.0000 -c 1 -e compare.err -o compare.stdout -f compare.cmd
Issuing command '/media/hahafish/Data/ForUbuntu/speccpu2006/bin/specinvoke -E -d /media/hahafish/Data/ForUbuntu/speccpu2006/benchspec/CPU2006/483.xalancbmk/run/run_base_ref_infra-mixsan_O2.0000 -c 1 -e compare.err -o compare.stdout -f compare.cmd'
Start command: Wed Jul  1 06:06:23 2026 (1782857183)
Stop command: Wed Jul  1 06:06:25 2026 (1782857185)
Elapsed time for command: 00:00:02 (2)
Benchmark Times:
  Start:    Wed Jul  1 06:04:34 2026 (1782857074)
  Stop:     Wed Jul  1 06:06:23 2026 (1782857183)
  Elapsed:  00:01:49 (109)
  Reported: 100 788821000 100.788821
 Success 483.xalancbmk base ref ratio=68.46, runtime=100.788821
Error: 3x450.soplex
Success: 3x400.perlbench 3x401.bzip2 3x403.gcc 3x429.mcf 3x433.milc 3x444.namd 3x445.gobmk 3x447.dealII 3x453.povray 3x456.hmmer 3x458.sjeng 3x462.libquantum 3x464.h264ref 3x470.lbm 3x471.omnetpp 3x473.astar 3x482.sphinx3 3x483.xalancbmk
Producing Reports
mach: default
  ext: infra-mixsan_O2
    size: ref
      set: int
           Flag reduction took 0.0022130s
        format: raw -> /media/hahafish/Data/ForUbuntu/speccpu2006/result/CINT2006.1861.rsf
        format: flags -> /media/hahafish/Data/ForUbuntu/speccpu2006/result/CINT2006.1861.flags.html
        format: ASCII -> /media/hahafish/Data/ForUbuntu/speccpu2006/result/CINT2006.1861.txt
        format: HTML -> /media/hahafish/Data/ForUbuntu/speccpu2006/result/CINT2006.1861.html, CINT2006.1861.gif
      set: fp
           Flag reduction took 0.0012751s
        format: raw -> /media/hahafish/Data/ForUbuntu/speccpu2006/result/CFP2006.1861.rsf
        format: flags -> /media/hahafish/Data/ForUbuntu/speccpu2006/result/CFP2006.1861.flags.html
        format: ASCII -> /media/hahafish/Data/ForUbuntu/speccpu2006/result/CFP2006.1861.txt
        format: HTML -> /media/hahafish/Data/ForUbuntu/speccpu2006/result/CFP2006.1861.html, CFP2006.1861.gif

The log for this run is in /media/hahafish/Data/ForUbuntu/speccpu2006/result/CPU2006.1861.log

runspec finished at Wed Jul  1 06:06:25 2026; 12150 total seconds elapsed
