runspec started at Wed Jul  1 11:52:29 2026 on "Ubuntu"
runspec is: /media/hahafish/Data/ForUbuntu/speccpu2006/bin/runspec
runspec: runspec --config=infra-rsan-orig-wo-check_O2 --nobuild --iterations 3 --ignore_errors 400.perlbench 401.bzip2 403.gcc 429.mcf 433.milc 444.namd 445.gobmk 447.dealII 450.soplex 453.povray 456.hmmer 458.sjeng 462.libquantum 464.h264ref 470.lbm 471.omnetpp 473.astar 482.sphinx3 483.xalancbmk

Locating benchmarks...found 31 benchmarks in 12 benchsets.
Locating output formats: ASCII, config, CSV, flags, HTML, mail, PDF, PostScript, raw, Screen, Submission Check
Reading config file '/media/hahafish/Data/ForUbuntu/speccpu2006/config/infra-rsan-orig-wo-check_O2.cfg'
Verbosity = 5
Action    = validate
Tune      = base
Ext       = infra-rsan-orig-wo-check_O2
Size      = ref
Machine   = default
benchmarks= 400.perlbench,401.bzip2,403.gcc,429.mcf,433.milc,444.namd,445.gobmk,447.dealII,450.soplex,453.povray,456.hmmer,458.sjeng,462.libquantum,464.h264ref,470.lbm,471.omnetpp,473.astar,482.sphinx3,483.xalancbmk
outputs   = raw,flags,ASCII,HTML
username  = hahafish
Benchmarks selected: 400.perlbench, 401.bzip2, 403.gcc, 429.mcf, 433.milc, 444.namd, 445.gobmk, 447.dealII, 450.soplex, 453.povray, 456.hmmer, 458.sjeng, 462.libquantum, 464.h264ref, 470.lbm, 471.omnetpp, 473.astar, 482.sphinx3, 483.xalancbmk
Compiling Binaries

------------------------------------------------------------------------
  Up to date 400.perlbench ref base infra-rsan-orig-wo-check_O2 default

------------------------------------------------------------------------
  Up to date 401.bzip2 ref base infra-rsan-orig-wo-check_O2 default

------------------------------------------------------------------------
  Up to date 403.gcc ref base infra-rsan-orig-wo-check_O2 default

------------------------------------------------------------------------
  Up to date 429.mcf ref base infra-rsan-orig-wo-check_O2 default

------------------------------------------------------------------------
  Up to date 433.milc ref base infra-rsan-orig-wo-check_O2 default

------------------------------------------------------------------------
  Up to date 444.namd ref base infra-rsan-orig-wo-check_O2 default

------------------------------------------------------------------------
  Up to date 445.gobmk ref base infra-rsan-orig-wo-check_O2 default

------------------------------------------------------------------------
  Up to date 447.dealII ref base infra-rsan-orig-wo-check_O2 default

------------------------------------------------------------------------
  Up to date 450.soplex ref base infra-rsan-orig-wo-check_O2 default

------------------------------------------------------------------------
  Up to date 453.povray ref base infra-rsan-orig-wo-check_O2 default

------------------------------------------------------------------------
  Up to date 456.hmmer ref base infra-rsan-orig-wo-check_O2 default

------------------------------------------------------------------------
  Up to date 458.sjeng ref base infra-rsan-orig-wo-check_O2 default

------------------------------------------------------------------------
  Up to date 462.libquantum ref base infra-rsan-orig-wo-check_O2 default

------------------------------------------------------------------------
  Up to date 464.h264ref ref base infra-rsan-orig-wo-check_O2 default

------------------------------------------------------------------------
  Up to date 470.lbm ref base infra-rsan-orig-wo-check_O2 default

------------------------------------------------------------------------
  Up to date 471.omnetpp ref base infra-rsan-orig-wo-check_O2 default

------------------------------------------------------------------------
  Up to date 473.astar ref base infra-rsan-orig-wo-check_O2 default

------------------------------------------------------------------------
  Up to date 482.sphinx3 ref base infra-rsan-orig-wo-check_O2 default

------------------------------------------------------------------------
  Up to date 483.xalancbmk ref base infra-rsan-orig-wo-check_O2 default


Parsing Flags
  Looking at 400.perlbench base infra-rsan-orig-wo-check_O2 default: done
  Looking at 401.bzip2 base infra-rsan-orig-wo-check_O2 default: done
  Looking at 403.gcc base infra-rsan-orig-wo-check_O2 default: done
  Looking at 429.mcf base infra-rsan-orig-wo-check_O2 default: done
  Looking at 433.milc base infra-rsan-orig-wo-check_O2 default: done
  Looking at 444.namd base infra-rsan-orig-wo-check_O2 default: done
  Looking at 445.gobmk base infra-rsan-orig-wo-check_O2 default: done
  Looking at 447.dealII base infra-rsan-orig-wo-check_O2 default: done
  Looking at 450.soplex base infra-rsan-orig-wo-check_O2 default: done
  Looking at 453.povray base infra-rsan-orig-wo-check_O2 default: done
  Looking at 456.hmmer base infra-rsan-orig-wo-check_O2 default: done
  Looking at 458.sjeng base infra-rsan-orig-wo-check_O2 default: done
  Looking at 462.libquantum base infra-rsan-orig-wo-check_O2 default: done
  Looking at 464.h264ref base infra-rsan-orig-wo-check_O2 default: done
  Looking at 470.lbm base infra-rsan-orig-wo-check_O2 default: done
  Looking at 471.omnetpp base infra-rsan-orig-wo-check_O2 default: done
  Looking at 473.astar base infra-rsan-orig-wo-check_O2 default: done
  Looking at 482.sphinx3 base infra-rsan-orig-wo-check_O2 default: done
  Looking at 483.xalancbmk base infra-rsan-orig-wo-check_O2 default: done
Flag Parsing Complete

Setting Up Run Directories
  Setting up 400.perlbench ref base infra-rsan-orig-wo-check_O2 default: existing (run_base_ref_infra-rsan-orig-wo-check_O2.0000)
  Setting up 401.bzip2 ref base infra-rsan-orig-wo-check_O2 default: 
Notice: Unusable path detected in run directory list file.
  /media/hahafish/Data/ForUbuntu/speccpu2006/benchspec/CPU2006/401.bzip2/run/list
references one or more paths which will be ignored, because they are
not subdirectories of this run directory.  This condition may be a
result of having moved your SPEC benchmark tree.  If that's what happened,
and if you don't need the old run directories, you can just remove
them, along with the list file.  (Usually it's safe to delete old
run directories, as they are automatically re-created when needed.)


created (run_base_ref_infra-rsan-orig-wo-check_O2.0000)
  Setting up 403.gcc ref base infra-rsan-orig-wo-check_O2 default: existing (run_base_ref_infra-rsan-orig-wo-check_O2.0000)
  Setting up 429.mcf ref base infra-rsan-orig-wo-check_O2 default: 
Notice: Unusable path detected in run directory list file.
  /media/hahafish/Data/ForUbuntu/speccpu2006/benchspec/CPU2006/429.mcf/run/list
references one or more paths which will be ignored, because they are
not subdirectories of this run directory.  This condition may be a
result of having moved your SPEC benchmark tree.  If that's what happened,
and if you don't need the old run directories, you can just remove
them, along with the list file.  (Usually it's safe to delete old
run directories, as they are automatically re-created when needed.)


existing (run_base_ref_infra-rsan-orig-wo-check_O2.0000)
  Setting up 433.milc ref base infra-rsan-orig-wo-check_O2 default: 
Notice: Unusable path detected in run directory list file.
  /media/hahafish/Data/ForUbuntu/speccpu2006/benchspec/CPU2006/433.milc/run/list
references one or more paths which will be ignored, because they are
not subdirectories of this run directory.  This condition may be a
result of having moved your SPEC benchmark tree.  If that's what happened,
and if you don't need the old run directories, you can just remove
them, along with the list file.  (Usually it's safe to delete old
run directories, as they are automatically re-created when needed.)


existing (run_base_ref_infra-rsan-orig-wo-check_O2.0000)
  Setting up 444.namd ref base infra-rsan-orig-wo-check_O2 default: existing (run_base_ref_infra-rsan-orig-wo-check_O2.0000)
  Setting up 445.gobmk ref base infra-rsan-orig-wo-check_O2 default: 
Notice: Unusable path detected in run directory list file.
  /media/hahafish/Data/ForUbuntu/speccpu2006/benchspec/CPU2006/445.gobmk/run/list
references one or more paths which will be ignored, because they are
not subdirectories of this run directory.  This condition may be a
result of having moved your SPEC benchmark tree.  If that's what happened,
and if you don't need the old run directories, you can just remove
them, along with the list file.  (Usually it's safe to delete old
run directories, as they are automatically re-created when needed.)


existing (run_base_ref_infra-rsan-orig-wo-check_O2.0000)
  Setting up 447.dealII ref base infra-rsan-orig-wo-check_O2 default: existing (run_base_ref_infra-rsan-orig-wo-check_O2.0000)
  Setting up 450.soplex ref base infra-rsan-orig-wo-check_O2 default: existing (run_base_ref_infra-rsan-orig-wo-check_O2.0000)
  Setting up 453.povray ref base infra-rsan-orig-wo-check_O2 default: 
Notice: Unusable path detected in run directory list file.
  /media/hahafish/Data/ForUbuntu/speccpu2006/benchspec/CPU2006/453.povray/run/list
references one or more paths which will be ignored, because they are
not subdirectories of this run directory.  This condition may be a
result of having moved your SPEC benchmark tree.  If that's what happened,
and if you don't need the old run directories, you can just remove
them, along with the list file.  (Usually it's safe to delete old
run directories, as they are automatically re-created when needed.)


created (run_base_ref_infra-rsan-orig-wo-check_O2.0000)
  Setting up 456.hmmer ref base infra-rsan-orig-wo-check_O2 default: 
Notice: Unusable path detected in run directory list file.
  /media/hahafish/Data/ForUbuntu/speccpu2006/benchspec/CPU2006/456.hmmer/run/list
references one or more paths which will be ignored, because they are
not subdirectories of this run directory.  This condition may be a
result of having moved your SPEC benchmark tree.  If that's what happened,
and if you don't need the old run directories, you can just remove
them, along with the list file.  (Usually it's safe to delete old
run directories, as they are automatically re-created when needed.)


existing (run_base_ref_infra-rsan-orig-wo-check_O2.0000)
  Setting up 458.sjeng ref base infra-rsan-orig-wo-check_O2 default: 
Notice: Unusable path detected in run directory list file.
  /media/hahafish/Data/ForUbuntu/speccpu2006/benchspec/CPU2006/458.sjeng/run/list
references one or more paths which will be ignored, because they are
not subdirectories of this run directory.  This condition may be a
result of having moved your SPEC benchmark tree.  If that's what happened,
and if you don't need the old run directories, you can just remove
them, along with the list file.  (Usually it's safe to delete old
run directories, as they are automatically re-created when needed.)


created (run_base_ref_infra-rsan-orig-wo-check_O2.0000)
  Setting up 462.libquantum ref base infra-rsan-orig-wo-check_O2 default: 
Notice: Unusable path detected in run directory list file.
  /media/hahafish/Data/ForUbuntu/speccpu2006/benchspec/CPU2006/462.libquantum/run/list
references one or more paths which will be ignored, because they are
not subdirectories of this run directory.  This condition may be a
result of having moved your SPEC benchmark tree.  If that's what happened,
and if you don't need the old run directories, you can just remove
them, along with the list file.  (Usually it's safe to delete old
run directories, as they are automatically re-created when needed.)


existing (run_base_ref_infra-rsan-orig-wo-check_O2.0000)
  Setting up 464.h264ref ref base infra-rsan-orig-wo-check_O2 default: 
Notice: Unusable path detected in run directory list file.
  /media/hahafish/Data/ForUbuntu/speccpu2006/benchspec/CPU2006/464.h264ref/run/list
references one or more paths which will be ignored, because they are
not subdirectories of this run directory.  This condition may be a
result of having moved your SPEC benchmark tree.  If that's what happened,
and if you don't need the old run directories, you can just remove
them, along with the list file.  (Usually it's safe to delete old
run directories, as they are automatically re-created when needed.)


created (run_base_ref_infra-rsan-orig-wo-check_O2.0000)
  Setting up 470.lbm ref base infra-rsan-orig-wo-check_O2 default: existing (run_base_ref_infra-rsan-orig-wo-check_O2.0000)
  Setting up 471.omnetpp ref base infra-rsan-orig-wo-check_O2 default: existing (run_base_ref_infra-rsan-orig-wo-check_O2.0000)
  Setting up 473.astar ref base infra-rsan-orig-wo-check_O2 default: 
Notice: Unusable path detected in run directory list file.
  /media/hahafish/Data/ForUbuntu/speccpu2006/benchspec/CPU2006/473.astar/run/list
references one or more paths which will be ignored, because they are
not subdirectories of this run directory.  This condition may be a
result of having moved your SPEC benchmark tree.  If that's what happened,
and if you don't need the old run directories, you can just remove
them, along with the list file.  (Usually it's safe to delete old
run directories, as they are automatically re-created when needed.)


existing (run_base_ref_infra-rsan-orig-wo-check_O2.0000)
  Setting up 482.sphinx3 ref base infra-rsan-orig-wo-check_O2 default: 
Notice: Unusable path detected in run directory list file.
  /media/hahafish/Data/ForUbuntu/speccpu2006/benchspec/CPU2006/482.sphinx3/run/list
references one or more paths which will be ignored, because they are
not subdirectories of this run directory.  This condition may be a
result of having moved your SPEC benchmark tree.  If that's what happened,
and if you don't need the old run directories, you can just remove
them, along with the list file.  (Usually it's safe to delete old
run directories, as they are automatically re-created when needed.)


existing (run_base_ref_infra-rsan-orig-wo-check_O2.0000)
  Setting up 483.xalancbmk ref base infra-rsan-orig-wo-check_O2 default: existing (run_base_ref_infra-rsan-orig-wo-check_O2.0000)

-----------------------------------
Running Benchmarks

-----------------------------------
  Running (#1) 400.perlbench ref base infra-rsan-orig-wo-check_O2 default
Commands to run: 
    -C /media/hahafish/Data/ForUbuntu/speccpu2006/benchspec/CPU2006/400.perlbench/run/run_base_ref_infra-rsan-orig-wo-check_O2.0000
    -o checkspam.2500.5.25.11.150.1.1.1.1.out -e checkspam.2500.5.25.11.150.1.1.1.1.err ../run_base_ref_infra-rsan-orig-wo-check_O2.0000/perlbench_base.infra-rsan-orig-wo-check_O2 -I./lib checkspam.pl 2500 5 25 11 150 1 1 1 1
    -o diffmail.4.800.10.17.19.300.out -e diffmail.4.800.10.17.19.300.err ../run_base_ref_infra-rsan-orig-wo-check_O2.0000/perlbench_base.infra-rsan-orig-wo-check_O2 -I./lib diffmail.pl 4 800 10 17 19 300
    -o splitmail.1600.12.26.16.4500.out -e splitmail.1600.12.26.16.4500.err ../run_base_ref_infra-rsan-orig-wo-check_O2.0000/perlbench_base.infra-rsan-orig-wo-check_O2 -I./lib splitmail.pl 1600 12 26 16 4500
Specinvoke: /media/hahafish/Data/ForUbuntu/speccpu2006/bin/specinvoke -d /media/hahafish/Data/ForUbuntu/speccpu2006/benchspec/CPU2006/400.perlbench/run/run_base_ref_infra-rsan-orig-wo-check_O2.0000 -e speccmds.err -o speccmds.stdout -f speccmds.cmd -C
Issuing command '/media/hahafish/Data/ForUbuntu/speccpu2006/bin/specinvoke -d /media/hahafish/Data/ForUbuntu/speccpu2006/benchspec/CPU2006/400.perlbench/run/run_base_ref_infra-rsan-orig-wo-check_O2.0000 -e speccmds.err -o speccmds.stdout -f speccmds.cmd -C'
Start command: Wed Jul  1 11:52:32 2026 (1782877952)
Stop command: Wed Jul  1 11:56:01 2026 (1782878161)
Elapsed time for command: 00:03:29 (209)
Workload elapsed time (0:1) = 64.938539 seconds
Workload elapsed time (0:2) = 44.029896 seconds
Workload elapsed time (0:3) = 91.797738 seconds
copy 0 finished @ Wed Jul  1 11:55:53 2026.  Total elapsed time: 200.766173
comparing files in '/media/hahafish/Data/ForUbuntu/speccpu2006/benchspec/CPU2006/400.perlbench/run/run_base_ref_infra-rsan-orig-wo-check_O2.0000'
comparing 'checkspam.2500.5.25.11.150.1.1.1.1.out' with abstol=, binary=, calctol=0, cw=, floatcompare=, ignorecase=, obiwan=, reltol=, skipabstol=, skipobiwan=, skipreltol=, skiptol=
comparing 'diffmail.4.800.10.17.19.300.out' with abstol=, binary=, calctol=0, cw=, floatcompare=, ignorecase=, obiwan=, reltol=, skipabstol=, skipobiwan=, skipreltol=, skiptol=
comparing 'splitmail.1600.12.26.16.4500.out' with abstol=, binary=, calctol=0, cw=, floatcompare=, ignorecase=, obiwan=, reltol=, skipabstol=, skipobiwan=, skipreltol=, skiptol=
Specinvoke: /media/hahafish/Data/ForUbuntu/speccpu2006/bin/specinvoke -E -d /media/hahafish/Data/ForUbuntu/speccpu2006/benchspec/CPU2006/400.perlbench/run/run_base_ref_infra-rsan-orig-wo-check_O2.0000 -c 1 -e compare.err -o compare.stdout -f compare.cmd
Issuing command '/media/hahafish/Data/ForUbuntu/speccpu2006/bin/specinvoke -E -d /media/hahafish/Data/ForUbuntu/speccpu2006/benchspec/CPU2006/400.perlbench/run/run_base_ref_infra-rsan-orig-wo-check_O2.0000 -c 1 -e compare.err -o compare.stdout -f compare.cmd'
Start command: Wed Jul  1 11:56:01 2026 (1782878161)
Stop command: Wed Jul  1 11:56:03 2026 (1782878163)
Elapsed time for command: 00:00:02 (2)
Benchmark Times:
  Start:    Wed Jul  1 11:52:32 2026 (1782877952)
  Stop:     Wed Jul  1 11:56:01 2026 (1782878161)
  Elapsed:  00:03:29 (209)
  Reported: 200 766234000 200.766234
 Success 400.perlbench base ref ratio=48.66, runtime=200.766234

-----------------------------------
  Running (#1) 401.bzip2 ref base infra-rsan-orig-wo-check_O2 default
Commands to run: 
    -C /media/hahafish/Data/ForUbuntu/speccpu2006/benchspec/CPU2006/401.bzip2/run/run_base_ref_infra-rsan-orig-wo-check_O2.0000
    -o input.source.out -e input.source.err ../run_base_ref_infra-rsan-orig-wo-check_O2.0000/bzip2_base.infra-rsan-orig-wo-check_O2 input.source 280
    -o chicken.jpg.out -e chicken.jpg.err ../run_base_ref_infra-rsan-orig-wo-check_O2.0000/bzip2_base.infra-rsan-orig-wo-check_O2 chicken.jpg 30
    -o liberty.jpg.out -e liberty.jpg.err ../run_base_ref_infra-rsan-orig-wo-check_O2.0000/bzip2_base.infra-rsan-orig-wo-check_O2 liberty.jpg 30
    -o input.program.out -e input.program.err ../run_base_ref_infra-rsan-orig-wo-check_O2.0000/bzip2_base.infra-rsan-orig-wo-check_O2 input.program 280
    -o text.html.out -e text.html.err ../run_base_ref_infra-rsan-orig-wo-check_O2.0000/bzip2_base.infra-rsan-orig-wo-check_O2 text.html 280
    -o input.combined.out -e input.combined.err ../run_base_ref_infra-rsan-orig-wo-check_O2.0000/bzip2_base.infra-rsan-orig-wo-check_O2 input.combined 200
Specinvoke: /media/hahafish/Data/ForUbuntu/speccpu2006/bin/specinvoke -d /media/hahafish/Data/ForUbuntu/speccpu2006/benchspec/CPU2006/401.bzip2/run/run_base_ref_infra-rsan-orig-wo-check_O2.0000 -e speccmds.err -o speccmds.stdout -f speccmds.cmd -C
Issuing command '/media/hahafish/Data/ForUbuntu/speccpu2006/bin/specinvoke -d /media/hahafish/Data/ForUbuntu/speccpu2006/benchspec/CPU2006/401.bzip2/run/run_base_ref_infra-rsan-orig-wo-check_O2.0000 -e speccmds.err -o speccmds.stdout -f speccmds.cmd -C'
Start command: Wed Jul  1 11:56:03 2026 (1782878163)
Stop command: Wed Jul  1 11:59:35 2026 (1782878375)
Elapsed time for command: 00:03:32 (212)
Workload elapsed time (0:1) = 45.148685 seconds
Workload elapsed time (0:2) = 12.55795 seconds
Workload elapsed time (0:3) = 19.496478 seconds
Workload elapsed time (0:4) = 45.059357 seconds
Workload elapsed time (0:5) = 47.050354 seconds
Workload elapsed time (0:6) = 34.374611 seconds
copy 0 finished @ Wed Jul  1 11:59:27 2026.  Total elapsed time: 203.687435
comparing files in '/media/hahafish/Data/ForUbuntu/speccpu2006/benchspec/CPU2006/401.bzip2/run/run_base_ref_infra-rsan-orig-wo-check_O2.0000'
comparing 'chicken.jpg.out' with abstol=, binary=, calctol=0, cw=, floatcompare=, ignorecase=, obiwan=, reltol=, skipabstol=, skipobiwan=, skipreltol=, skiptol=
comparing 'input.combined.out' with abstol=, binary=, calctol=0, cw=, floatcompare=, ignorecase=, obiwan=, reltol=, skipabstol=, skipobiwan=, skipreltol=, skiptol=
comparing 'input.program.out' with abstol=, binary=, calctol=0, cw=, floatcompare=, ignorecase=, obiwan=, reltol=, skipabstol=, skipobiwan=, skipreltol=, skiptol=
comparing 'input.source.out' with abstol=, binary=, calctol=0, cw=, floatcompare=, ignorecase=, obiwan=, reltol=, skipabstol=, skipobiwan=, skipreltol=, skiptol=
comparing 'liberty.jpg.out' with abstol=, binary=, calctol=0, cw=, floatcompare=, ignorecase=, obiwan=, reltol=, skipabstol=, skipobiwan=, skipreltol=, skiptol=
comparing 'text.html.out' with abstol=, binary=, calctol=0, cw=, floatcompare=, ignorecase=, obiwan=, reltol=, skipabstol=, skipobiwan=, skipreltol=, skiptol=
Specinvoke: /media/hahafish/Data/ForUbuntu/speccpu2006/bin/specinvoke -E -d /media/hahafish/Data/ForUbuntu/speccpu2006/benchspec/CPU2006/401.bzip2/run/run_base_ref_infra-rsan-orig-wo-check_O2.0000 -c 1 -e compare.err -o compare.stdout -f compare.cmd
Issuing command '/media/hahafish/Data/ForUbuntu/speccpu2006/bin/specinvoke -E -d /media/hahafish/Data/ForUbuntu/speccpu2006/benchspec/CPU2006/401.bzip2/run/run_base_ref_infra-rsan-orig-wo-check_O2.0000 -c 1 -e compare.err -o compare.stdout -f compare.cmd'
Start command: Wed Jul  1 11:59:35 2026 (1782878375)
Stop command: Wed Jul  1 11:59:37 2026 (1782878377)
Elapsed time for command: 00:00:02 (2)
Benchmark Times:
  Start:    Wed Jul  1 11:56:03 2026 (1782878163)
  Stop:     Wed Jul  1 11:59:35 2026 (1782878375)
  Elapsed:  00:03:32 (212)
  Reported: 203 687521000 203.687521
 Success 401.bzip2 base ref ratio=47.38, runtime=203.687521

-----------------------------------
  Running (#1) 403.gcc ref base infra-rsan-orig-wo-check_O2 default
Commands to run: 
    -C /media/hahafish/Data/ForUbuntu/speccpu2006/benchspec/CPU2006/403.gcc/run/run_base_ref_infra-rsan-orig-wo-check_O2.0000
    -o 166.out -e 166.err ../run_base_ref_infra-rsan-orig-wo-check_O2.0000/gcc_base.infra-rsan-orig-wo-check_O2 166.i -o 166.s
    -o 200.out -e 200.err ../run_base_ref_infra-rsan-orig-wo-check_O2.0000/gcc_base.infra-rsan-orig-wo-check_O2 200.i -o 200.s
    -o c-typeck.out -e c-typeck.err ../run_base_ref_infra-rsan-orig-wo-check_O2.0000/gcc_base.infra-rsan-orig-wo-check_O2 c-typeck.i -o c-typeck.s
    -o cp-decl.out -e cp-decl.err ../run_base_ref_infra-rsan-orig-wo-check_O2.0000/gcc_base.infra-rsan-orig-wo-check_O2 cp-decl.i -o cp-decl.s
    -o expr.out -e expr.err ../run_base_ref_infra-rsan-orig-wo-check_O2.0000/gcc_base.infra-rsan-orig-wo-check_O2 expr.i -o expr.s
    -o expr2.out -e expr2.err ../run_base_ref_infra-rsan-orig-wo-check_O2.0000/gcc_base.infra-rsan-orig-wo-check_O2 expr2.i -o expr2.s
    -o g23.out -e g23.err ../run_base_ref_infra-rsan-orig-wo-check_O2.0000/gcc_base.infra-rsan-orig-wo-check_O2 g23.i -o g23.s
    -o s04.out -e s04.err ../run_base_ref_infra-rsan-orig-wo-check_O2.0000/gcc_base.infra-rsan-orig-wo-check_O2 s04.i -o s04.s
    -o scilab.out -e scilab.err ../run_base_ref_infra-rsan-orig-wo-check_O2.0000/gcc_base.infra-rsan-orig-wo-check_O2 scilab.i -o scilab.s
Specinvoke: /media/hahafish/Data/ForUbuntu/speccpu2006/bin/specinvoke -d /media/hahafish/Data/ForUbuntu/speccpu2006/benchspec/CPU2006/403.gcc/run/run_base_ref_infra-rsan-orig-wo-check_O2.0000 -e speccmds.err -o speccmds.stdout -f speccmds.cmd -C
Issuing command '/media/hahafish/Data/ForUbuntu/speccpu2006/bin/specinvoke -d /media/hahafish/Data/ForUbuntu/speccpu2006/benchspec/CPU2006/403.gcc/run/run_base_ref_infra-rsan-orig-wo-check_O2.0000 -e speccmds.err -o speccmds.stdout -f speccmds.cmd -C'
Start command: Wed Jul  1 11:59:37 2026 (1782878377)
Stop command: Wed Jul  1 12:04:18 2026 (1782878658)
Elapsed time for command: 00:04:41 (281)
Workload elapsed time (0:1) = 10.468655 seconds
Workload elapsed time (0:2) = 17.778801 seconds
Workload elapsed time (0:3) = 21.858357 seconds
Workload elapsed time (0:4) = 27.927049 seconds
Workload elapsed time (0:5) = 37.413568 seconds
Workload elapsed time (0:6) = 32.796762 seconds
Workload elapsed time (0:7) = 44.659273 seconds
Workload elapsed time (0:8) = 74.317517 seconds
Workload elapsed time (0:9) = 5.889734 seconds
copy 0 finished @ Wed Jul  1 12:04:10 2026.  Total elapsed time: 273.109716
comparing files in '/media/hahafish/Data/ForUbuntu/speccpu2006/benchspec/CPU2006/403.gcc/run/run_base_ref_infra-rsan-orig-wo-check_O2.0000'
comparing '166.s' with abstol=, binary=, calctol=0, cw=, floatcompare=, ignorecase=, obiwan=, reltol=, skipabstol=, skipobiwan=, skipreltol=, skiptol=
comparing '200.s' with abstol=, binary=, calctol=0, cw=, floatcompare=, ignorecase=, obiwan=, reltol=, skipabstol=, skipobiwan=, skipreltol=, skiptol=
comparing 'c-typeck.s' with abstol=, binary=, calctol=0, cw=, floatcompare=, ignorecase=, obiwan=, reltol=, skipabstol=, skipobiwan=, skipreltol=, skiptol=
comparing 'cp-decl.s' with abstol=, binary=, calctol=0, cw=, floatcompare=, ignorecase=, obiwan=, reltol=, skipabstol=, skipobiwan=, skipreltol=, skiptol=
comparing 'expr.s' with abstol=, binary=, calctol=0, cw=, floatcompare=, ignorecase=, obiwan=, reltol=, skipabstol=, skipobiwan=, skipreltol=, skiptol=
comparing 'expr2.s' with abstol=, binary=, calctol=0, cw=, floatcompare=, ignorecase=, obiwan=, reltol=, skipabstol=, skipobiwan=, skipreltol=, skiptol=
comparing 'g23.s' with abstol=, binary=, calctol=0, cw=, floatcompare=, ignorecase=, obiwan=, reltol=, skipabstol=, skipobiwan=, skipreltol=, skiptol=
comparing 's04.s' with abstol=, binary=, calctol=0, cw=, floatcompare=, ignorecase=, obiwan=, reltol=, skipabstol=, skipobiwan=, skipreltol=, skiptol=
comparing 'scilab.s' with abstol=, binary=, calctol=0, cw=, floatcompare=, ignorecase=, obiwan=, reltol=, skipabstol=, skipobiwan=, skipreltol=, skiptol=
Specinvoke: /media/hahafish/Data/ForUbuntu/speccpu2006/bin/specinvoke -E -d /media/hahafish/Data/ForUbuntu/speccpu2006/benchspec/CPU2006/403.gcc/run/run_base_ref_infra-rsan-orig-wo-check_O2.0000 -c 1 -e compare.err -o compare.stdout -f compare.cmd
Issuing command '/media/hahafish/Data/ForUbuntu/speccpu2006/bin/specinvoke -E -d /media/hahafish/Data/ForUbuntu/speccpu2006/benchspec/CPU2006/403.gcc/run/run_base_ref_infra-rsan-orig-wo-check_O2.0000 -c 1 -e compare.err -o compare.stdout -f compare.cmd'
Start command: Wed Jul  1 12:04:18 2026 (1782878658)
Stop command: Wed Jul  1 12:04:20 2026 (1782878660)
Elapsed time for command: 00:00:02 (2)
Benchmark Times:
  Start:    Wed Jul  1 11:59:37 2026 (1782878377)
  Stop:     Wed Jul  1 12:04:18 2026 (1782878658)
  Elapsed:  00:04:41 (281)
  Reported: 273 109854000 273.109854
 Success 403.gcc base ref ratio=29.48, runtime=273.109854

-----------------------------------
  Running (#1) 429.mcf ref base infra-rsan-orig-wo-check_O2 default
Commands to run: 
    -C /home/hahafish/speccpu2006/benchspec/CPU2006/429.mcf/run/run_base_ref_infra-rsan-orig-wo-check_O2.0000
    -o inp.out -e inp.err ../run_base_ref_infra-rsan-orig-wo-check_O2.0000/mcf_base.infra-rsan-orig-wo-check_O2 inp.in
Specinvoke: /media/hahafish/Data/ForUbuntu/speccpu2006/bin/specinvoke -d /home/hahafish/speccpu2006/benchspec/CPU2006/429.mcf/run/run_base_ref_infra-rsan-orig-wo-check_O2.0000 -e speccmds.err -o speccmds.stdout -f speccmds.cmd -C
Issuing command '/media/hahafish/Data/ForUbuntu/speccpu2006/bin/specinvoke -d /home/hahafish/speccpu2006/benchspec/CPU2006/429.mcf/run/run_base_ref_infra-rsan-orig-wo-check_O2.0000 -e speccmds.err -o speccmds.stdout -f speccmds.cmd -C'
Start command: Wed Jul  1 12:04:20 2026 (1782878660)
Stop command: Wed Jul  1 12:06:24 2026 (1782878784)
Elapsed time for command: 00:02:04 (124)
Workload elapsed time (0:1) = 115.160791 seconds
copy 0 finished @ Wed Jul  1 12:06:16 2026.  Total elapsed time: 115.160791
comparing files in '/home/hahafish/speccpu2006/benchspec/CPU2006/429.mcf/run/run_base_ref_infra-rsan-orig-wo-check_O2.0000'
comparing 'inp.out' with abstol=, binary=, calctol=0, cw=, floatcompare=, ignorecase=, obiwan=, reltol=, skipabstol=, skipobiwan=, skipreltol=, skiptol=
comparing 'mcf.out' with abstol=, binary=, calctol=0, cw=, floatcompare=, ignorecase=, obiwan=, reltol=, skipabstol=, skipobiwan=, skipreltol=, skiptol=
Specinvoke: /media/hahafish/Data/ForUbuntu/speccpu2006/bin/specinvoke -E -d /home/hahafish/speccpu2006/benchspec/CPU2006/429.mcf/run/run_base_ref_infra-rsan-orig-wo-check_O2.0000 -c 1 -e compare.err -o compare.stdout -f compare.cmd
Issuing command '/media/hahafish/Data/ForUbuntu/speccpu2006/bin/specinvoke -E -d /home/hahafish/speccpu2006/benchspec/CPU2006/429.mcf/run/run_base_ref_infra-rsan-orig-wo-check_O2.0000 -c 1 -e compare.err -o compare.stdout -f compare.cmd'
Start command: Wed Jul  1 12:06:24 2026 (1782878784)
Stop command: Wed Jul  1 12:06:26 2026 (1782878786)
Elapsed time for command: 00:00:02 (2)
Benchmark Times:
  Start:    Wed Jul  1 12:04:20 2026 (1782878660)
  Stop:     Wed Jul  1 12:06:24 2026 (1782878784)
  Elapsed:  00:02:04 (124)
  Reported: 115 160835000 115.160835
 Success 429.mcf base ref ratio=79.19, runtime=115.160835

-----------------------------------
  Running (#1) 433.milc ref base infra-rsan-orig-wo-check_O2 default
Commands to run: 
    -C /home/hahafish/speccpu2006/benchspec/CPU2006/433.milc/run/run_base_ref_infra-rsan-orig-wo-check_O2.0000
    -i su3imp.in -o su3imp.out -e su3imp.err ../run_base_ref_infra-rsan-orig-wo-check_O2.0000/milc_base.infra-rsan-orig-wo-check_O2
Specinvoke: /media/hahafish/Data/ForUbuntu/speccpu2006/bin/specinvoke -d /home/hahafish/speccpu2006/benchspec/CPU2006/433.milc/run/run_base_ref_infra-rsan-orig-wo-check_O2.0000 -e speccmds.err -o speccmds.stdout -f speccmds.cmd -C
Issuing command '/media/hahafish/Data/ForUbuntu/speccpu2006/bin/specinvoke -d /home/hahafish/speccpu2006/benchspec/CPU2006/433.milc/run/run_base_ref_infra-rsan-orig-wo-check_O2.0000 -e speccmds.err -o speccmds.stdout -f speccmds.cmd -C'
Start command: Wed Jul  1 12:06:26 2026 (1782878786)
Stop command: Wed Jul  1 12:09:27 2026 (1782878967)
Elapsed time for command: 00:03:01 (181)
Workload elapsed time (0:1) = 173.13373 seconds
copy 0 finished @ Wed Jul  1 12:09:19 2026.  Total elapsed time: 173.13373
comparing files in '/home/hahafish/speccpu2006/benchspec/CPU2006/433.milc/run/run_base_ref_infra-rsan-orig-wo-check_O2.0000'
comparing 'su3imp.out' with abstol=2e-07, binary=, calctol=0, cw=, floatcompare=, ignorecase=, obiwan=, reltol=0.0001, skipabstol=, skipobiwan=, skipreltol=, skiptol=
Specinvoke: /media/hahafish/Data/ForUbuntu/speccpu2006/bin/specinvoke -E -d /home/hahafish/speccpu2006/benchspec/CPU2006/433.milc/run/run_base_ref_infra-rsan-orig-wo-check_O2.0000 -c 1 -e compare.err -o compare.stdout -f compare.cmd
Issuing command '/media/hahafish/Data/ForUbuntu/speccpu2006/bin/specinvoke -E -d /home/hahafish/speccpu2006/benchspec/CPU2006/433.milc/run/run_base_ref_infra-rsan-orig-wo-check_O2.0000 -c 1 -e compare.err -o compare.stdout -f compare.cmd'
Start command: Wed Jul  1 12:09:27 2026 (1782878967)
Stop command: Wed Jul  1 12:09:29 2026 (1782878969)
Elapsed time for command: 00:00:02 (2)
Benchmark Times:
  Start:    Wed Jul  1 12:06:26 2026 (1782878786)
  Stop:     Wed Jul  1 12:09:27 2026 (1782878967)
  Elapsed:  00:03:01 (181)
  Reported: 173 133771000 173.133771
 Success 433.milc base ref ratio=53.02, runtime=173.133771

-----------------------------------
  Running (#1) 444.namd ref base infra-rsan-orig-wo-check_O2 default
Commands to run: 
    -C /media/hahafish/Data/ForUbuntu/speccpu2006/benchspec/CPU2006/444.namd/run/run_base_ref_infra-rsan-orig-wo-check_O2.0000
    -o namd.stdout -e namd.err ../run_base_ref_infra-rsan-orig-wo-check_O2.0000/namd_base.infra-rsan-orig-wo-check_O2 --input namd.input --iterations 38 --output namd.out 
Specinvoke: /media/hahafish/Data/ForUbuntu/speccpu2006/bin/specinvoke -d /media/hahafish/Data/ForUbuntu/speccpu2006/benchspec/CPU2006/444.namd/run/run_base_ref_infra-rsan-orig-wo-check_O2.0000 -e speccmds.err -o speccmds.stdout -f speccmds.cmd -C
Issuing command '/media/hahafish/Data/ForUbuntu/speccpu2006/bin/specinvoke -d /media/hahafish/Data/ForUbuntu/speccpu2006/benchspec/CPU2006/444.namd/run/run_base_ref_infra-rsan-orig-wo-check_O2.0000 -e speccmds.err -o speccmds.stdout -f speccmds.cmd -C'
Start command: Wed Jul  1 12:09:29 2026 (1782878969)
Stop command: Wed Jul  1 12:11:29 2026 (1782879089)
Elapsed time for command: 00:02:00 (120)
Workload elapsed time (0:1) = 112.327063 seconds
copy 0 finished @ Wed Jul  1 12:11:21 2026.  Total elapsed time: 112.327063
comparing files in '/media/hahafish/Data/ForUbuntu/speccpu2006/benchspec/CPU2006/444.namd/run/run_base_ref_infra-rsan-orig-wo-check_O2.0000'
comparing 'namd.out' with abstol=1e-05, binary=, calctol=0, cw=, floatcompare=, ignorecase=, obiwan=, reltol=, skipabstol=, skipobiwan=, skipreltol=, skiptol=
Specinvoke: /media/hahafish/Data/ForUbuntu/speccpu2006/bin/specinvoke -E -d /media/hahafish/Data/ForUbuntu/speccpu2006/benchspec/CPU2006/444.namd/run/run_base_ref_infra-rsan-orig-wo-check_O2.0000 -c 1 -e compare.err -o compare.stdout -f compare.cmd
Issuing command '/media/hahafish/Data/ForUbuntu/speccpu2006/bin/specinvoke -E -d /media/hahafish/Data/ForUbuntu/speccpu2006/benchspec/CPU2006/444.namd/run/run_base_ref_infra-rsan-orig-wo-check_O2.0000 -c 1 -e compare.err -o compare.stdout -f compare.cmd'
Start command: Wed Jul  1 12:11:29 2026 (1782879089)
Stop command: Wed Jul  1 12:11:31 2026 (1782879091)
Elapsed time for command: 00:00:02 (2)
Benchmark Times:
  Start:    Wed Jul  1 12:09:29 2026 (1782878969)
  Stop:     Wed Jul  1 12:11:29 2026 (1782879089)
  Elapsed:  00:02:00 (120)
  Reported: 112 327100000 112.3271
 Success 444.namd base ref ratio=71.40, runtime=112.327100

-----------------------------------
  Running (#1) 445.gobmk ref base infra-rsan-orig-wo-check_O2 default
Commands to run: 
    -C /home/hahafish/speccpu2006/benchspec/CPU2006/445.gobmk/run/run_base_ref_infra-rsan-orig-wo-check_O2.0000
    -i 13x13.tst -o 13x13.out -e 13x13.err ../run_base_ref_infra-rsan-orig-wo-check_O2.0000/gobmk_base.infra-rsan-orig-wo-check_O2 --quiet --mode gtp
    -i nngs.tst -o nngs.out -e nngs.err ../run_base_ref_infra-rsan-orig-wo-check_O2.0000/gobmk_base.infra-rsan-orig-wo-check_O2 --quiet --mode gtp
    -i score2.tst -o score2.out -e score2.err ../run_base_ref_infra-rsan-orig-wo-check_O2.0000/gobmk_base.infra-rsan-orig-wo-check_O2 --quiet --mode gtp
    -i trevorc.tst -o trevorc.out -e trevorc.err ../run_base_ref_infra-rsan-orig-wo-check_O2.0000/gobmk_base.infra-rsan-orig-wo-check_O2 --quiet --mode gtp
    -i trevord.tst -o trevord.out -e trevord.err ../run_base_ref_infra-rsan-orig-wo-check_O2.0000/gobmk_base.infra-rsan-orig-wo-check_O2 --quiet --mode gtp
Specinvoke: /media/hahafish/Data/ForUbuntu/speccpu2006/bin/specinvoke -d /home/hahafish/speccpu2006/benchspec/CPU2006/445.gobmk/run/run_base_ref_infra-rsan-orig-wo-check_O2.0000 -e speccmds.err -o speccmds.stdout -f speccmds.cmd -C
Issuing command '/media/hahafish/Data/ForUbuntu/speccpu2006/bin/specinvoke -d /home/hahafish/speccpu2006/benchspec/CPU2006/445.gobmk/run/run_base_ref_infra-rsan-orig-wo-check_O2.0000 -e speccmds.err -o speccmds.stdout -f speccmds.cmd -C'
Start command: Wed Jul  1 12:11:31 2026 (1782879091)
Stop command: Wed Jul  1 12:14:35 2026 (1782879275)
Elapsed time for command: 00:03:04 (184)
Workload elapsed time (0:1) = 25.314451 seconds
Workload elapsed time (0:2) = 62.860039 seconds
Workload elapsed time (0:3) = 31.308878 seconds
Workload elapsed time (0:4) = 24.654813 seconds
Workload elapsed time (0:5) = 31.729924 seconds
copy 0 finished @ Wed Jul  1 12:14:27 2026.  Total elapsed time: 175.868105
comparing files in '/home/hahafish/speccpu2006/benchspec/CPU2006/445.gobmk/run/run_base_ref_infra-rsan-orig-wo-check_O2.0000'
comparing '13x13.out' with abstol=, binary=, calctol=0, cw=, floatcompare=, ignorecase=, obiwan=, reltol=, skipabstol=, skipobiwan=, skipreltol=, skiptol=
comparing 'nngs.out' with abstol=, binary=, calctol=0, cw=, floatcompare=, ignorecase=, obiwan=, reltol=, skipabstol=, skipobiwan=, skipreltol=, skiptol=
comparing 'score2.out' with abstol=, binary=, calctol=0, cw=, floatcompare=, ignorecase=, obiwan=, reltol=, skipabstol=, skipobiwan=, skipreltol=, skiptol=
comparing 'trevorc.out' with abstol=, binary=, calctol=0, cw=, floatcompare=, ignorecase=, obiwan=, reltol=, skipabstol=, skipobiwan=, skipreltol=, skiptol=
comparing 'trevord.out' with abstol=, binary=, calctol=0, cw=, floatcompare=, ignorecase=, obiwan=, reltol=, skipabstol=, skipobiwan=, skipreltol=, skiptol=
Specinvoke: /media/hahafish/Data/ForUbuntu/speccpu2006/bin/specinvoke -E -d /home/hahafish/speccpu2006/benchspec/CPU2006/445.gobmk/run/run_base_ref_infra-rsan-orig-wo-check_O2.0000 -c 1 -e compare.err -o compare.stdout -f compare.cmd
Issuing command '/media/hahafish/Data/ForUbuntu/speccpu2006/bin/specinvoke -E -d /home/hahafish/speccpu2006/benchspec/CPU2006/445.gobmk/run/run_base_ref_infra-rsan-orig-wo-check_O2.0000 -c 1 -e compare.err -o compare.stdout -f compare.cmd'
Start command: Wed Jul  1 12:14:35 2026 (1782879275)
Stop command: Wed Jul  1 12:14:37 2026 (1782879277)
Elapsed time for command: 00:00:02 (2)
Benchmark Times:
  Start:    Wed Jul  1 12:11:31 2026 (1782879091)
  Stop:     Wed Jul  1 12:14:35 2026 (1782879275)
  Elapsed:  00:03:04 (184)
  Reported: 175 868180000 175.86818
 Success 445.gobmk base ref ratio=59.65, runtime=175.868180

-----------------------------------
  Running (#1) 447.dealII ref base infra-rsan-orig-wo-check_O2 default
Commands to run: 
    -C /media/hahafish/Data/ForUbuntu/speccpu2006/benchspec/CPU2006/447.dealII/run/run_base_ref_infra-rsan-orig-wo-check_O2.0000
    -o log -e dealII.err ../run_base_ref_infra-rsan-orig-wo-check_O2.0000/dealII_base.infra-rsan-orig-wo-check_O2 23
Specinvoke: /media/hahafish/Data/ForUbuntu/speccpu2006/bin/specinvoke -d /media/hahafish/Data/ForUbuntu/speccpu2006/benchspec/CPU2006/447.dealII/run/run_base_ref_infra-rsan-orig-wo-check_O2.0000 -e speccmds.err -o speccmds.stdout -f speccmds.cmd -C
Issuing command '/media/hahafish/Data/ForUbuntu/speccpu2006/bin/specinvoke -d /media/hahafish/Data/ForUbuntu/speccpu2006/benchspec/CPU2006/447.dealII/run/run_base_ref_infra-rsan-orig-wo-check_O2.0000 -e speccmds.err -o speccmds.stdout -f speccmds.cmd -C'
Start command: Wed Jul  1 12:14:37 2026 (1782879277)
Stop command: Wed Jul  1 12:16:25 2026 (1782879385)
Elapsed time for command: 00:01:48 (108)
Workload elapsed time (0:1) = 99.614955 seconds
copy 0 finished @ Wed Jul  1 12:16:17 2026.  Total elapsed time: 99.614955
comparing files in '/media/hahafish/Data/ForUbuntu/speccpu2006/benchspec/CPU2006/447.dealII/run/run_base_ref_infra-rsan-orig-wo-check_O2.0000'
comparing 'grid-0.eps' with abstol=1e-07, binary=, calctol=0, cw=, floatcompare=, ignorecase=, obiwan=, reltol=, skipabstol=, skipobiwan=, skipreltol=, skiptol=
comparing 'grid-1.eps' with abstol=1e-07, binary=, calctol=0, cw=, floatcompare=, ignorecase=, obiwan=, reltol=, skipabstol=, skipobiwan=, skipreltol=, skiptol=
comparing 'grid-2.eps' with abstol=1e-07, binary=, calctol=0, cw=, floatcompare=, ignorecase=, obiwan=, reltol=, skipabstol=, skipobiwan=, skipreltol=, skiptol=
comparing 'grid-3.eps' with abstol=1e-07, binary=, calctol=0, cw=, floatcompare=, ignorecase=, obiwan=, reltol=, skipabstol=, skipobiwan=, skipreltol=, skiptol=
comparing 'grid-4.eps' with abstol=1e-07, binary=, calctol=0, cw=, floatcompare=, ignorecase=, obiwan=, reltol=, skipabstol=, skipobiwan=, skipreltol=, skiptol=
comparing 'grid-5.eps' with abstol=1e-07, binary=, calctol=0, cw=, floatcompare=, ignorecase=, obiwan=, reltol=, skipabstol=, skipobiwan=, skipreltol=, skiptol=
comparing 'grid-6.eps' with abstol=1e-07, binary=, calctol=0, cw=, floatcompare=, ignorecase=, obiwan=, reltol=, skipabstol=, skipobiwan=, skipreltol=, skiptol=
comparing 'grid-7.eps' with abstol=1e-07, binary=, calctol=0, cw=, floatcompare=, ignorecase=, obiwan=, reltol=, skipabstol=, skipobiwan=, skipreltol=, skiptol=
comparing 'grid-8.eps' with abstol=1e-07, binary=, calctol=0, cw=, floatcompare=, ignorecase=, obiwan=, reltol=, skipabstol=, skipobiwan=, skipreltol=, skiptol=
comparing 'solution-0.gmv' with abstol=1e-07, binary=, calctol=0, cw=, floatcompare=, ignorecase=, obiwan=, reltol=, skipabstol=, skipobiwan=, skipreltol=, skiptol=
comparing 'solution-1.gmv' with abstol=1e-07, binary=, calctol=0, cw=, floatcompare=, ignorecase=, obiwan=, reltol=, skipabstol=, skipobiwan=, skipreltol=, skiptol=
comparing 'solution-2.gmv' with abstol=1e-07, binary=, calctol=0, cw=, floatcompare=, ignorecase=, obiwan=, reltol=, skipabstol=, skipobiwan=, skipreltol=, skiptol=
comparing 'solution-3.gmv' with abstol=1e-07, binary=, calctol=0, cw=, floatcompare=, ignorecase=, obiwan=, reltol=, skipabstol=, skipobiwan=, skipreltol=, skiptol=
comparing 'solution-4.gmv' with abstol=1e-07, binary=, calctol=0, cw=, floatcompare=, ignorecase=, obiwan=, reltol=, skipabstol=, skipobiwan=, skipreltol=, skiptol=
comparing 'solution-5.gmv' with abstol=1e-07, binary=, calctol=0, cw=, floatcompare=, ignorecase=, obiwan=, reltol=, skipabstol=, skipobiwan=, skipreltol=, skiptol=
comparing 'solution-6.gmv' with abstol=1e-07, binary=, calctol=0, cw=, floatcompare=, ignorecase=, obiwan=, reltol=, skipabstol=, skipobiwan=, skipreltol=, skiptol=
comparing 'solution-7.gmv' with abstol=1e-07, binary=, calctol=0, cw=, floatcompare=, ignorecase=, obiwan=, reltol=, skipabstol=, skipobiwan=, skipreltol=, skiptol=
comparing 'solution-8.gmv' with abstol=1e-07, binary=, calctol=0, cw=, floatcompare=, ignorecase=, obiwan=, reltol=, skipabstol=, skipobiwan=, skipreltol=, skiptol=
comparing 'grid-10.eps' with abstol=1e-07, binary=, calctol=0, cw=, floatcompare=, ignorecase=, obiwan=, reltol=, skipabstol=, skipobiwan=, skipreltol=, skiptol=
comparing 'grid-11.eps' with abstol=1e-07, binary=, calctol=0, cw=, floatcompare=, ignorecase=, obiwan=, reltol=, skipabstol=, skipobiwan=, skipreltol=, skiptol=
comparing 'grid-12.eps' with abstol=1e-07, binary=, calctol=0, cw=, floatcompare=, ignorecase=, obiwan=, reltol=, skipabstol=, skipobiwan=, skipreltol=, skiptol=
comparing 'grid-13.eps' with abstol=1e-07, binary=, calctol=0, cw=, floatcompare=, ignorecase=, obiwan=, reltol=, skipabstol=, skipobiwan=, skipreltol=, skiptol=
comparing 'grid-14.eps' with abstol=1e-07, binary=, calctol=0, cw=, floatcompare=, ignorecase=, obiwan=, reltol=, skipabstol=, skipobiwan=, skipreltol=, skiptol=
comparing 'grid-15.eps' with abstol=1e-07, binary=, calctol=0, cw=, floatcompare=, ignorecase=, obiwan=, reltol=, skipabstol=, skipobiwan=, skipreltol=, skiptol=
comparing 'grid-16.eps' with abstol=1e-07, binary=, calctol=0, cw=, floatcompare=, ignorecase=, obiwan=, reltol=, skipabstol=, skipobiwan=, skipreltol=, skiptol=
comparing 'grid-17.eps' with abstol=1e-07, binary=, calctol=0, cw=, floatcompare=, ignorecase=, obiwan=, reltol=, skipabstol=, skipobiwan=, skipreltol=, skiptol=
comparing 'grid-18.eps' with abstol=1e-07, binary=, calctol=0, cw=, floatcompare=, ignorecase=, obiwan=, reltol=, skipabstol=, skipobiwan=, skipreltol=, skiptol=
comparing 'grid-19.eps' with abstol=1e-07, binary=, calctol=0, cw=, floatcompare=, ignorecase=, obiwan=, reltol=, skipabstol=, skipobiwan=, skipreltol=, skiptol=
comparing 'grid-20.eps' with abstol=1e-07, binary=, calctol=0, cw=, floatcompare=, ignorecase=, obiwan=, reltol=, skipabstol=, skipobiwan=, skipreltol=, skiptol=
comparing 'grid-21.eps' with abstol=1e-07, binary=, calctol=0, cw=, floatcompare=, ignorecase=, obiwan=, reltol=, skipabstol=, skipobiwan=, skipreltol=, skiptol=
comparing 'grid-22.eps' with abstol=1e-07, binary=, calctol=0, cw=, floatcompare=, ignorecase=, obiwan=, reltol=, skipabstol=, skipobiwan=, skipreltol=, skiptol=
comparing 'grid-23.eps' with abstol=1e-07, binary=, calctol=0, cw=, floatcompare=, ignorecase=, obiwan=, reltol=, skipabstol=, skipobiwan=, skipreltol=, skiptol=
comparing 'grid-9.eps' with abstol=1e-07, binary=, calctol=0, cw=, floatcompare=, ignorecase=, obiwan=, reltol=, skipabstol=, skipobiwan=, skipreltol=, skiptol=
comparing 'log' with abstol=1e-07, binary=, calctol=0, cw=, floatcompare=, ignorecase=, obiwan=, reltol=, skipabstol=, skipobiwan=, skipreltol=, skiptol=
comparing 'solution-10.gmv' with abstol=1e-07, binary=, calctol=0, cw=, floatcompare=, ignorecase=, obiwan=, reltol=, skipabstol=, skipobiwan=, skipreltol=, skiptol=
comparing 'solution-11.gmv' with abstol=1e-07, binary=, calctol=0, cw=, floatcompare=, ignorecase=, obiwan=, reltol=, skipabstol=, skipobiwan=, skipreltol=, skiptol=
comparing 'solution-12.gmv' with abstol=1e-07, binary=, calctol=0, cw=, floatcompare=, ignorecase=, obiwan=, reltol=, skipabstol=, skipobiwan=, skipreltol=, skiptol=
comparing 'solution-13.gmv' with abstol=1e-07, binary=, calctol=0, cw=, floatcompare=, ignorecase=, obiwan=, reltol=, skipabstol=, skipobiwan=, skipreltol=, skiptol=
comparing 'solution-14.gmv' with abstol=1e-07, binary=, calctol=0, cw=, floatcompare=, ignorecase=, obiwan=, reltol=, skipabstol=, skipobiwan=, skipreltol=, skiptol=
comparing 'solution-15.gmv' with abstol=1e-07, binary=, calctol=0, cw=, floatcompare=, ignorecase=, obiwan=, reltol=, skipabstol=, skipobiwan=, skipreltol=, skiptol=
comparing 'solution-16.gmv' with abstol=1e-07, binary=, calctol=0, cw=, floatcompare=, ignorecase=, obiwan=, reltol=, skipabstol=, skipobiwan=, skipreltol=, skiptol=
comparing 'solution-17.gmv' with abstol=1e-07, binary=, calctol=0, cw=, floatcompare=, ignorecase=, obiwan=, reltol=, skipabstol=, skipobiwan=, skipreltol=, skiptol=
comparing 'solution-18.gmv' with abstol=1e-07, binary=, calctol=0, cw=, floatcompare=, ignorecase=, obiwan=, reltol=, skipabstol=, skipobiwan=, skipreltol=, skiptol=
comparing 'solution-19.gmv' with abstol=1e-07, binary=, calctol=0, cw=, floatcompare=, ignorecase=, obiwan=, reltol=, skipabstol=, skipobiwan=, skipreltol=, skiptol=
comparing 'solution-20.gmv' with abstol=1e-07, binary=, calctol=0, cw=, floatcompare=, ignorecase=, obiwan=, reltol=, skipabstol=, skipobiwan=, skipreltol=, skiptol=
comparing 'solution-21.gmv' with abstol=1e-07, binary=, calctol=0, cw=, floatcompare=, ignorecase=, obiwan=, reltol=, skipabstol=, skipobiwan=, skipreltol=, skiptol=
comparing 'solution-22.gmv' with abstol=1e-07, binary=, calctol=0, cw=, floatcompare=, ignorecase=, obiwan=, reltol=, skipabstol=, skipobiwan=, skipreltol=, skiptol=
comparing 'solution-23.gmv' with abstol=1e-07, binary=, calctol=0, cw=, floatcompare=, ignorecase=, obiwan=, reltol=, skipabstol=, skipobiwan=, skipreltol=, skiptol=
comparing 'solution-9.gmv' with abstol=1e-07, binary=, calctol=0, cw=, floatcompare=, ignorecase=, obiwan=, reltol=, skipabstol=, skipobiwan=, skipreltol=, skiptol=
Specinvoke: /media/hahafish/Data/ForUbuntu/speccpu2006/bin/specinvoke -E -d /media/hahafish/Data/ForUbuntu/speccpu2006/benchspec/CPU2006/447.dealII/run/run_base_ref_infra-rsan-orig-wo-check_O2.0000 -c 1 -e compare.err -o compare.stdout -f compare.cmd
Issuing command '/media/hahafish/Data/ForUbuntu/speccpu2006/bin/specinvoke -E -d /media/hahafish/Data/ForUbuntu/speccpu2006/benchspec/CPU2006/447.dealII/run/run_base_ref_infra-rsan-orig-wo-check_O2.0000 -c 1 -e compare.err -o compare.stdout -f compare.cmd'
Start command: Wed Jul  1 12:16:25 2026 (1782879385)
Stop command: Wed Jul  1 12:16:39 2026 (1782879399)
Elapsed time for command: 00:00:14 (14)
Benchmark Times:
  Start:    Wed Jul  1 12:14:37 2026 (1782879277)
  Stop:     Wed Jul  1 12:16:25 2026 (1782879385)
  Elapsed:  00:01:48 (108)
  Reported: 99 614993000 99.614993
 Success 447.dealII base ref ratio=114.84, runtime=99.614993

-----------------------------------
  Running (#1) 450.soplex ref base infra-rsan-orig-wo-check_O2 default
Commands to run: 
    -C /media/hahafish/Data/ForUbuntu/speccpu2006/benchspec/CPU2006/450.soplex/run/run_base_ref_infra-rsan-orig-wo-check_O2.0000
    -o pds-50.mps.out -e pds-50.mps.stderr ../run_base_ref_infra-rsan-orig-wo-check_O2.0000/soplex_base.infra-rsan-orig-wo-check_O2 -s1 -e -m45000 pds-50.mps
    -o ref.out -e ref.stderr ../run_base_ref_infra-rsan-orig-wo-check_O2.0000/soplex_base.infra-rsan-orig-wo-check_O2 -m3500 ref.mps
Specinvoke: /media/hahafish/Data/ForUbuntu/speccpu2006/bin/specinvoke -d /media/hahafish/Data/ForUbuntu/speccpu2006/benchspec/CPU2006/450.soplex/run/run_base_ref_infra-rsan-orig-wo-check_O2.0000 -e speccmds.err -o speccmds.stdout -f speccmds.cmd -C
Issuing command '/media/hahafish/Data/ForUbuntu/speccpu2006/bin/specinvoke -d /media/hahafish/Data/ForUbuntu/speccpu2006/benchspec/CPU2006/450.soplex/run/run_base_ref_infra-rsan-orig-wo-check_O2.0000 -e speccmds.err -o speccmds.stdout -f speccmds.cmd -C'
Start command: Wed Jul  1 12:16:39 2026 (1782879399)
Stop command: Wed Jul  1 12:18:32 2026 (1782879512)
Elapsed time for command: 00:01:53 (113)
Workload elapsed time (0:1) = 55.068011 seconds
Workload elapsed time (0:2) = 49.485063 seconds
copy 0 finished @ Wed Jul  1 12:18:24 2026.  Total elapsed time: 104.553074
comparing files in '/media/hahafish/Data/ForUbuntu/speccpu2006/benchspec/CPU2006/450.soplex/run/run_base_ref_infra-rsan-orig-wo-check_O2.0000'
comparing 'pds-50.mps.out' with abstol=1e-05, binary=, calctol=0, cw=, floatcompare=, ignorecase=, obiwan=1, reltol=0.02, skipabstol=, skipobiwan=, skipreltol=, skiptol=
comparing 'pds-50.mps.stderr' with abstol=20, binary=, calctol=0, cw=, floatcompare=, ignorecase=, obiwan=1, reltol=0.0001, skipabstol=, skipobiwan=, skipreltol=, skiptol=
comparing 'ref.out' with abstol=1e-05, binary=, calctol=0, cw=, floatcompare=, ignorecase=, obiwan=1, reltol=0.02, skipabstol=, skipobiwan=, skipreltol=, skiptol=
comparing 'ref.stderr' with abstol=20, binary=, calctol=0, cw=, floatcompare=, ignorecase=, obiwan=1, reltol=0.0001, skipabstol=, skipobiwan=, skipreltol=, skiptol=
Specinvoke: /media/hahafish/Data/ForUbuntu/speccpu2006/bin/specinvoke -E -d /media/hahafish/Data/ForUbuntu/speccpu2006/benchspec/CPU2006/450.soplex/run/run_base_ref_infra-rsan-orig-wo-check_O2.0000 -c 1 -e compare.err -o compare.stdout -f compare.cmd
Issuing command '/media/hahafish/Data/ForUbuntu/speccpu2006/bin/specinvoke -E -d /media/hahafish/Data/ForUbuntu/speccpu2006/benchspec/CPU2006/450.soplex/run/run_base_ref_infra-rsan-orig-wo-check_O2.0000 -c 1 -e compare.err -o compare.stdout -f compare.cmd'
Start command: Wed Jul  1 12:18:32 2026 (1782879512)
Stop command: Wed Jul  1 12:18:34 2026 (1782879514)
Elapsed time for command: 00:00:02 (2)
Error with '/media/hahafish/Data/ForUbuntu/speccpu2006/bin/specinvoke -E -d /media/hahafish/Data/ForUbuntu/speccpu2006/benchspec/CPU2006/450.soplex/run/run_base_ref_infra-rsan-orig-wo-check_O2.0000 -c 1 -e compare.err -o compare.stdout -f compare.cmd': check file '/media/hahafish/Data/ForUbuntu/speccpu2006/benchspec/CPU2006/450.soplex/run/run_base_ref_infra-rsan-orig-wo-check_O2.0000/.err'
*** Miscompare of pds-50.mps.stderr, see /media/hahafish/Data/ForUbuntu/speccpu2006/benchspec/CPU2006/450.soplex/run/run_base_ref_infra-rsan-orig-wo-check_O2.0000/pds-50.mps.stderr.mis
'pds-50.mps.stderr' long
*** Miscompare of ref.stderr, see /media/hahafish/Data/ForUbuntu/speccpu2006/benchspec/CPU2006/450.soplex/run/run_base_ref_infra-rsan-orig-wo-check_O2.0000/ref.stderr.mis
'ref.stderr' long
Benchmark Times:
  Start:    Wed Jul  1 12:16:39 2026 (1782879399)
  Stop:     Wed Jul  1 12:18:32 2026 (1782879512)
  Elapsed:  00:01:53 (113)
  Reported: 104 553127000 104.553127
 Error 450.soplex base ref ratio=79.77, runtime=104.553127

-----------------------------------
  Running (#1) 453.povray ref base infra-rsan-orig-wo-check_O2 default
Commands to run: 
    -C /media/hahafish/Data/ForUbuntu/speccpu2006/benchspec/CPU2006/453.povray/run/run_base_ref_infra-rsan-orig-wo-check_O2.0000
    -o SPEC-benchmark-ref.stdout -e SPEC-benchmark-ref.stderr ../run_base_ref_infra-rsan-orig-wo-check_O2.0000/povray_base.infra-rsan-orig-wo-check_O2 SPEC-benchmark-ref.ini
Specinvoke: /media/hahafish/Data/ForUbuntu/speccpu2006/bin/specinvoke -d /media/hahafish/Data/ForUbuntu/speccpu2006/benchspec/CPU2006/453.povray/run/run_base_ref_infra-rsan-orig-wo-check_O2.0000 -e speccmds.err -o speccmds.stdout -f speccmds.cmd -C
Issuing command '/media/hahafish/Data/ForUbuntu/speccpu2006/bin/specinvoke -d /media/hahafish/Data/ForUbuntu/speccpu2006/benchspec/CPU2006/453.povray/run/run_base_ref_infra-rsan-orig-wo-check_O2.0000 -e speccmds.err -o speccmds.stdout -f speccmds.cmd -C'
Start command: Wed Jul  1 12:18:34 2026 (1782879514)
Stop command: Wed Jul  1 12:19:22 2026 (1782879562)
Elapsed time for command: 00:00:48 (48)
Workload elapsed time (0:1) = 40.146465 seconds
copy 0 finished @ Wed Jul  1 12:19:14 2026.  Total elapsed time: 40.146465
comparing files in '/media/hahafish/Data/ForUbuntu/speccpu2006/benchspec/CPU2006/453.povray/run/run_base_ref_infra-rsan-orig-wo-check_O2.0000'
comparing 'SPEC-benchmark.log' with abstol=0, binary=, calctol=0, cw=, floatcompare=, ignorecase=, obiwan=, reltol=5e-05, skipabstol=, skipobiwan=, skipreltol=, skiptol=
comparing 'SPEC-benchmark.tga' with abstol=0, binary=1, calctol=0, cw=, floatcompare=, ignorecase=, obiwan=, reltol=5e-05, skipabstol=, skipobiwan=, skipreltol=, skiptol=50
Specinvoke: /media/hahafish/Data/ForUbuntu/speccpu2006/bin/specinvoke -E -d /media/hahafish/Data/ForUbuntu/speccpu2006/benchspec/CPU2006/453.povray/run/run_base_ref_infra-rsan-orig-wo-check_O2.0000 -c 1 -e compare.err -o compare.stdout -f compare.cmd
Issuing command '/media/hahafish/Data/ForUbuntu/speccpu2006/bin/specinvoke -E -d /media/hahafish/Data/ForUbuntu/speccpu2006/benchspec/CPU2006/453.povray/run/run_base_ref_infra-rsan-orig-wo-check_O2.0000 -c 1 -e compare.err -o compare.stdout -f compare.cmd'
Start command: Wed Jul  1 12:19:22 2026 (1782879562)
Stop command: Wed Jul  1 12:19:28 2026 (1782879568)
Elapsed time for command: 00:00:06 (6)
Benchmark Times:
  Start:    Wed Jul  1 12:18:34 2026 (1782879514)
  Stop:     Wed Jul  1 12:19:22 2026 (1782879562)
  Elapsed:  00:00:48 (48)
  Reported: 40 146504000 40.146504
 Success 453.povray base ref ratio=132.51, runtime=40.146504

-----------------------------------
  Running (#1) 456.hmmer ref base infra-rsan-orig-wo-check_O2 default
Commands to run: 
    -C /home/hahafish/speccpu2006/benchspec/CPU2006/456.hmmer/run/run_base_ref_infra-rsan-orig-wo-check_O2.0000
    -o nph3.out -e nph3.err ../run_base_ref_infra-rsan-orig-wo-check_O2.0000/hmmer_base.infra-rsan-orig-wo-check_O2 nph3.hmm swiss41
    -o retro.out -e retro.err ../run_base_ref_infra-rsan-orig-wo-check_O2.0000/hmmer_base.infra-rsan-orig-wo-check_O2 --fixed 0 --mean 500 --num 500000 --sd 350 --seed 0 retro.hmm
Specinvoke: /media/hahafish/Data/ForUbuntu/speccpu2006/bin/specinvoke -d /home/hahafish/speccpu2006/benchspec/CPU2006/456.hmmer/run/run_base_ref_infra-rsan-orig-wo-check_O2.0000 -e speccmds.err -o speccmds.stdout -f speccmds.cmd -C
Issuing command '/media/hahafish/Data/ForUbuntu/speccpu2006/bin/specinvoke -d /home/hahafish/speccpu2006/benchspec/CPU2006/456.hmmer/run/run_base_ref_infra-rsan-orig-wo-check_O2.0000 -e speccmds.err -o speccmds.stdout -f speccmds.cmd -C'
Start command: Wed Jul  1 12:19:28 2026 (1782879568)
Stop command: Wed Jul  1 12:21:31 2026 (1782879691)
Elapsed time for command: 00:02:03 (123)
Workload elapsed time (0:1) = 35.780363 seconds
Workload elapsed time (0:2) = 79.460633 seconds
copy 0 finished @ Wed Jul  1 12:21:23 2026.  Total elapsed time: 115.240996
comparing files in '/home/hahafish/speccpu2006/benchspec/CPU2006/456.hmmer/run/run_base_ref_infra-rsan-orig-wo-check_O2.0000'
comparing 'nph3.out' with abstol=1e-05, binary=, calctol=0, cw=, floatcompare=, ignorecase=, obiwan=, reltol=0.002, skipabstol=, skipobiwan=, skipreltol=, skiptol=10
comparing 'retro.out' with abstol=1e-05, binary=, calctol=0, cw=, floatcompare=, ignorecase=, obiwan=, reltol=0.002, skipabstol=, skipobiwan=, skipreltol=, skiptol=10
Specinvoke: /media/hahafish/Data/ForUbuntu/speccpu2006/bin/specinvoke -E -d /home/hahafish/speccpu2006/benchspec/CPU2006/456.hmmer/run/run_base_ref_infra-rsan-orig-wo-check_O2.0000 -c 1 -e compare.err -o compare.stdout -f compare.cmd
Issuing command '/media/hahafish/Data/ForUbuntu/speccpu2006/bin/specinvoke -E -d /home/hahafish/speccpu2006/benchspec/CPU2006/456.hmmer/run/run_base_ref_infra-rsan-orig-wo-check_O2.0000 -c 1 -e compare.err -o compare.stdout -f compare.cmd'
Start command: Wed Jul  1 12:21:31 2026 (1782879691)
Stop command: Wed Jul  1 12:21:33 2026 (1782879693)
Elapsed time for command: 00:00:02 (2)
Benchmark Times:
  Start:    Wed Jul  1 12:19:28 2026 (1782879568)
  Stop:     Wed Jul  1 12:21:31 2026 (1782879691)
  Elapsed:  00:02:03 (123)
  Reported: 115 241049000 115.241049
 Success 456.hmmer base ref ratio=80.96, runtime=115.241049

-----------------------------------
  Running (#1) 458.sjeng ref base infra-rsan-orig-wo-check_O2 default
Commands to run: 
    -C /media/hahafish/Data/ForUbuntu/speccpu2006/benchspec/CPU2006/458.sjeng/run/run_base_ref_infra-rsan-orig-wo-check_O2.0000
    -o ref.out -e ref.err ../run_base_ref_infra-rsan-orig-wo-check_O2.0000/sjeng_base.infra-rsan-orig-wo-check_O2 ref.txt
Specinvoke: /media/hahafish/Data/ForUbuntu/speccpu2006/bin/specinvoke -d /media/hahafish/Data/ForUbuntu/speccpu2006/benchspec/CPU2006/458.sjeng/run/run_base_ref_infra-rsan-orig-wo-check_O2.0000 -e speccmds.err -o speccmds.stdout -f speccmds.cmd -C
Issuing command '/media/hahafish/Data/ForUbuntu/speccpu2006/bin/specinvoke -d /media/hahafish/Data/ForUbuntu/speccpu2006/benchspec/CPU2006/458.sjeng/run/run_base_ref_infra-rsan-orig-wo-check_O2.0000 -e speccmds.err -o speccmds.stdout -f speccmds.cmd -C'
Start command: Wed Jul  1 12:21:33 2026 (1782879693)
Stop command: Wed Jul  1 12:25:22 2026 (1782879922)
Elapsed time for command: 00:03:49 (229)
Workload elapsed time (0:1) = 221.278246 seconds
copy 0 finished @ Wed Jul  1 12:25:14 2026.  Total elapsed time: 221.278246
comparing files in '/media/hahafish/Data/ForUbuntu/speccpu2006/benchspec/CPU2006/458.sjeng/run/run_base_ref_infra-rsan-orig-wo-check_O2.0000'
comparing 'ref.out' with abstol=, binary=, calctol=0, cw=, floatcompare=, ignorecase=, obiwan=, reltol=, skipabstol=, skipobiwan=, skipreltol=, skiptol=
Specinvoke: /media/hahafish/Data/ForUbuntu/speccpu2006/bin/specinvoke -E -d /media/hahafish/Data/ForUbuntu/speccpu2006/benchspec/CPU2006/458.sjeng/run/run_base_ref_infra-rsan-orig-wo-check_O2.0000 -c 1 -e compare.err -o compare.stdout -f compare.cmd
Issuing command '/media/hahafish/Data/ForUbuntu/speccpu2006/bin/specinvoke -E -d /media/hahafish/Data/ForUbuntu/speccpu2006/benchspec/CPU2006/458.sjeng/run/run_base_ref_infra-rsan-orig-wo-check_O2.0000 -c 1 -e compare.err -o compare.stdout -f compare.cmd'
Start command: Wed Jul  1 12:25:22 2026 (1782879922)
Stop command: Wed Jul  1 12:25:24 2026 (1782879924)
Elapsed time for command: 00:00:02 (2)
Benchmark Times:
  Start:    Wed Jul  1 12:21:33 2026 (1782879693)
  Stop:     Wed Jul  1 12:25:22 2026 (1782879922)
  Elapsed:  00:03:49 (229)
  Reported: 221 278282000 221.278282
 Success 458.sjeng base ref ratio=54.68, runtime=221.278282

-----------------------------------
  Running (#1) 462.libquantum ref base infra-rsan-orig-wo-check_O2 default
Commands to run: 
    -C /home/hahafish/speccpu2006/benchspec/CPU2006/462.libquantum/run/run_base_ref_infra-rsan-orig-wo-check_O2.0000
    -o ref.out -e ref.err ../run_base_ref_infra-rsan-orig-wo-check_O2.0000/libquantum_base.infra-rsan-orig-wo-check_O2 1397 8
Specinvoke: /media/hahafish/Data/ForUbuntu/speccpu2006/bin/specinvoke -d /home/hahafish/speccpu2006/benchspec/CPU2006/462.libquantum/run/run_base_ref_infra-rsan-orig-wo-check_O2.0000 -e speccmds.err -o speccmds.stdout -f speccmds.cmd -C
Issuing command '/media/hahafish/Data/ForUbuntu/speccpu2006/bin/specinvoke -d /home/hahafish/speccpu2006/benchspec/CPU2006/462.libquantum/run/run_base_ref_infra-rsan-orig-wo-check_O2.0000 -e speccmds.err -o speccmds.stdout -f speccmds.cmd -C'
Start command: Wed Jul  1 12:25:24 2026 (1782879924)
Stop command: Wed Jul  1 12:29:12 2026 (1782880152)
Elapsed time for command: 00:03:48 (228)
Workload elapsed time (0:1) = 219.208782 seconds
copy 0 finished @ Wed Jul  1 12:29:04 2026.  Total elapsed time: 219.208782
comparing files in '/home/hahafish/speccpu2006/benchspec/CPU2006/462.libquantum/run/run_base_ref_infra-rsan-orig-wo-check_O2.0000'
comparing 'ref.out' with abstol=, binary=, calctol=0, cw=, floatcompare=, ignorecase=, obiwan=1, reltol=, skipabstol=, skipobiwan=, skipreltol=, skiptol=
Specinvoke: /media/hahafish/Data/ForUbuntu/speccpu2006/bin/specinvoke -E -d /home/hahafish/speccpu2006/benchspec/CPU2006/462.libquantum/run/run_base_ref_infra-rsan-orig-wo-check_O2.0000 -c 1 -e compare.err -o compare.stdout -f compare.cmd
Issuing command '/media/hahafish/Data/ForUbuntu/speccpu2006/bin/specinvoke -E -d /home/hahafish/speccpu2006/benchspec/CPU2006/462.libquantum/run/run_base_ref_infra-rsan-orig-wo-check_O2.0000 -c 1 -e compare.err -o compare.stdout -f compare.cmd'
Start command: Wed Jul  1 12:29:12 2026 (1782880152)
Stop command: Wed Jul  1 12:29:14 2026 (1782880154)
Elapsed time for command: 00:00:02 (2)
Benchmark Times:
  Start:    Wed Jul  1 12:25:24 2026 (1782879924)
  Stop:     Wed Jul  1 12:29:12 2026 (1782880152)
  Elapsed:  00:03:48 (228)
  Reported: 219 208822000 219.208822
 Success 462.libquantum base ref ratio=94.52, runtime=219.208822

-----------------------------------
  Running (#1) 464.h264ref ref base infra-rsan-orig-wo-check_O2 default
Commands to run: 
    -C /media/hahafish/Data/ForUbuntu/speccpu2006/benchspec/CPU2006/464.h264ref/run/run_base_ref_infra-rsan-orig-wo-check_O2.0000
    -o foreman_ref_baseline_encodelog.out -e foreman_ref_baseline_encodelog.err ../run_base_ref_infra-rsan-orig-wo-check_O2.0000/h264ref_base.infra-rsan-orig-wo-check_O2 -d foreman_ref_encoder_baseline.cfg
    -o foreman_ref_main_encodelog.out -e foreman_ref_main_encodelog.err ../run_base_ref_infra-rsan-orig-wo-check_O2.0000/h264ref_base.infra-rsan-orig-wo-check_O2 -d foreman_ref_encoder_main.cfg
    -o sss_main_encodelog.out -e sss_main_encodelog.err ../run_base_ref_infra-rsan-orig-wo-check_O2.0000/h264ref_base.infra-rsan-orig-wo-check_O2 -d sss_encoder_main.cfg
Specinvoke: /media/hahafish/Data/ForUbuntu/speccpu2006/bin/specinvoke -d /media/hahafish/Data/ForUbuntu/speccpu2006/benchspec/CPU2006/464.h264ref/run/run_base_ref_infra-rsan-orig-wo-check_O2.0000 -e speccmds.err -o speccmds.stdout -f speccmds.cmd -C
Issuing command '/media/hahafish/Data/ForUbuntu/speccpu2006/bin/specinvoke -d /media/hahafish/Data/ForUbuntu/speccpu2006/benchspec/CPU2006/464.h264ref/run/run_base_ref_infra-rsan-orig-wo-check_O2.0000 -e speccmds.err -o speccmds.stdout -f speccmds.cmd -C'
Start command: Wed Jul  1 12:29:14 2026 (1782880154)
Stop command: Wed Jul  1 12:31:59 2026 (1782880319)
Elapsed time for command: 00:02:45 (165)
Workload elapsed time (0:1) = 21.699161 seconds
Workload elapsed time (0:2) = 14.379342 seconds
Workload elapsed time (0:3) = 121.208587 seconds
copy 0 finished @ Wed Jul  1 12:31:51 2026.  Total elapsed time: 157.28709
comparing files in '/media/hahafish/Data/ForUbuntu/speccpu2006/benchspec/CPU2006/464.h264ref/run/run_base_ref_infra-rsan-orig-wo-check_O2.0000'
comparing 'foreman_ref_baseline_encodelog.out' with abstol=, binary=, calctol=0, cw=1, floatcompare=1, ignorecase=, obiwan=, reltol=, skipabstol=, skipobiwan=, skipreltol=, skiptol=
comparing 'foreman_ref_baseline_leakybucketparam.cfg' with abstol=, binary=1, calctol=0, cw=1, floatcompare=1, ignorecase=, obiwan=, reltol=, skipabstol=, skipobiwan=, skipreltol=, skiptol=
comparing 'foreman_ref_main_encodelog.out' with abstol=, binary=, calctol=0, cw=1, floatcompare=1, ignorecase=, obiwan=, reltol=, skipabstol=, skipobiwan=, skipreltol=, skiptol=
comparing 'foreman_ref_main_leakybucketparam.cfg' with abstol=, binary=1, calctol=0, cw=1, floatcompare=1, ignorecase=, obiwan=, reltol=, skipabstol=, skipobiwan=, skipreltol=, skiptol=
comparing 'sss_main_encodelog.out' with abstol=, binary=, calctol=0, cw=1, floatcompare=1, ignorecase=, obiwan=, reltol=, skipabstol=, skipobiwan=, skipreltol=, skiptol=
comparing 'sss_main_leakybucketparam.cfg' with abstol=, binary=1, calctol=0, cw=1, floatcompare=1, ignorecase=, obiwan=, reltol=, skipabstol=, skipobiwan=, skipreltol=, skiptol=
Specinvoke: /media/hahafish/Data/ForUbuntu/speccpu2006/bin/specinvoke -E -d /media/hahafish/Data/ForUbuntu/speccpu2006/benchspec/CPU2006/464.h264ref/run/run_base_ref_infra-rsan-orig-wo-check_O2.0000 -c 1 -e compare.err -o compare.stdout -f compare.cmd
Issuing command '/media/hahafish/Data/ForUbuntu/speccpu2006/bin/specinvoke -E -d /media/hahafish/Data/ForUbuntu/speccpu2006/benchspec/CPU2006/464.h264ref/run/run_base_ref_infra-rsan-orig-wo-check_O2.0000 -c 1 -e compare.err -o compare.stdout -f compare.cmd'
Start command: Wed Jul  1 12:31:59 2026 (1782880319)
Stop command: Wed Jul  1 12:32:01 2026 (1782880321)
Elapsed time for command: 00:00:02 (2)
Benchmark Times:
  Start:    Wed Jul  1 12:29:14 2026 (1782880154)
  Stop:     Wed Jul  1 12:31:59 2026 (1782880319)
  Elapsed:  00:02:45 (165)
  Reported: 157 287149000 157.287149
 Success 464.h264ref base ref ratio=140.70, runtime=157.287149

-----------------------------------
  Running (#1) 470.lbm ref base infra-rsan-orig-wo-check_O2 default
Commands to run: 
    -C /media/hahafish/Data/ForUbuntu/speccpu2006/benchspec/CPU2006/470.lbm/run/run_base_ref_infra-rsan-orig-wo-check_O2.0000
    -o lbm.out -e lbm.err ../run_base_ref_infra-rsan-orig-wo-check_O2.0000/lbm_base.infra-rsan-orig-wo-check_O2 3000 reference.dat 0 0 100_100_130_ldc.of
Specinvoke: /media/hahafish/Data/ForUbuntu/speccpu2006/bin/specinvoke -d /media/hahafish/Data/ForUbuntu/speccpu2006/benchspec/CPU2006/470.lbm/run/run_base_ref_infra-rsan-orig-wo-check_O2.0000 -e speccmds.err -o speccmds.stdout -f speccmds.cmd -C
Issuing command '/media/hahafish/Data/ForUbuntu/speccpu2006/bin/specinvoke -d /media/hahafish/Data/ForUbuntu/speccpu2006/benchspec/CPU2006/470.lbm/run/run_base_ref_infra-rsan-orig-wo-check_O2.0000 -e speccmds.err -o speccmds.stdout -f speccmds.cmd -C'
Start command: Wed Jul  1 12:32:01 2026 (1782880321)
Stop command: Wed Jul  1 12:33:47 2026 (1782880427)
Elapsed time for command: 00:01:46 (106)
Workload elapsed time (0:1) = 98.278439 seconds
copy 0 finished @ Wed Jul  1 12:33:39 2026.  Total elapsed time: 98.278439
comparing files in '/media/hahafish/Data/ForUbuntu/speccpu2006/benchspec/CPU2006/470.lbm/run/run_base_ref_infra-rsan-orig-wo-check_O2.0000'
comparing 'lbm.out' with abstol=1e-07, binary=, calctol=0, cw=, floatcompare=, ignorecase=, obiwan=, reltol=, skipabstol=, skipobiwan=, skipreltol=, skiptol=
Specinvoke: /media/hahafish/Data/ForUbuntu/speccpu2006/bin/specinvoke -E -d /media/hahafish/Data/ForUbuntu/speccpu2006/benchspec/CPU2006/470.lbm/run/run_base_ref_infra-rsan-orig-wo-check_O2.0000 -c 1 -e compare.err -o compare.stdout -f compare.cmd
Issuing command '/media/hahafish/Data/ForUbuntu/speccpu2006/bin/specinvoke -E -d /media/hahafish/Data/ForUbuntu/speccpu2006/benchspec/CPU2006/470.lbm/run/run_base_ref_infra-rsan-orig-wo-check_O2.0000 -c 1 -e compare.err -o compare.stdout -f compare.cmd'
Start command: Wed Jul  1 12:33:47 2026 (1782880427)
Stop command: Wed Jul  1 12:33:49 2026 (1782880429)
Elapsed time for command: 00:00:02 (2)
Benchmark Times:
  Start:    Wed Jul  1 12:32:01 2026 (1782880321)
  Stop:     Wed Jul  1 12:33:47 2026 (1782880427)
  Elapsed:  00:01:46 (106)
  Reported: 98 278469000 98.278469
 Success 470.lbm base ref ratio=139.81, runtime=98.278469

-----------------------------------
  Running (#1) 471.omnetpp ref base infra-rsan-orig-wo-check_O2 default
Commands to run: 
    -C /media/hahafish/Data/ForUbuntu/speccpu2006/benchspec/CPU2006/471.omnetpp/run/run_base_ref_infra-rsan-orig-wo-check_O2.0000
    -o omnetpp.log -e omnetpp.err ../run_base_ref_infra-rsan-orig-wo-check_O2.0000/omnetpp_base.infra-rsan-orig-wo-check_O2 omnetpp.ini
Specinvoke: /media/hahafish/Data/ForUbuntu/speccpu2006/bin/specinvoke -d /media/hahafish/Data/ForUbuntu/speccpu2006/benchspec/CPU2006/471.omnetpp/run/run_base_ref_infra-rsan-orig-wo-check_O2.0000 -e speccmds.err -o speccmds.stdout -f speccmds.cmd -C
Issuing command '/media/hahafish/Data/ForUbuntu/speccpu2006/bin/specinvoke -d /media/hahafish/Data/ForUbuntu/speccpu2006/benchspec/CPU2006/471.omnetpp/run/run_base_ref_infra-rsan-orig-wo-check_O2.0000 -e speccmds.err -o speccmds.stdout -f speccmds.cmd -C'
Start command: Wed Jul  1 12:33:49 2026 (1782880429)
Stop command: Wed Jul  1 12:37:16 2026 (1782880636)
Elapsed time for command: 00:03:27 (207)
Workload elapsed time (0:1) = 198.18054 seconds
copy 0 finished @ Wed Jul  1 12:37:08 2026.  Total elapsed time: 198.18054
comparing files in '/media/hahafish/Data/ForUbuntu/speccpu2006/benchspec/CPU2006/471.omnetpp/run/run_base_ref_infra-rsan-orig-wo-check_O2.0000'
comparing 'omnetpp.log' with abstol=1e-06, binary=, calctol=0, cw=, floatcompare=, ignorecase=, obiwan=, reltol=1e-05, skipabstol=, skipobiwan=, skipreltol=, skiptol=
comparing 'omnetpp.sca' with abstol=1e-06, binary=, calctol=0, cw=, floatcompare=, ignorecase=, obiwan=, reltol=1e-05, skipabstol=, skipobiwan=, skipreltol=, skiptol=
Specinvoke: /media/hahafish/Data/ForUbuntu/speccpu2006/bin/specinvoke -E -d /media/hahafish/Data/ForUbuntu/speccpu2006/benchspec/CPU2006/471.omnetpp/run/run_base_ref_infra-rsan-orig-wo-check_O2.0000 -c 1 -e compare.err -o compare.stdout -f compare.cmd
Issuing command '/media/hahafish/Data/ForUbuntu/speccpu2006/bin/specinvoke -E -d /media/hahafish/Data/ForUbuntu/speccpu2006/benchspec/CPU2006/471.omnetpp/run/run_base_ref_infra-rsan-orig-wo-check_O2.0000 -c 1 -e compare.err -o compare.stdout -f compare.cmd'
Start command: Wed Jul  1 12:37:16 2026 (1782880636)
Stop command: Wed Jul  1 12:37:18 2026 (1782880638)
Elapsed time for command: 00:00:02 (2)
Benchmark Times:
  Start:    Wed Jul  1 12:33:49 2026 (1782880429)
  Stop:     Wed Jul  1 12:37:16 2026 (1782880636)
  Elapsed:  00:03:27 (207)
  Reported: 198 180580000 198.18058
 Success 471.omnetpp base ref ratio=31.54, runtime=198.180580

-----------------------------------
  Running (#1) 473.astar ref base infra-rsan-orig-wo-check_O2 default
Commands to run: 
    -C /home/hahafish/speccpu2006/benchspec/CPU2006/473.astar/run/run_base_ref_infra-rsan-orig-wo-check_O2.0000
    -o BigLakes2048.out -e BigLakes2048.err ../run_base_ref_infra-rsan-orig-wo-check_O2.0000/astar_base.infra-rsan-orig-wo-check_O2 BigLakes2048.cfg
    -o rivers.out -e rivers.err ../run_base_ref_infra-rsan-orig-wo-check_O2.0000/astar_base.infra-rsan-orig-wo-check_O2 rivers.cfg
Specinvoke: /media/hahafish/Data/ForUbuntu/speccpu2006/bin/specinvoke -d /home/hahafish/speccpu2006/benchspec/CPU2006/473.astar/run/run_base_ref_infra-rsan-orig-wo-check_O2.0000 -e speccmds.err -o speccmds.stdout -f speccmds.cmd -C
Issuing command '/media/hahafish/Data/ForUbuntu/speccpu2006/bin/specinvoke -d /home/hahafish/speccpu2006/benchspec/CPU2006/473.astar/run/run_base_ref_infra-rsan-orig-wo-check_O2.0000 -e speccmds.err -o speccmds.stdout -f speccmds.cmd -C'
Start command: Wed Jul  1 12:37:18 2026 (1782880638)
Stop command: Wed Jul  1 12:40:20 2026 (1782880820)
Elapsed time for command: 00:03:02 (182)
Workload elapsed time (0:1) = 64.394322 seconds
Workload elapsed time (0:2) = 110.243069 seconds
copy 0 finished @ Wed Jul  1 12:40:12 2026.  Total elapsed time: 174.637391
comparing files in '/home/hahafish/speccpu2006/benchspec/CPU2006/473.astar/run/run_base_ref_infra-rsan-orig-wo-check_O2.0000'
comparing 'BigLakes2048.out' with abstol=, binary=, calctol=0, cw=, floatcompare=, ignorecase=, obiwan=, reltol=0.001, skipabstol=, skipobiwan=, skipreltol=, skiptol=
comparing 'rivers.out' with abstol=, binary=, calctol=0, cw=, floatcompare=, ignorecase=, obiwan=, reltol=0.001, skipabstol=, skipobiwan=, skipreltol=, skiptol=
Specinvoke: /media/hahafish/Data/ForUbuntu/speccpu2006/bin/specinvoke -E -d /home/hahafish/speccpu2006/benchspec/CPU2006/473.astar/run/run_base_ref_infra-rsan-orig-wo-check_O2.0000 -c 1 -e compare.err -o compare.stdout -f compare.cmd
Issuing command '/media/hahafish/Data/ForUbuntu/speccpu2006/bin/specinvoke -E -d /home/hahafish/speccpu2006/benchspec/CPU2006/473.astar/run/run_base_ref_infra-rsan-orig-wo-check_O2.0000 -c 1 -e compare.err -o compare.stdout -f compare.cmd'
Start command: Wed Jul  1 12:40:20 2026 (1782880820)
Stop command: Wed Jul  1 12:40:22 2026 (1782880822)
Elapsed time for command: 00:00:02 (2)
Benchmark Times:
  Start:    Wed Jul  1 12:37:18 2026 (1782880638)
  Stop:     Wed Jul  1 12:40:20 2026 (1782880820)
  Elapsed:  00:03:02 (182)
  Reported: 174 637442000 174.637442
 Success 473.astar base ref ratio=40.20, runtime=174.637442

-----------------------------------
  Running (#1) 482.sphinx3 ref base infra-rsan-orig-wo-check_O2 default
Commands to run: 
    -C /home/hahafish/speccpu2006/benchspec/CPU2006/482.sphinx3/run/run_base_ref_infra-rsan-orig-wo-check_O2.0000
    -o an4.log -e an4.err ../run_base_ref_infra-rsan-orig-wo-check_O2.0000/sphinx_livepretend_base.infra-rsan-orig-wo-check_O2 ctlfile . args.an4
Specinvoke: /media/hahafish/Data/ForUbuntu/speccpu2006/bin/specinvoke -d /home/hahafish/speccpu2006/benchspec/CPU2006/482.sphinx3/run/run_base_ref_infra-rsan-orig-wo-check_O2.0000 -e speccmds.err -o speccmds.stdout -f speccmds.cmd -C
Issuing command '/media/hahafish/Data/ForUbuntu/speccpu2006/bin/specinvoke -d /home/hahafish/speccpu2006/benchspec/CPU2006/482.sphinx3/run/run_base_ref_infra-rsan-orig-wo-check_O2.0000 -e speccmds.err -o speccmds.stdout -f speccmds.cmd -C'
Start command: Wed Jul  1 12:40:22 2026 (1782880822)
Stop command: Wed Jul  1 12:43:07 2026 (1782880987)
Elapsed time for command: 00:02:45 (165)
Workload elapsed time (0:1) = 156.611434 seconds
copy 0 finished @ Wed Jul  1 12:42:59 2026.  Total elapsed time: 156.611434
comparing files in '/home/hahafish/speccpu2006/benchspec/CPU2006/482.sphinx3/run/run_base_ref_infra-rsan-orig-wo-check_O2.0000'
comparing 'an4.log' with abstol=, binary=, calctol=0, cw=, floatcompare=1, ignorecase=, obiwan=, reltol=0.001, skipabstol=, skipobiwan=, skipreltol=, skiptol=
comparing 'considered.out' with abstol=, binary=, calctol=0, cw=, floatcompare=1, ignorecase=, obiwan=, reltol=0.0004, skipabstol=, skipobiwan=, skipreltol=, skiptol=
comparing 'total_considered.out' with abstol=, binary=, calctol=0, cw=, floatcompare=1, ignorecase=, obiwan=, reltol=1e-06, skipabstol=, skipobiwan=, skipreltol=, skiptol=
Specinvoke: /media/hahafish/Data/ForUbuntu/speccpu2006/bin/specinvoke -E -d /home/hahafish/speccpu2006/benchspec/CPU2006/482.sphinx3/run/run_base_ref_infra-rsan-orig-wo-check_O2.0000 -c 1 -e compare.err -o compare.stdout -f compare.cmd
Issuing command '/media/hahafish/Data/ForUbuntu/speccpu2006/bin/specinvoke -E -d /home/hahafish/speccpu2006/benchspec/CPU2006/482.sphinx3/run/run_base_ref_infra-rsan-orig-wo-check_O2.0000 -c 1 -e compare.err -o compare.stdout -f compare.cmd'
Start command: Wed Jul  1 12:43:07 2026 (1782880987)
Stop command: Wed Jul  1 12:43:09 2026 (1782880989)
Elapsed time for command: 00:00:02 (2)
Benchmark Times:
  Start:    Wed Jul  1 12:40:22 2026 (1782880822)
  Stop:     Wed Jul  1 12:43:07 2026 (1782880987)
  Elapsed:  00:02:45 (165)
  Reported: 156 611479000 156.611479
 Success 482.sphinx3 base ref ratio=124.45, runtime=156.611479

-----------------------------------
  Running (#1) 483.xalancbmk ref base infra-rsan-orig-wo-check_O2 default
Commands to run: 
    -C /media/hahafish/Data/ForUbuntu/speccpu2006/benchspec/CPU2006/483.xalancbmk/run/run_base_ref_infra-rsan-orig-wo-check_O2.0000
    -o ref.out -e ref.err ../run_base_ref_infra-rsan-orig-wo-check_O2.0000/Xalan_base.infra-rsan-orig-wo-check_O2 -v t5.xml xalanc.xsl
Specinvoke: /media/hahafish/Data/ForUbuntu/speccpu2006/bin/specinvoke -d /media/hahafish/Data/ForUbuntu/speccpu2006/benchspec/CPU2006/483.xalancbmk/run/run_base_ref_infra-rsan-orig-wo-check_O2.0000 -e speccmds.err -o speccmds.stdout -f speccmds.cmd -C
Issuing command '/media/hahafish/Data/ForUbuntu/speccpu2006/bin/specinvoke -d /media/hahafish/Data/ForUbuntu/speccpu2006/benchspec/CPU2006/483.xalancbmk/run/run_base_ref_infra-rsan-orig-wo-check_O2.0000 -e speccmds.err -o speccmds.stdout -f speccmds.cmd -C'
Start command: Wed Jul  1 12:43:09 2026 (1782880989)
Stop command: Wed Jul  1 12:44:44 2026 (1782881084)
Elapsed time for command: 00:01:35 (95)
Workload elapsed time (0:1) = 86.772195 seconds
copy 0 finished @ Wed Jul  1 12:44:36 2026.  Total elapsed time: 86.772195
comparing files in '/media/hahafish/Data/ForUbuntu/speccpu2006/benchspec/CPU2006/483.xalancbmk/run/run_base_ref_infra-rsan-orig-wo-check_O2.0000'
comparing 'ref.out' with abstol=, binary=, calctol=0, cw=, floatcompare=, ignorecase=, obiwan=, reltol=, skipabstol=, skipobiwan=, skipreltol=, skiptol=
Specinvoke: /media/hahafish/Data/ForUbuntu/speccpu2006/bin/specinvoke -E -d /media/hahafish/Data/ForUbuntu/speccpu2006/benchspec/CPU2006/483.xalancbmk/run/run_base_ref_infra-rsan-orig-wo-check_O2.0000 -c 1 -e compare.err -o compare.stdout -f compare.cmd
Issuing command '/media/hahafish/Data/ForUbuntu/speccpu2006/bin/specinvoke -E -d /media/hahafish/Data/ForUbuntu/speccpu2006/benchspec/CPU2006/483.xalancbmk/run/run_base_ref_infra-rsan-orig-wo-check_O2.0000 -c 1 -e compare.err -o compare.stdout -f compare.cmd'
Start command: Wed Jul  1 12:44:44 2026 (1782881084)
Stop command: Wed Jul  1 12:44:46 2026 (1782881086)
Elapsed time for command: 00:00:02 (2)
Benchmark Times:
  Start:    Wed Jul  1 12:43:09 2026 (1782880989)
  Stop:     Wed Jul  1 12:44:44 2026 (1782881084)
  Elapsed:  00:01:35 (95)
  Reported: 86 772240000 86.77224
 Success 483.xalancbmk base ref ratio=79.52, runtime=86.772240

-----------------------------------
  Running (#2) 400.perlbench ref base infra-rsan-orig-wo-check_O2 default
Commands to run: 
    -C /media/hahafish/Data/ForUbuntu/speccpu2006/benchspec/CPU2006/400.perlbench/run/run_base_ref_infra-rsan-orig-wo-check_O2.0000
    -o checkspam.2500.5.25.11.150.1.1.1.1.out -e checkspam.2500.5.25.11.150.1.1.1.1.err ../run_base_ref_infra-rsan-orig-wo-check_O2.0000/perlbench_base.infra-rsan-orig-wo-check_O2 -I./lib checkspam.pl 2500 5 25 11 150 1 1 1 1
    -o diffmail.4.800.10.17.19.300.out -e diffmail.4.800.10.17.19.300.err ../run_base_ref_infra-rsan-orig-wo-check_O2.0000/perlbench_base.infra-rsan-orig-wo-check_O2 -I./lib diffmail.pl 4 800 10 17 19 300
    -o splitmail.1600.12.26.16.4500.out -e splitmail.1600.12.26.16.4500.err ../run_base_ref_infra-rsan-orig-wo-check_O2.0000/perlbench_base.infra-rsan-orig-wo-check_O2 -I./lib splitmail.pl 1600 12 26 16 4500
Specinvoke: /media/hahafish/Data/ForUbuntu/speccpu2006/bin/specinvoke -d /media/hahafish/Data/ForUbuntu/speccpu2006/benchspec/CPU2006/400.perlbench/run/run_base_ref_infra-rsan-orig-wo-check_O2.0000 -e speccmds.err -o speccmds.stdout -f speccmds.cmd -C
Issuing command '/media/hahafish/Data/ForUbuntu/speccpu2006/bin/specinvoke -d /media/hahafish/Data/ForUbuntu/speccpu2006/benchspec/CPU2006/400.perlbench/run/run_base_ref_infra-rsan-orig-wo-check_O2.0000 -e speccmds.err -o speccmds.stdout -f speccmds.cmd -C'
Start command: Wed Jul  1 12:44:46 2026 (1782881086)
Stop command: Wed Jul  1 12:48:16 2026 (1782881296)
Elapsed time for command: 00:03:30 (210)
Workload elapsed time (0:1) = 65.158216 seconds
Workload elapsed time (0:2) = 44.196643 seconds
Workload elapsed time (0:3) = 92.440767 seconds
copy 0 finished @ Wed Jul  1 12:48:08 2026.  Total elapsed time: 201.795626
comparing files in '/media/hahafish/Data/ForUbuntu/speccpu2006/benchspec/CPU2006/400.perlbench/run/run_base_ref_infra-rsan-orig-wo-check_O2.0000'
comparing 'checkspam.2500.5.25.11.150.1.1.1.1.out' with abstol=, binary=, calctol=0, cw=, floatcompare=, ignorecase=, obiwan=, reltol=, skipabstol=, skipobiwan=, skipreltol=, skiptol=
comparing 'diffmail.4.800.10.17.19.300.out' with abstol=, binary=, calctol=0, cw=, floatcompare=, ignorecase=, obiwan=, reltol=, skipabstol=, skipobiwan=, skipreltol=, skiptol=
comparing 'splitmail.1600.12.26.16.4500.out' with abstol=, binary=, calctol=0, cw=, floatcompare=, ignorecase=, obiwan=, reltol=, skipabstol=, skipobiwan=, skipreltol=, skiptol=
Specinvoke: /media/hahafish/Data/ForUbuntu/speccpu2006/bin/specinvoke -E -d /media/hahafish/Data/ForUbuntu/speccpu2006/benchspec/CPU2006/400.perlbench/run/run_base_ref_infra-rsan-orig-wo-check_O2.0000 -c 1 -e compare.err -o compare.stdout -f compare.cmd
Issuing command '/media/hahafish/Data/ForUbuntu/speccpu2006/bin/specinvoke -E -d /media/hahafish/Data/ForUbuntu/speccpu2006/benchspec/CPU2006/400.perlbench/run/run_base_ref_infra-rsan-orig-wo-check_O2.0000 -c 1 -e compare.err -o compare.stdout -f compare.cmd'
Start command: Wed Jul  1 12:48:16 2026 (1782881296)
Stop command: Wed Jul  1 12:48:18 2026 (1782881298)
Elapsed time for command: 00:00:02 (2)
Benchmark Times:
  Start:    Wed Jul  1 12:44:46 2026 (1782881086)
  Stop:     Wed Jul  1 12:48:16 2026 (1782881296)
  Elapsed:  00:03:30 (210)
  Reported: 201 795685000 201.795685
 Success 400.perlbench base ref ratio=48.42, runtime=201.795685

-----------------------------------
  Running (#2) 401.bzip2 ref base infra-rsan-orig-wo-check_O2 default
Commands to run: 
    -C /media/hahafish/Data/ForUbuntu/speccpu2006/benchspec/CPU2006/401.bzip2/run/run_base_ref_infra-rsan-orig-wo-check_O2.0000
    -o input.source.out -e input.source.err ../run_base_ref_infra-rsan-orig-wo-check_O2.0000/bzip2_base.infra-rsan-orig-wo-check_O2 input.source 280
    -o chicken.jpg.out -e chicken.jpg.err ../run_base_ref_infra-rsan-orig-wo-check_O2.0000/bzip2_base.infra-rsan-orig-wo-check_O2 chicken.jpg 30
    -o liberty.jpg.out -e liberty.jpg.err ../run_base_ref_infra-rsan-orig-wo-check_O2.0000/bzip2_base.infra-rsan-orig-wo-check_O2 liberty.jpg 30
    -o input.program.out -e input.program.err ../run_base_ref_infra-rsan-orig-wo-check_O2.0000/bzip2_base.infra-rsan-orig-wo-check_O2 input.program 280
    -o text.html.out -e text.html.err ../run_base_ref_infra-rsan-orig-wo-check_O2.0000/bzip2_base.infra-rsan-orig-wo-check_O2 text.html 280
    -o input.combined.out -e input.combined.err ../run_base_ref_infra-rsan-orig-wo-check_O2.0000/bzip2_base.infra-rsan-orig-wo-check_O2 input.combined 200
Specinvoke: /media/hahafish/Data/ForUbuntu/speccpu2006/bin/specinvoke -d /media/hahafish/Data/ForUbuntu/speccpu2006/benchspec/CPU2006/401.bzip2/run/run_base_ref_infra-rsan-orig-wo-check_O2.0000 -e speccmds.err -o speccmds.stdout -f speccmds.cmd -C
Issuing command '/media/hahafish/Data/ForUbuntu/speccpu2006/bin/specinvoke -d /media/hahafish/Data/ForUbuntu/speccpu2006/benchspec/CPU2006/401.bzip2/run/run_base_ref_infra-rsan-orig-wo-check_O2.0000 -e speccmds.err -o speccmds.stdout -f speccmds.cmd -C'
Start command: Wed Jul  1 12:48:18 2026 (1782881298)
Stop command: Wed Jul  1 12:51:50 2026 (1782881510)
Elapsed time for command: 00:03:32 (212)
Workload elapsed time (0:1) = 45.159763 seconds
Workload elapsed time (0:2) = 12.468641 seconds
Workload elapsed time (0:3) = 19.600512 seconds
Workload elapsed time (0:4) = 45.101642 seconds
Workload elapsed time (0:5) = 47.149471 seconds
Workload elapsed time (0:6) = 34.44105 seconds
copy 0 finished @ Wed Jul  1 12:51:42 2026.  Total elapsed time: 203.921079
comparing files in '/media/hahafish/Data/ForUbuntu/speccpu2006/benchspec/CPU2006/401.bzip2/run/run_base_ref_infra-rsan-orig-wo-check_O2.0000'
comparing 'chicken.jpg.out' with abstol=, binary=, calctol=0, cw=, floatcompare=, ignorecase=, obiwan=, reltol=, skipabstol=, skipobiwan=, skipreltol=, skiptol=
comparing 'input.combined.out' with abstol=, binary=, calctol=0, cw=, floatcompare=, ignorecase=, obiwan=, reltol=, skipabstol=, skipobiwan=, skipreltol=, skiptol=
comparing 'input.program.out' with abstol=, binary=, calctol=0, cw=, floatcompare=, ignorecase=, obiwan=, reltol=, skipabstol=, skipobiwan=, skipreltol=, skiptol=
comparing 'input.source.out' with abstol=, binary=, calctol=0, cw=, floatcompare=, ignorecase=, obiwan=, reltol=, skipabstol=, skipobiwan=, skipreltol=, skiptol=
comparing 'liberty.jpg.out' with abstol=, binary=, calctol=0, cw=, floatcompare=, ignorecase=, obiwan=, reltol=, skipabstol=, skipobiwan=, skipreltol=, skiptol=
comparing 'text.html.out' with abstol=, binary=, calctol=0, cw=, floatcompare=, ignorecase=, obiwan=, reltol=, skipabstol=, skipobiwan=, skipreltol=, skiptol=
Specinvoke: /media/hahafish/Data/ForUbuntu/speccpu2006/bin/specinvoke -E -d /media/hahafish/Data/ForUbuntu/speccpu2006/benchspec/CPU2006/401.bzip2/run/run_base_ref_infra-rsan-orig-wo-check_O2.0000 -c 1 -e compare.err -o compare.stdout -f compare.cmd
Issuing command '/media/hahafish/Data/ForUbuntu/speccpu2006/bin/specinvoke -E -d /media/hahafish/Data/ForUbuntu/speccpu2006/benchspec/CPU2006/401.bzip2/run/run_base_ref_infra-rsan-orig-wo-check_O2.0000 -c 1 -e compare.err -o compare.stdout -f compare.cmd'
Start command: Wed Jul  1 12:51:50 2026 (1782881510)
Stop command: Wed Jul  1 12:51:52 2026 (1782881512)
Elapsed time for command: 00:00:02 (2)
Benchmark Times:
  Start:    Wed Jul  1 12:48:18 2026 (1782881298)
  Stop:     Wed Jul  1 12:51:50 2026 (1782881510)
  Elapsed:  00:03:32 (212)
  Reported: 203 921164000 203.921164
 Success 401.bzip2 base ref ratio=47.32, runtime=203.921164

-----------------------------------
  Running (#2) 403.gcc ref base infra-rsan-orig-wo-check_O2 default
Commands to run: 
    -C /media/hahafish/Data/ForUbuntu/speccpu2006/benchspec/CPU2006/403.gcc/run/run_base_ref_infra-rsan-orig-wo-check_O2.0000
    -o 166.out -e 166.err ../run_base_ref_infra-rsan-orig-wo-check_O2.0000/gcc_base.infra-rsan-orig-wo-check_O2 166.i -o 166.s
    -o 200.out -e 200.err ../run_base_ref_infra-rsan-orig-wo-check_O2.0000/gcc_base.infra-rsan-orig-wo-check_O2 200.i -o 200.s
    -o c-typeck.out -e c-typeck.err ../run_base_ref_infra-rsan-orig-wo-check_O2.0000/gcc_base.infra-rsan-orig-wo-check_O2 c-typeck.i -o c-typeck.s
    -o cp-decl.out -e cp-decl.err ../run_base_ref_infra-rsan-orig-wo-check_O2.0000/gcc_base.infra-rsan-orig-wo-check_O2 cp-decl.i -o cp-decl.s
    -o expr.out -e expr.err ../run_base_ref_infra-rsan-orig-wo-check_O2.0000/gcc_base.infra-rsan-orig-wo-check_O2 expr.i -o expr.s
    -o expr2.out -e expr2.err ../run_base_ref_infra-rsan-orig-wo-check_O2.0000/gcc_base.infra-rsan-orig-wo-check_O2 expr2.i -o expr2.s
    -o g23.out -e g23.err ../run_base_ref_infra-rsan-orig-wo-check_O2.0000/gcc_base.infra-rsan-orig-wo-check_O2 g23.i -o g23.s
    -o s04.out -e s04.err ../run_base_ref_infra-rsan-orig-wo-check_O2.0000/gcc_base.infra-rsan-orig-wo-check_O2 s04.i -o s04.s
    -o scilab.out -e scilab.err ../run_base_ref_infra-rsan-orig-wo-check_O2.0000/gcc_base.infra-rsan-orig-wo-check_O2 scilab.i -o scilab.s
Specinvoke: /media/hahafish/Data/ForUbuntu/speccpu2006/bin/specinvoke -d /media/hahafish/Data/ForUbuntu/speccpu2006/benchspec/CPU2006/403.gcc/run/run_base_ref_infra-rsan-orig-wo-check_O2.0000 -e speccmds.err -o speccmds.stdout -f speccmds.cmd -C
Issuing command '/media/hahafish/Data/ForUbuntu/speccpu2006/bin/specinvoke -d /media/hahafish/Data/ForUbuntu/speccpu2006/benchspec/CPU2006/403.gcc/run/run_base_ref_infra-rsan-orig-wo-check_O2.0000 -e speccmds.err -o speccmds.stdout -f speccmds.cmd -C'
Start command: Wed Jul  1 12:51:52 2026 (1782881512)
Stop command: Wed Jul  1 12:56:36 2026 (1782881796)
Elapsed time for command: 00:04:44 (284)
Workload elapsed time (0:1) = 10.542617 seconds
Workload elapsed time (0:2) = 17.897319 seconds
Workload elapsed time (0:3) = 22.027448 seconds
Workload elapsed time (0:4) = 28.139839 seconds
Workload elapsed time (0:5) = 37.665487 seconds
Workload elapsed time (0:6) = 33.112339 seconds
Workload elapsed time (0:7) = 45.098319 seconds
Workload elapsed time (0:8) = 74.84821 seconds
Workload elapsed time (0:9) = 5.874487 seconds
copy 0 finished @ Wed Jul  1 12:56:28 2026.  Total elapsed time: 275.206065
comparing files in '/media/hahafish/Data/ForUbuntu/speccpu2006/benchspec/CPU2006/403.gcc/run/run_base_ref_infra-rsan-orig-wo-check_O2.0000'
comparing '166.s' with abstol=, binary=, calctol=0, cw=, floatcompare=, ignorecase=, obiwan=, reltol=, skipabstol=, skipobiwan=, skipreltol=, skiptol=
comparing '200.s' with abstol=, binary=, calctol=0, cw=, floatcompare=, ignorecase=, obiwan=, reltol=, skipabstol=, skipobiwan=, skipreltol=, skiptol=
comparing 'c-typeck.s' with abstol=, binary=, calctol=0, cw=, floatcompare=, ignorecase=, obiwan=, reltol=, skipabstol=, skipobiwan=, skipreltol=, skiptol=
comparing 'cp-decl.s' with abstol=, binary=, calctol=0, cw=, floatcompare=, ignorecase=, obiwan=, reltol=, skipabstol=, skipobiwan=, skipreltol=, skiptol=
comparing 'expr.s' with abstol=, binary=, calctol=0, cw=, floatcompare=, ignorecase=, obiwan=, reltol=, skipabstol=, skipobiwan=, skipreltol=, skiptol=
comparing 'expr2.s' with abstol=, binary=, calctol=0, cw=, floatcompare=, ignorecase=, obiwan=, reltol=, skipabstol=, skipobiwan=, skipreltol=, skiptol=
comparing 'g23.s' with abstol=, binary=, calctol=0, cw=, floatcompare=, ignorecase=, obiwan=, reltol=, skipabstol=, skipobiwan=, skipreltol=, skiptol=
comparing 's04.s' with abstol=, binary=, calctol=0, cw=, floatcompare=, ignorecase=, obiwan=, reltol=, skipabstol=, skipobiwan=, skipreltol=, skiptol=
comparing 'scilab.s' with abstol=, binary=, calctol=0, cw=, floatcompare=, ignorecase=, obiwan=, reltol=, skipabstol=, skipobiwan=, skipreltol=, skiptol=
Specinvoke: /media/hahafish/Data/ForUbuntu/speccpu2006/bin/specinvoke -E -d /media/hahafish/Data/ForUbuntu/speccpu2006/benchspec/CPU2006/403.gcc/run/run_base_ref_infra-rsan-orig-wo-check_O2.0000 -c 1 -e compare.err -o compare.stdout -f compare.cmd
Issuing command '/media/hahafish/Data/ForUbuntu/speccpu2006/bin/specinvoke -E -d /media/hahafish/Data/ForUbuntu/speccpu2006/benchspec/CPU2006/403.gcc/run/run_base_ref_infra-rsan-orig-wo-check_O2.0000 -c 1 -e compare.err -o compare.stdout -f compare.cmd'
Start command: Wed Jul  1 12:56:36 2026 (1782881796)
Stop command: Wed Jul  1 12:56:38 2026 (1782881798)
Elapsed time for command: 00:00:02 (2)
Benchmark Times:
  Start:    Wed Jul  1 12:51:52 2026 (1782881512)
  Stop:     Wed Jul  1 12:56:36 2026 (1782881796)
  Elapsed:  00:04:44 (284)
  Reported: 275 206202000 275.206202
 Success 403.gcc base ref ratio=29.25, runtime=275.206202

-----------------------------------
  Running (#2) 429.mcf ref base infra-rsan-orig-wo-check_O2 default
Commands to run: 
    -C /home/hahafish/speccpu2006/benchspec/CPU2006/429.mcf/run/run_base_ref_infra-rsan-orig-wo-check_O2.0000
    -o inp.out -e inp.err ../run_base_ref_infra-rsan-orig-wo-check_O2.0000/mcf_base.infra-rsan-orig-wo-check_O2 inp.in
Specinvoke: /media/hahafish/Data/ForUbuntu/speccpu2006/bin/specinvoke -d /home/hahafish/speccpu2006/benchspec/CPU2006/429.mcf/run/run_base_ref_infra-rsan-orig-wo-check_O2.0000 -e speccmds.err -o speccmds.stdout -f speccmds.cmd -C
Issuing command '/media/hahafish/Data/ForUbuntu/speccpu2006/bin/specinvoke -d /home/hahafish/speccpu2006/benchspec/CPU2006/429.mcf/run/run_base_ref_infra-rsan-orig-wo-check_O2.0000 -e speccmds.err -o speccmds.stdout -f speccmds.cmd -C'
Start command: Wed Jul  1 12:56:38 2026 (1782881798)
Stop command: Wed Jul  1 12:58:41 2026 (1782881921)
Elapsed time for command: 00:02:03 (123)
Workload elapsed time (0:1) = 115.206782 seconds
copy 0 finished @ Wed Jul  1 12:58:33 2026.  Total elapsed time: 115.206782
comparing files in '/home/hahafish/speccpu2006/benchspec/CPU2006/429.mcf/run/run_base_ref_infra-rsan-orig-wo-check_O2.0000'
comparing 'inp.out' with abstol=, binary=, calctol=0, cw=, floatcompare=, ignorecase=, obiwan=, reltol=, skipabstol=, skipobiwan=, skipreltol=, skiptol=
comparing 'mcf.out' with abstol=, binary=, calctol=0, cw=, floatcompare=, ignorecase=, obiwan=, reltol=, skipabstol=, skipobiwan=, skipreltol=, skiptol=
Specinvoke: /media/hahafish/Data/ForUbuntu/speccpu2006/bin/specinvoke -E -d /home/hahafish/speccpu2006/benchspec/CPU2006/429.mcf/run/run_base_ref_infra-rsan-orig-wo-check_O2.0000 -c 1 -e compare.err -o compare.stdout -f compare.cmd
Issuing command '/media/hahafish/Data/ForUbuntu/speccpu2006/bin/specinvoke -E -d /home/hahafish/speccpu2006/benchspec/CPU2006/429.mcf/run/run_base_ref_infra-rsan-orig-wo-check_O2.0000 -c 1 -e compare.err -o compare.stdout -f compare.cmd'
Start command: Wed Jul  1 12:58:41 2026 (1782881921)
Stop command: Wed Jul  1 12:58:43 2026 (1782881923)
Elapsed time for command: 00:00:02 (2)
Benchmark Times:
  Start:    Wed Jul  1 12:56:38 2026 (1782881798)
  Stop:     Wed Jul  1 12:58:41 2026 (1782881921)
  Elapsed:  00:02:03 (123)
  Reported: 115 206825000 115.206825
 Success 429.mcf base ref ratio=79.16, runtime=115.206825

-----------------------------------
  Running (#2) 433.milc ref base infra-rsan-orig-wo-check_O2 default
Commands to run: 
    -C /home/hahafish/speccpu2006/benchspec/CPU2006/433.milc/run/run_base_ref_infra-rsan-orig-wo-check_O2.0000
    -i su3imp.in -o su3imp.out -e su3imp.err ../run_base_ref_infra-rsan-orig-wo-check_O2.0000/milc_base.infra-rsan-orig-wo-check_O2
Specinvoke: /media/hahafish/Data/ForUbuntu/speccpu2006/bin/specinvoke -d /home/hahafish/speccpu2006/benchspec/CPU2006/433.milc/run/run_base_ref_infra-rsan-orig-wo-check_O2.0000 -e speccmds.err -o speccmds.stdout -f speccmds.cmd -C
Issuing command '/media/hahafish/Data/ForUbuntu/speccpu2006/bin/specinvoke -d /home/hahafish/speccpu2006/benchspec/CPU2006/433.milc/run/run_base_ref_infra-rsan-orig-wo-check_O2.0000 -e speccmds.err -o speccmds.stdout -f speccmds.cmd -C'
Start command: Wed Jul  1 12:58:43 2026 (1782881923)
Stop command: Wed Jul  1 13:01:44 2026 (1782882104)
Elapsed time for command: 00:03:01 (181)
Workload elapsed time (0:1) = 173.14121 seconds
copy 0 finished @ Wed Jul  1 13:01:36 2026.  Total elapsed time: 173.14121
comparing files in '/home/hahafish/speccpu2006/benchspec/CPU2006/433.milc/run/run_base_ref_infra-rsan-orig-wo-check_O2.0000'
comparing 'su3imp.out' with abstol=2e-07, binary=, calctol=0, cw=, floatcompare=, ignorecase=, obiwan=, reltol=0.0001, skipabstol=, skipobiwan=, skipreltol=, skiptol=
Specinvoke: /media/hahafish/Data/ForUbuntu/speccpu2006/bin/specinvoke -E -d /home/hahafish/speccpu2006/benchspec/CPU2006/433.milc/run/run_base_ref_infra-rsan-orig-wo-check_O2.0000 -c 1 -e compare.err -o compare.stdout -f compare.cmd
Issuing command '/media/hahafish/Data/ForUbuntu/speccpu2006/bin/specinvoke -E -d /home/hahafish/speccpu2006/benchspec/CPU2006/433.milc/run/run_base_ref_infra-rsan-orig-wo-check_O2.0000 -c 1 -e compare.err -o compare.stdout -f compare.cmd'
Start command: Wed Jul  1 13:01:44 2026 (1782882104)
Stop command: Wed Jul  1 13:01:46 2026 (1782882106)
Elapsed time for command: 00:00:02 (2)
Benchmark Times:
  Start:    Wed Jul  1 12:58:43 2026 (1782881923)
  Stop:     Wed Jul  1 13:01:44 2026 (1782882104)
  Elapsed:  00:03:01 (181)
  Reported: 173 141255000 173.141255
 Success 433.milc base ref ratio=53.02, runtime=173.141255

-----------------------------------
  Running (#2) 444.namd ref base infra-rsan-orig-wo-check_O2 default
Commands to run: 
    -C /media/hahafish/Data/ForUbuntu/speccpu2006/benchspec/CPU2006/444.namd/run/run_base_ref_infra-rsan-orig-wo-check_O2.0000
    -o namd.stdout -e namd.err ../run_base_ref_infra-rsan-orig-wo-check_O2.0000/namd_base.infra-rsan-orig-wo-check_O2 --input namd.input --iterations 38 --output namd.out 
Specinvoke: /media/hahafish/Data/ForUbuntu/speccpu2006/bin/specinvoke -d /media/hahafish/Data/ForUbuntu/speccpu2006/benchspec/CPU2006/444.namd/run/run_base_ref_infra-rsan-orig-wo-check_O2.0000 -e speccmds.err -o speccmds.stdout -f speccmds.cmd -C
Issuing command '/media/hahafish/Data/ForUbuntu/speccpu2006/bin/specinvoke -d /media/hahafish/Data/ForUbuntu/speccpu2006/benchspec/CPU2006/444.namd/run/run_base_ref_infra-rsan-orig-wo-check_O2.0000 -e speccmds.err -o speccmds.stdout -f speccmds.cmd -C'
Start command: Wed Jul  1 13:01:46 2026 (1782882106)
Stop command: Wed Jul  1 13:03:47 2026 (1782882227)
Elapsed time for command: 00:02:01 (121)
Workload elapsed time (0:1) = 113.010445 seconds
copy 0 finished @ Wed Jul  1 13:03:39 2026.  Total elapsed time: 113.010445
comparing files in '/media/hahafish/Data/ForUbuntu/speccpu2006/benchspec/CPU2006/444.namd/run/run_base_ref_infra-rsan-orig-wo-check_O2.0000'
comparing 'namd.out' with abstol=1e-05, binary=, calctol=0, cw=, floatcompare=, ignorecase=, obiwan=, reltol=, skipabstol=, skipobiwan=, skipreltol=, skiptol=
Specinvoke: /media/hahafish/Data/ForUbuntu/speccpu2006/bin/specinvoke -E -d /media/hahafish/Data/ForUbuntu/speccpu2006/benchspec/CPU2006/444.namd/run/run_base_ref_infra-rsan-orig-wo-check_O2.0000 -c 1 -e compare.err -o compare.stdout -f compare.cmd
Issuing command '/media/hahafish/Data/ForUbuntu/speccpu2006/bin/specinvoke -E -d /media/hahafish/Data/ForUbuntu/speccpu2006/benchspec/CPU2006/444.namd/run/run_base_ref_infra-rsan-orig-wo-check_O2.0000 -c 1 -e compare.err -o compare.stdout -f compare.cmd'
Start command: Wed Jul  1 13:03:47 2026 (1782882227)
Stop command: Wed Jul  1 13:03:49 2026 (1782882229)
Elapsed time for command: 00:00:02 (2)
Benchmark Times:
  Start:    Wed Jul  1 13:01:46 2026 (1782882106)
  Stop:     Wed Jul  1 13:03:47 2026 (1782882227)
  Elapsed:  00:02:01 (121)
  Reported: 113 10485000 113.010485
 Success 444.namd base ref ratio=70.97, runtime=113.010485

-----------------------------------
  Running (#2) 445.gobmk ref base infra-rsan-orig-wo-check_O2 default
Commands to run: 
    -C /home/hahafish/speccpu2006/benchspec/CPU2006/445.gobmk/run/run_base_ref_infra-rsan-orig-wo-check_O2.0000
    -i 13x13.tst -o 13x13.out -e 13x13.err ../run_base_ref_infra-rsan-orig-wo-check_O2.0000/gobmk_base.infra-rsan-orig-wo-check_O2 --quiet --mode gtp
    -i nngs.tst -o nngs.out -e nngs.err ../run_base_ref_infra-rsan-orig-wo-check_O2.0000/gobmk_base.infra-rsan-orig-wo-check_O2 --quiet --mode gtp
    -i score2.tst -o score2.out -e score2.err ../run_base_ref_infra-rsan-orig-wo-check_O2.0000/gobmk_base.infra-rsan-orig-wo-check_O2 --quiet --mode gtp
    -i trevorc.tst -o trevorc.out -e trevorc.err ../run_base_ref_infra-rsan-orig-wo-check_O2.0000/gobmk_base.infra-rsan-orig-wo-check_O2 --quiet --mode gtp
    -i trevord.tst -o trevord.out -e trevord.err ../run_base_ref_infra-rsan-orig-wo-check_O2.0000/gobmk_base.infra-rsan-orig-wo-check_O2 --quiet --mode gtp
Specinvoke: /media/hahafish/Data/ForUbuntu/speccpu2006/bin/specinvoke -d /home/hahafish/speccpu2006/benchspec/CPU2006/445.gobmk/run/run_base_ref_infra-rsan-orig-wo-check_O2.0000 -e speccmds.err -o speccmds.stdout -f speccmds.cmd -C
Issuing command '/media/hahafish/Data/ForUbuntu/speccpu2006/bin/specinvoke -d /home/hahafish/speccpu2006/benchspec/CPU2006/445.gobmk/run/run_base_ref_infra-rsan-orig-wo-check_O2.0000 -e speccmds.err -o speccmds.stdout -f speccmds.cmd -C'
Start command: Wed Jul  1 13:03:50 2026 (1782882230)
Stop command: Wed Jul  1 13:06:53 2026 (1782882413)
Elapsed time for command: 00:03:03 (183)
Workload elapsed time (0:1) = 25.215958 seconds
Workload elapsed time (0:2) = 62.44312 seconds
Workload elapsed time (0:3) = 31.137761 seconds
Workload elapsed time (0:4) = 24.496613 seconds
Workload elapsed time (0:5) = 31.630029 seconds
copy 0 finished @ Wed Jul  1 13:06:45 2026.  Total elapsed time: 174.923481
comparing files in '/home/hahafish/speccpu2006/benchspec/CPU2006/445.gobmk/run/run_base_ref_infra-rsan-orig-wo-check_O2.0000'
comparing '13x13.out' with abstol=, binary=, calctol=0, cw=, floatcompare=, ignorecase=, obiwan=, reltol=, skipabstol=, skipobiwan=, skipreltol=, skiptol=
comparing 'nngs.out' with abstol=, binary=, calctol=0, cw=, floatcompare=, ignorecase=, obiwan=, reltol=, skipabstol=, skipobiwan=, skipreltol=, skiptol=
comparing 'score2.out' with abstol=, binary=, calctol=0, cw=, floatcompare=, ignorecase=, obiwan=, reltol=, skipabstol=, skipobiwan=, skipreltol=, skiptol=
comparing 'trevorc.out' with abstol=, binary=, calctol=0, cw=, floatcompare=, ignorecase=, obiwan=, reltol=, skipabstol=, skipobiwan=, skipreltol=, skiptol=
comparing 'trevord.out' with abstol=, binary=, calctol=0, cw=, floatcompare=, ignorecase=, obiwan=, reltol=, skipabstol=, skipobiwan=, skipreltol=, skiptol=
Specinvoke: /media/hahafish/Data/ForUbuntu/speccpu2006/bin/specinvoke -E -d /home/hahafish/speccpu2006/benchspec/CPU2006/445.gobmk/run/run_base_ref_infra-rsan-orig-wo-check_O2.0000 -c 1 -e compare.err -o compare.stdout -f compare.cmd
Issuing command '/media/hahafish/Data/ForUbuntu/speccpu2006/bin/specinvoke -E -d /home/hahafish/speccpu2006/benchspec/CPU2006/445.gobmk/run/run_base_ref_infra-rsan-orig-wo-check_O2.0000 -c 1 -e compare.err -o compare.stdout -f compare.cmd'
Start command: Wed Jul  1 13:06:53 2026 (1782882413)
Stop command: Wed Jul  1 13:06:55 2026 (1782882415)
Elapsed time for command: 00:00:02 (2)
Benchmark Times:
  Start:    Wed Jul  1 13:03:50 2026 (1782882230)
  Stop:     Wed Jul  1 13:06:53 2026 (1782882413)
  Elapsed:  00:03:03 (183)
  Reported: 174 923552000 174.923552
 Success 445.gobmk base ref ratio=59.97, runtime=174.923552

-----------------------------------
  Running (#2) 447.dealII ref base infra-rsan-orig-wo-check_O2 default
Commands to run: 
    -C /media/hahafish/Data/ForUbuntu/speccpu2006/benchspec/CPU2006/447.dealII/run/run_base_ref_infra-rsan-orig-wo-check_O2.0000
    -o log -e dealII.err ../run_base_ref_infra-rsan-orig-wo-check_O2.0000/dealII_base.infra-rsan-orig-wo-check_O2 23
Specinvoke: /media/hahafish/Data/ForUbuntu/speccpu2006/bin/specinvoke -d /media/hahafish/Data/ForUbuntu/speccpu2006/benchspec/CPU2006/447.dealII/run/run_base_ref_infra-rsan-orig-wo-check_O2.0000 -e speccmds.err -o speccmds.stdout -f speccmds.cmd -C
Issuing command '/media/hahafish/Data/ForUbuntu/speccpu2006/bin/specinvoke -d /media/hahafish/Data/ForUbuntu/speccpu2006/benchspec/CPU2006/447.dealII/run/run_base_ref_infra-rsan-orig-wo-check_O2.0000 -e speccmds.err -o speccmds.stdout -f speccmds.cmd -C'
Start command: Wed Jul  1 13:06:55 2026 (1782882415)
Stop command: Wed Jul  1 13:08:42 2026 (1782882522)
Elapsed time for command: 00:01:47 (107)
Workload elapsed time (0:1) = 99.561017 seconds
copy 0 finished @ Wed Jul  1 13:08:34 2026.  Total elapsed time: 99.561017
comparing files in '/media/hahafish/Data/ForUbuntu/speccpu2006/benchspec/CPU2006/447.dealII/run/run_base_ref_infra-rsan-orig-wo-check_O2.0000'
comparing 'grid-0.eps' with abstol=1e-07, binary=, calctol=0, cw=, floatcompare=, ignorecase=, obiwan=, reltol=, skipabstol=, skipobiwan=, skipreltol=, skiptol=
comparing 'grid-1.eps' with abstol=1e-07, binary=, calctol=0, cw=, floatcompare=, ignorecase=, obiwan=, reltol=, skipabstol=, skipobiwan=, skipreltol=, skiptol=
comparing 'grid-2.eps' with abstol=1e-07, binary=, calctol=0, cw=, floatcompare=, ignorecase=, obiwan=, reltol=, skipabstol=, skipobiwan=, skipreltol=, skiptol=
comparing 'grid-3.eps' with abstol=1e-07, binary=, calctol=0, cw=, floatcompare=, ignorecase=, obiwan=, reltol=, skipabstol=, skipobiwan=, skipreltol=, skiptol=
comparing 'grid-4.eps' with abstol=1e-07, binary=, calctol=0, cw=, floatcompare=, ignorecase=, obiwan=, reltol=, skipabstol=, skipobiwan=, skipreltol=, skiptol=
comparing 'grid-5.eps' with abstol=1e-07, binary=, calctol=0, cw=, floatcompare=, ignorecase=, obiwan=, reltol=, skipabstol=, skipobiwan=, skipreltol=, skiptol=
comparing 'grid-6.eps' with abstol=1e-07, binary=, calctol=0, cw=, floatcompare=, ignorecase=, obiwan=, reltol=, skipabstol=, skipobiwan=, skipreltol=, skiptol=
comparing 'grid-7.eps' with abstol=1e-07, binary=, calctol=0, cw=, floatcompare=, ignorecase=, obiwan=, reltol=, skipabstol=, skipobiwan=, skipreltol=, skiptol=
comparing 'grid-8.eps' with abstol=1e-07, binary=, calctol=0, cw=, floatcompare=, ignorecase=, obiwan=, reltol=, skipabstol=, skipobiwan=, skipreltol=, skiptol=
comparing 'solution-0.gmv' with abstol=1e-07, binary=, calctol=0, cw=, floatcompare=, ignorecase=, obiwan=, reltol=, skipabstol=, skipobiwan=, skipreltol=, skiptol=
comparing 'solution-1.gmv' with abstol=1e-07, binary=, calctol=0, cw=, floatcompare=, ignorecase=, obiwan=, reltol=, skipabstol=, skipobiwan=, skipreltol=, skiptol=
comparing 'solution-2.gmv' with abstol=1e-07, binary=, calctol=0, cw=, floatcompare=, ignorecase=, obiwan=, reltol=, skipabstol=, skipobiwan=, skipreltol=, skiptol=
comparing 'solution-3.gmv' with abstol=1e-07, binary=, calctol=0, cw=, floatcompare=, ignorecase=, obiwan=, reltol=, skipabstol=, skipobiwan=, skipreltol=, skiptol=
comparing 'solution-4.gmv' with abstol=1e-07, binary=, calctol=0, cw=, floatcompare=, ignorecase=, obiwan=, reltol=, skipabstol=, skipobiwan=, skipreltol=, skiptol=
comparing 'solution-5.gmv' with abstol=1e-07, binary=, calctol=0, cw=, floatcompare=, ignorecase=, obiwan=, reltol=, skipabstol=, skipobiwan=, skipreltol=, skiptol=
comparing 'solution-6.gmv' with abstol=1e-07, binary=, calctol=0, cw=, floatcompare=, ignorecase=, obiwan=, reltol=, skipabstol=, skipobiwan=, skipreltol=, skiptol=
comparing 'solution-7.gmv' with abstol=1e-07, binary=, calctol=0, cw=, floatcompare=, ignorecase=, obiwan=, reltol=, skipabstol=, skipobiwan=, skipreltol=, skiptol=
comparing 'solution-8.gmv' with abstol=1e-07, binary=, calctol=0, cw=, floatcompare=, ignorecase=, obiwan=, reltol=, skipabstol=, skipobiwan=, skipreltol=, skiptol=
comparing 'grid-10.eps' with abstol=1e-07, binary=, calctol=0, cw=, floatcompare=, ignorecase=, obiwan=, reltol=, skipabstol=, skipobiwan=, skipreltol=, skiptol=
comparing 'grid-11.eps' with abstol=1e-07, binary=, calctol=0, cw=, floatcompare=, ignorecase=, obiwan=, reltol=, skipabstol=, skipobiwan=, skipreltol=, skiptol=
comparing 'grid-12.eps' with abstol=1e-07, binary=, calctol=0, cw=, floatcompare=, ignorecase=, obiwan=, reltol=, skipabstol=, skipobiwan=, skipreltol=, skiptol=
comparing 'grid-13.eps' with abstol=1e-07, binary=, calctol=0, cw=, floatcompare=, ignorecase=, obiwan=, reltol=, skipabstol=, skipobiwan=, skipreltol=, skiptol=
comparing 'grid-14.eps' with abstol=1e-07, binary=, calctol=0, cw=, floatcompare=, ignorecase=, obiwan=, reltol=, skipabstol=, skipobiwan=, skipreltol=, skiptol=
comparing 'grid-15.eps' with abstol=1e-07, binary=, calctol=0, cw=, floatcompare=, ignorecase=, obiwan=, reltol=, skipabstol=, skipobiwan=, skipreltol=, skiptol=
comparing 'grid-16.eps' with abstol=1e-07, binary=, calctol=0, cw=, floatcompare=, ignorecase=, obiwan=, reltol=, skipabstol=, skipobiwan=, skipreltol=, skiptol=
comparing 'grid-17.eps' with abstol=1e-07, binary=, calctol=0, cw=, floatcompare=, ignorecase=, obiwan=, reltol=, skipabstol=, skipobiwan=, skipreltol=, skiptol=
comparing 'grid-18.eps' with abstol=1e-07, binary=, calctol=0, cw=, floatcompare=, ignorecase=, obiwan=, reltol=, skipabstol=, skipobiwan=, skipreltol=, skiptol=
comparing 'grid-19.eps' with abstol=1e-07, binary=, calctol=0, cw=, floatcompare=, ignorecase=, obiwan=, reltol=, skipabstol=, skipobiwan=, skipreltol=, skiptol=
comparing 'grid-20.eps' with abstol=1e-07, binary=, calctol=0, cw=, floatcompare=, ignorecase=, obiwan=, reltol=, skipabstol=, skipobiwan=, skipreltol=, skiptol=
comparing 'grid-21.eps' with abstol=1e-07, binary=, calctol=0, cw=, floatcompare=, ignorecase=, obiwan=, reltol=, skipabstol=, skipobiwan=, skipreltol=, skiptol=
comparing 'grid-22.eps' with abstol=1e-07, binary=, calctol=0, cw=, floatcompare=, ignorecase=, obiwan=, reltol=, skipabstol=, skipobiwan=, skipreltol=, skiptol=
comparing 'grid-23.eps' with abstol=1e-07, binary=, calctol=0, cw=, floatcompare=, ignorecase=, obiwan=, reltol=, skipabstol=, skipobiwan=, skipreltol=, skiptol=
comparing 'grid-9.eps' with abstol=1e-07, binary=, calctol=0, cw=, floatcompare=, ignorecase=, obiwan=, reltol=, skipabstol=, skipobiwan=, skipreltol=, skiptol=
comparing 'log' with abstol=1e-07, binary=, calctol=0, cw=, floatcompare=, ignorecase=, obiwan=, reltol=, skipabstol=, skipobiwan=, skipreltol=, skiptol=
comparing 'solution-10.gmv' with abstol=1e-07, binary=, calctol=0, cw=, floatcompare=, ignorecase=, obiwan=, reltol=, skipabstol=, skipobiwan=, skipreltol=, skiptol=
comparing 'solution-11.gmv' with abstol=1e-07, binary=, calctol=0, cw=, floatcompare=, ignorecase=, obiwan=, reltol=, skipabstol=, skipobiwan=, skipreltol=, skiptol=
comparing 'solution-12.gmv' with abstol=1e-07, binary=, calctol=0, cw=, floatcompare=, ignorecase=, obiwan=, reltol=, skipabstol=, skipobiwan=, skipreltol=, skiptol=
comparing 'solution-13.gmv' with abstol=1e-07, binary=, calctol=0, cw=, floatcompare=, ignorecase=, obiwan=, reltol=, skipabstol=, skipobiwan=, skipreltol=, skiptol=
comparing 'solution-14.gmv' with abstol=1e-07, binary=, calctol=0, cw=, floatcompare=, ignorecase=, obiwan=, reltol=, skipabstol=, skipobiwan=, skipreltol=, skiptol=
comparing 'solution-15.gmv' with abstol=1e-07, binary=, calctol=0, cw=, floatcompare=, ignorecase=, obiwan=, reltol=, skipabstol=, skipobiwan=, skipreltol=, skiptol=
comparing 'solution-16.gmv' with abstol=1e-07, binary=, calctol=0, cw=, floatcompare=, ignorecase=, obiwan=, reltol=, skipabstol=, skipobiwan=, skipreltol=, skiptol=
comparing 'solution-17.gmv' with abstol=1e-07, binary=, calctol=0, cw=, floatcompare=, ignorecase=, obiwan=, reltol=, skipabstol=, skipobiwan=, skipreltol=, skiptol=
comparing 'solution-18.gmv' with abstol=1e-07, binary=, calctol=0, cw=, floatcompare=, ignorecase=, obiwan=, reltol=, skipabstol=, skipobiwan=, skipreltol=, skiptol=
comparing 'solution-19.gmv' with abstol=1e-07, binary=, calctol=0, cw=, floatcompare=, ignorecase=, obiwan=, reltol=, skipabstol=, skipobiwan=, skipreltol=, skiptol=
comparing 'solution-20.gmv' with abstol=1e-07, binary=, calctol=0, cw=, floatcompare=, ignorecase=, obiwan=, reltol=, skipabstol=, skipobiwan=, skipreltol=, skiptol=
comparing 'solution-21.gmv' with abstol=1e-07, binary=, calctol=0, cw=, floatcompare=, ignorecase=, obiwan=, reltol=, skipabstol=, skipobiwan=, skipreltol=, skiptol=
comparing 'solution-22.gmv' with abstol=1e-07, binary=, calctol=0, cw=, floatcompare=, ignorecase=, obiwan=, reltol=, skipabstol=, skipobiwan=, skipreltol=, skiptol=
comparing 'solution-23.gmv' with abstol=1e-07, binary=, calctol=0, cw=, floatcompare=, ignorecase=, obiwan=, reltol=, skipabstol=, skipobiwan=, skipreltol=, skiptol=
comparing 'solution-9.gmv' with abstol=1e-07, binary=, calctol=0, cw=, floatcompare=, ignorecase=, obiwan=, reltol=, skipabstol=, skipobiwan=, skipreltol=, skiptol=
Specinvoke: /media/hahafish/Data/ForUbuntu/speccpu2006/bin/specinvoke -E -d /media/hahafish/Data/ForUbuntu/speccpu2006/benchspec/CPU2006/447.dealII/run/run_base_ref_infra-rsan-orig-wo-check_O2.0000 -c 1 -e compare.err -o compare.stdout -f compare.cmd
Issuing command '/media/hahafish/Data/ForUbuntu/speccpu2006/bin/specinvoke -E -d /media/hahafish/Data/ForUbuntu/speccpu2006/benchspec/CPU2006/447.dealII/run/run_base_ref_infra-rsan-orig-wo-check_O2.0000 -c 1 -e compare.err -o compare.stdout -f compare.cmd'
Start command: Wed Jul  1 13:08:42 2026 (1782882522)
Stop command: Wed Jul  1 13:08:57 2026 (1782882537)
Elapsed time for command: 00:00:15 (15)
Benchmark Times:
  Start:    Wed Jul  1 13:06:55 2026 (1782882415)
  Stop:     Wed Jul  1 13:08:42 2026 (1782882522)
  Elapsed:  00:01:47 (107)
  Reported: 99 561061000 99.561061
 Success 447.dealII base ref ratio=114.90, runtime=99.561061

-----------------------------------
  Running (#2) 450.soplex ref base infra-rsan-orig-wo-check_O2 default
Commands to run: 
    -C /media/hahafish/Data/ForUbuntu/speccpu2006/benchspec/CPU2006/450.soplex/run/run_base_ref_infra-rsan-orig-wo-check_O2.0000
    -o pds-50.mps.out -e pds-50.mps.stderr ../run_base_ref_infra-rsan-orig-wo-check_O2.0000/soplex_base.infra-rsan-orig-wo-check_O2 -s1 -e -m45000 pds-50.mps
    -o ref.out -e ref.stderr ../run_base_ref_infra-rsan-orig-wo-check_O2.0000/soplex_base.infra-rsan-orig-wo-check_O2 -m3500 ref.mps
Specinvoke: /media/hahafish/Data/ForUbuntu/speccpu2006/bin/specinvoke -d /media/hahafish/Data/ForUbuntu/speccpu2006/benchspec/CPU2006/450.soplex/run/run_base_ref_infra-rsan-orig-wo-check_O2.0000 -e speccmds.err -o speccmds.stdout -f speccmds.cmd -C
Issuing command '/media/hahafish/Data/ForUbuntu/speccpu2006/bin/specinvoke -d /media/hahafish/Data/ForUbuntu/speccpu2006/benchspec/CPU2006/450.soplex/run/run_base_ref_infra-rsan-orig-wo-check_O2.0000 -e speccmds.err -o speccmds.stdout -f speccmds.cmd -C'
Start command: Wed Jul  1 13:08:57 2026 (1782882537)
Stop command: Wed Jul  1 13:10:49 2026 (1782882649)
Elapsed time for command: 00:01:52 (112)
Workload elapsed time (0:1) = 55.196459 seconds
Workload elapsed time (0:2) = 49.187126 seconds
copy 0 finished @ Wed Jul  1 13:10:41 2026.  Total elapsed time: 104.383585
comparing files in '/media/hahafish/Data/ForUbuntu/speccpu2006/benchspec/CPU2006/450.soplex/run/run_base_ref_infra-rsan-orig-wo-check_O2.0000'
comparing 'pds-50.mps.out' with abstol=1e-05, binary=, calctol=0, cw=, floatcompare=, ignorecase=, obiwan=1, reltol=0.02, skipabstol=, skipobiwan=, skipreltol=, skiptol=
comparing 'pds-50.mps.stderr' with abstol=20, binary=, calctol=0, cw=, floatcompare=, ignorecase=, obiwan=1, reltol=0.0001, skipabstol=, skipobiwan=, skipreltol=, skiptol=
comparing 'ref.out' with abstol=1e-05, binary=, calctol=0, cw=, floatcompare=, ignorecase=, obiwan=1, reltol=0.02, skipabstol=, skipobiwan=, skipreltol=, skiptol=
comparing 'ref.stderr' with abstol=20, binary=, calctol=0, cw=, floatcompare=, ignorecase=, obiwan=1, reltol=0.0001, skipabstol=, skipobiwan=, skipreltol=, skiptol=
Specinvoke: /media/hahafish/Data/ForUbuntu/speccpu2006/bin/specinvoke -E -d /media/hahafish/Data/ForUbuntu/speccpu2006/benchspec/CPU2006/450.soplex/run/run_base_ref_infra-rsan-orig-wo-check_O2.0000 -c 1 -e compare.err -o compare.stdout -f compare.cmd
Issuing command '/media/hahafish/Data/ForUbuntu/speccpu2006/bin/specinvoke -E -d /media/hahafish/Data/ForUbuntu/speccpu2006/benchspec/CPU2006/450.soplex/run/run_base_ref_infra-rsan-orig-wo-check_O2.0000 -c 1 -e compare.err -o compare.stdout -f compare.cmd'
Start command: Wed Jul  1 13:10:49 2026 (1782882649)
Stop command: Wed Jul  1 13:10:51 2026 (1782882651)
Elapsed time for command: 00:00:02 (2)
Error with '/media/hahafish/Data/ForUbuntu/speccpu2006/bin/specinvoke -E -d /media/hahafish/Data/ForUbuntu/speccpu2006/benchspec/CPU2006/450.soplex/run/run_base_ref_infra-rsan-orig-wo-check_O2.0000 -c 1 -e compare.err -o compare.stdout -f compare.cmd': check file '/media/hahafish/Data/ForUbuntu/speccpu2006/benchspec/CPU2006/450.soplex/run/run_base_ref_infra-rsan-orig-wo-check_O2.0000/.err'
*** Miscompare of pds-50.mps.stderr, see /media/hahafish/Data/ForUbuntu/speccpu2006/benchspec/CPU2006/450.soplex/run/run_base_ref_infra-rsan-orig-wo-check_O2.0000/pds-50.mps.stderr.mis
'pds-50.mps.stderr' long
*** Miscompare of ref.stderr, see /media/hahafish/Data/ForUbuntu/speccpu2006/benchspec/CPU2006/450.soplex/run/run_base_ref_infra-rsan-orig-wo-check_O2.0000/ref.stderr.mis
'ref.stderr' long
Benchmark Times:
  Start:    Wed Jul  1 13:08:57 2026 (1782882537)
  Stop:     Wed Jul  1 13:10:49 2026 (1782882649)
  Elapsed:  00:01:52 (112)
  Reported: 104 383639000 104.383639
 Error 450.soplex base ref ratio=79.90, runtime=104.383639

-----------------------------------
  Running (#2) 453.povray ref base infra-rsan-orig-wo-check_O2 default
Commands to run: 
    -C /media/hahafish/Data/ForUbuntu/speccpu2006/benchspec/CPU2006/453.povray/run/run_base_ref_infra-rsan-orig-wo-check_O2.0000
    -o SPEC-benchmark-ref.stdout -e SPEC-benchmark-ref.stderr ../run_base_ref_infra-rsan-orig-wo-check_O2.0000/povray_base.infra-rsan-orig-wo-check_O2 SPEC-benchmark-ref.ini
Specinvoke: /media/hahafish/Data/ForUbuntu/speccpu2006/bin/specinvoke -d /media/hahafish/Data/ForUbuntu/speccpu2006/benchspec/CPU2006/453.povray/run/run_base_ref_infra-rsan-orig-wo-check_O2.0000 -e speccmds.err -o speccmds.stdout -f speccmds.cmd -C
Issuing command '/media/hahafish/Data/ForUbuntu/speccpu2006/bin/specinvoke -d /media/hahafish/Data/ForUbuntu/speccpu2006/benchspec/CPU2006/453.povray/run/run_base_ref_infra-rsan-orig-wo-check_O2.0000 -e speccmds.err -o speccmds.stdout -f speccmds.cmd -C'
Start command: Wed Jul  1 13:10:51 2026 (1782882651)
Stop command: Wed Jul  1 13:11:39 2026 (1782882699)
Elapsed time for command: 00:00:48 (48)
Workload elapsed time (0:1) = 40.158746 seconds
copy 0 finished @ Wed Jul  1 13:11:31 2026.  Total elapsed time: 40.158746
comparing files in '/media/hahafish/Data/ForUbuntu/speccpu2006/benchspec/CPU2006/453.povray/run/run_base_ref_infra-rsan-orig-wo-check_O2.0000'
comparing 'SPEC-benchmark.log' with abstol=0, binary=, calctol=0, cw=, floatcompare=, ignorecase=, obiwan=, reltol=5e-05, skipabstol=, skipobiwan=, skipreltol=, skiptol=
comparing 'SPEC-benchmark.tga' with abstol=0, binary=1, calctol=0, cw=, floatcompare=, ignorecase=, obiwan=, reltol=5e-05, skipabstol=, skipobiwan=, skipreltol=, skiptol=50
Specinvoke: /media/hahafish/Data/ForUbuntu/speccpu2006/bin/specinvoke -E -d /media/hahafish/Data/ForUbuntu/speccpu2006/benchspec/CPU2006/453.povray/run/run_base_ref_infra-rsan-orig-wo-check_O2.0000 -c 1 -e compare.err -o compare.stdout -f compare.cmd
Issuing command '/media/hahafish/Data/ForUbuntu/speccpu2006/bin/specinvoke -E -d /media/hahafish/Data/ForUbuntu/speccpu2006/benchspec/CPU2006/453.povray/run/run_base_ref_infra-rsan-orig-wo-check_O2.0000 -c 1 -e compare.err -o compare.stdout -f compare.cmd'
Start command: Wed Jul  1 13:11:39 2026 (1782882699)
Stop command: Wed Jul  1 13:11:45 2026 (1782882705)
Elapsed time for command: 00:00:06 (6)
Benchmark Times:
  Start:    Wed Jul  1 13:10:51 2026 (1782882651)
  Stop:     Wed Jul  1 13:11:39 2026 (1782882699)
  Elapsed:  00:00:48 (48)
  Reported: 40 158788000 40.158788
 Success 453.povray base ref ratio=132.47, runtime=40.158788

-----------------------------------
  Running (#2) 456.hmmer ref base infra-rsan-orig-wo-check_O2 default
Commands to run: 
    -C /home/hahafish/speccpu2006/benchspec/CPU2006/456.hmmer/run/run_base_ref_infra-rsan-orig-wo-check_O2.0000
    -o nph3.out -e nph3.err ../run_base_ref_infra-rsan-orig-wo-check_O2.0000/hmmer_base.infra-rsan-orig-wo-check_O2 nph3.hmm swiss41
    -o retro.out -e retro.err ../run_base_ref_infra-rsan-orig-wo-check_O2.0000/hmmer_base.infra-rsan-orig-wo-check_O2 --fixed 0 --mean 500 --num 500000 --sd 350 --seed 0 retro.hmm
Specinvoke: /media/hahafish/Data/ForUbuntu/speccpu2006/bin/specinvoke -d /home/hahafish/speccpu2006/benchspec/CPU2006/456.hmmer/run/run_base_ref_infra-rsan-orig-wo-check_O2.0000 -e speccmds.err -o speccmds.stdout -f speccmds.cmd -C
Issuing command '/media/hahafish/Data/ForUbuntu/speccpu2006/bin/specinvoke -d /home/hahafish/speccpu2006/benchspec/CPU2006/456.hmmer/run/run_base_ref_infra-rsan-orig-wo-check_O2.0000 -e speccmds.err -o speccmds.stdout -f speccmds.cmd -C'
Start command: Wed Jul  1 13:11:45 2026 (1782882705)
Stop command: Wed Jul  1 13:13:48 2026 (1782882828)
Elapsed time for command: 00:02:03 (123)
Workload elapsed time (0:1) = 35.735389 seconds
Workload elapsed time (0:2) = 79.66789 seconds
copy 0 finished @ Wed Jul  1 13:13:40 2026.  Total elapsed time: 115.403279
comparing files in '/home/hahafish/speccpu2006/benchspec/CPU2006/456.hmmer/run/run_base_ref_infra-rsan-orig-wo-check_O2.0000'
comparing 'nph3.out' with abstol=1e-05, binary=, calctol=0, cw=, floatcompare=, ignorecase=, obiwan=, reltol=0.002, skipabstol=, skipobiwan=, skipreltol=, skiptol=10
comparing 'retro.out' with abstol=1e-05, binary=, calctol=0, cw=, floatcompare=, ignorecase=, obiwan=, reltol=0.002, skipabstol=, skipobiwan=, skipreltol=, skiptol=10
Specinvoke: /media/hahafish/Data/ForUbuntu/speccpu2006/bin/specinvoke -E -d /home/hahafish/speccpu2006/benchspec/CPU2006/456.hmmer/run/run_base_ref_infra-rsan-orig-wo-check_O2.0000 -c 1 -e compare.err -o compare.stdout -f compare.cmd
Issuing command '/media/hahafish/Data/ForUbuntu/speccpu2006/bin/specinvoke -E -d /home/hahafish/speccpu2006/benchspec/CPU2006/456.hmmer/run/run_base_ref_infra-rsan-orig-wo-check_O2.0000 -c 1 -e compare.err -o compare.stdout -f compare.cmd'
Start command: Wed Jul  1 13:13:48 2026 (1782882828)
Stop command: Wed Jul  1 13:13:50 2026 (1782882830)
Elapsed time for command: 00:00:02 (2)
Benchmark Times:
  Start:    Wed Jul  1 13:11:45 2026 (1782882705)
  Stop:     Wed Jul  1 13:13:48 2026 (1782882828)
  Elapsed:  00:02:03 (123)
  Reported: 115 403330000 115.40333
 Success 456.hmmer base ref ratio=80.85, runtime=115.403330

-----------------------------------
  Running (#2) 458.sjeng ref base infra-rsan-orig-wo-check_O2 default
Commands to run: 
    -C /media/hahafish/Data/ForUbuntu/speccpu2006/benchspec/CPU2006/458.sjeng/run/run_base_ref_infra-rsan-orig-wo-check_O2.0000
    -o ref.out -e ref.err ../run_base_ref_infra-rsan-orig-wo-check_O2.0000/sjeng_base.infra-rsan-orig-wo-check_O2 ref.txt
Specinvoke: /media/hahafish/Data/ForUbuntu/speccpu2006/bin/specinvoke -d /media/hahafish/Data/ForUbuntu/speccpu2006/benchspec/CPU2006/458.sjeng/run/run_base_ref_infra-rsan-orig-wo-check_O2.0000 -e speccmds.err -o speccmds.stdout -f speccmds.cmd -C
Issuing command '/media/hahafish/Data/ForUbuntu/speccpu2006/bin/specinvoke -d /media/hahafish/Data/ForUbuntu/speccpu2006/benchspec/CPU2006/458.sjeng/run/run_base_ref_infra-rsan-orig-wo-check_O2.0000 -e speccmds.err -o speccmds.stdout -f speccmds.cmd -C'
Start command: Wed Jul  1 13:13:50 2026 (1782882830)
Stop command: Wed Jul  1 13:17:38 2026 (1782883058)
Elapsed time for command: 00:03:48 (228)
Workload elapsed time (0:1) = 219.312987 seconds
copy 0 finished @ Wed Jul  1 13:17:30 2026.  Total elapsed time: 219.312987
comparing files in '/media/hahafish/Data/ForUbuntu/speccpu2006/benchspec/CPU2006/458.sjeng/run/run_base_ref_infra-rsan-orig-wo-check_O2.0000'
comparing 'ref.out' with abstol=, binary=, calctol=0, cw=, floatcompare=, ignorecase=, obiwan=, reltol=, skipabstol=, skipobiwan=, skipreltol=, skiptol=
Specinvoke: /media/hahafish/Data/ForUbuntu/speccpu2006/bin/specinvoke -E -d /media/hahafish/Data/ForUbuntu/speccpu2006/benchspec/CPU2006/458.sjeng/run/run_base_ref_infra-rsan-orig-wo-check_O2.0000 -c 1 -e compare.err -o compare.stdout -f compare.cmd
Issuing command '/media/hahafish/Data/ForUbuntu/speccpu2006/bin/specinvoke -E -d /media/hahafish/Data/ForUbuntu/speccpu2006/benchspec/CPU2006/458.sjeng/run/run_base_ref_infra-rsan-orig-wo-check_O2.0000 -c 1 -e compare.err -o compare.stdout -f compare.cmd'
Start command: Wed Jul  1 13:17:38 2026 (1782883058)
Stop command: Wed Jul  1 13:17:40 2026 (1782883060)
Elapsed time for command: 00:00:02 (2)
Benchmark Times:
  Start:    Wed Jul  1 13:13:50 2026 (1782882830)
  Stop:     Wed Jul  1 13:17:38 2026 (1782883058)
  Elapsed:  00:03:48 (228)
  Reported: 219 313028000 219.313028
 Success 458.sjeng base ref ratio=55.17, runtime=219.313028

-----------------------------------
  Running (#2) 462.libquantum ref base infra-rsan-orig-wo-check_O2 default
Commands to run: 
    -C /home/hahafish/speccpu2006/benchspec/CPU2006/462.libquantum/run/run_base_ref_infra-rsan-orig-wo-check_O2.0000
    -o ref.out -e ref.err ../run_base_ref_infra-rsan-orig-wo-check_O2.0000/libquantum_base.infra-rsan-orig-wo-check_O2 1397 8
Specinvoke: /media/hahafish/Data/ForUbuntu/speccpu2006/bin/specinvoke -d /home/hahafish/speccpu2006/benchspec/CPU2006/462.libquantum/run/run_base_ref_infra-rsan-orig-wo-check_O2.0000 -e speccmds.err -o speccmds.stdout -f speccmds.cmd -C
Issuing command '/media/hahafish/Data/ForUbuntu/speccpu2006/bin/specinvoke -d /home/hahafish/speccpu2006/benchspec/CPU2006/462.libquantum/run/run_base_ref_infra-rsan-orig-wo-check_O2.0000 -e speccmds.err -o speccmds.stdout -f speccmds.cmd -C'
Start command: Wed Jul  1 13:17:40 2026 (1782883060)
Stop command: Wed Jul  1 13:21:22 2026 (1782883282)
Elapsed time for command: 00:03:42 (222)
Workload elapsed time (0:1) = 214.069526 seconds
copy 0 finished @ Wed Jul  1 13:21:14 2026.  Total elapsed time: 214.069526
comparing files in '/home/hahafish/speccpu2006/benchspec/CPU2006/462.libquantum/run/run_base_ref_infra-rsan-orig-wo-check_O2.0000'
comparing 'ref.out' with abstol=, binary=, calctol=0, cw=, floatcompare=, ignorecase=, obiwan=1, reltol=, skipabstol=, skipobiwan=, skipreltol=, skiptol=
Specinvoke: /media/hahafish/Data/ForUbuntu/speccpu2006/bin/specinvoke -E -d /home/hahafish/speccpu2006/benchspec/CPU2006/462.libquantum/run/run_base_ref_infra-rsan-orig-wo-check_O2.0000 -c 1 -e compare.err -o compare.stdout -f compare.cmd
Issuing command '/media/hahafish/Data/ForUbuntu/speccpu2006/bin/specinvoke -E -d /home/hahafish/speccpu2006/benchspec/CPU2006/462.libquantum/run/run_base_ref_infra-rsan-orig-wo-check_O2.0000 -c 1 -e compare.err -o compare.stdout -f compare.cmd'
Start command: Wed Jul  1 13:21:22 2026 (1782883282)
Stop command: Wed Jul  1 13:21:24 2026 (1782883284)
Elapsed time for command: 00:00:02 (2)
Benchmark Times:
  Start:    Wed Jul  1 13:17:40 2026 (1782883060)
  Stop:     Wed Jul  1 13:21:22 2026 (1782883282)
  Elapsed:  00:03:42 (222)
  Reported: 214 69568000 214.069568
 Success 462.libquantum base ref ratio=96.79, runtime=214.069568

-----------------------------------
  Running (#2) 464.h264ref ref base infra-rsan-orig-wo-check_O2 default
Commands to run: 
    -C /media/hahafish/Data/ForUbuntu/speccpu2006/benchspec/CPU2006/464.h264ref/run/run_base_ref_infra-rsan-orig-wo-check_O2.0000
    -o foreman_ref_baseline_encodelog.out -e foreman_ref_baseline_encodelog.err ../run_base_ref_infra-rsan-orig-wo-check_O2.0000/h264ref_base.infra-rsan-orig-wo-check_O2 -d foreman_ref_encoder_baseline.cfg
    -o foreman_ref_main_encodelog.out -e foreman_ref_main_encodelog.err ../run_base_ref_infra-rsan-orig-wo-check_O2.0000/h264ref_base.infra-rsan-orig-wo-check_O2 -d foreman_ref_encoder_main.cfg
    -o sss_main_encodelog.out -e sss_main_encodelog.err ../run_base_ref_infra-rsan-orig-wo-check_O2.0000/h264ref_base.infra-rsan-orig-wo-check_O2 -d sss_encoder_main.cfg
Specinvoke: /media/hahafish/Data/ForUbuntu/speccpu2006/bin/specinvoke -d /media/hahafish/Data/ForUbuntu/speccpu2006/benchspec/CPU2006/464.h264ref/run/run_base_ref_infra-rsan-orig-wo-check_O2.0000 -e speccmds.err -o speccmds.stdout -f speccmds.cmd -C
Issuing command '/media/hahafish/Data/ForUbuntu/speccpu2006/bin/specinvoke -d /media/hahafish/Data/ForUbuntu/speccpu2006/benchspec/CPU2006/464.h264ref/run/run_base_ref_infra-rsan-orig-wo-check_O2.0000 -e speccmds.err -o speccmds.stdout -f speccmds.cmd -C'
Start command: Wed Jul  1 13:21:24 2026 (1782883284)
Stop command: Wed Jul  1 13:24:09 2026 (1782883449)
Elapsed time for command: 00:02:45 (165)
Workload elapsed time (0:1) = 21.679448 seconds
Workload elapsed time (0:2) = 14.339247 seconds
Workload elapsed time (0:3) = 121.345018 seconds
copy 0 finished @ Wed Jul  1 13:24:01 2026.  Total elapsed time: 157.363713
comparing files in '/media/hahafish/Data/ForUbuntu/speccpu2006/benchspec/CPU2006/464.h264ref/run/run_base_ref_infra-rsan-orig-wo-check_O2.0000'
comparing 'foreman_ref_baseline_encodelog.out' with abstol=, binary=, calctol=0, cw=1, floatcompare=1, ignorecase=, obiwan=, reltol=, skipabstol=, skipobiwan=, skipreltol=, skiptol=
comparing 'foreman_ref_baseline_leakybucketparam.cfg' with abstol=, binary=1, calctol=0, cw=1, floatcompare=1, ignorecase=, obiwan=, reltol=, skipabstol=, skipobiwan=, skipreltol=, skiptol=
comparing 'foreman_ref_main_encodelog.out' with abstol=, binary=, calctol=0, cw=1, floatcompare=1, ignorecase=, obiwan=, reltol=, skipabstol=, skipobiwan=, skipreltol=, skiptol=
comparing 'foreman_ref_main_leakybucketparam.cfg' with abstol=, binary=1, calctol=0, cw=1, floatcompare=1, ignorecase=, obiwan=, reltol=, skipabstol=, skipobiwan=, skipreltol=, skiptol=
comparing 'sss_main_encodelog.out' with abstol=, binary=, calctol=0, cw=1, floatcompare=1, ignorecase=, obiwan=, reltol=, skipabstol=, skipobiwan=, skipreltol=, skiptol=
comparing 'sss_main_leakybucketparam.cfg' with abstol=, binary=1, calctol=0, cw=1, floatcompare=1, ignorecase=, obiwan=, reltol=, skipabstol=, skipobiwan=, skipreltol=, skiptol=
Specinvoke: /media/hahafish/Data/ForUbuntu/speccpu2006/bin/specinvoke -E -d /media/hahafish/Data/ForUbuntu/speccpu2006/benchspec/CPU2006/464.h264ref/run/run_base_ref_infra-rsan-orig-wo-check_O2.0000 -c 1 -e compare.err -o compare.stdout -f compare.cmd
Issuing command '/media/hahafish/Data/ForUbuntu/speccpu2006/bin/specinvoke -E -d /media/hahafish/Data/ForUbuntu/speccpu2006/benchspec/CPU2006/464.h264ref/run/run_base_ref_infra-rsan-orig-wo-check_O2.0000 -c 1 -e compare.err -o compare.stdout -f compare.cmd'
Start command: Wed Jul  1 13:24:09 2026 (1782883449)
Stop command: Wed Jul  1 13:24:11 2026 (1782883451)
Elapsed time for command: 00:00:02 (2)
Benchmark Times:
  Start:    Wed Jul  1 13:21:24 2026 (1782883284)
  Stop:     Wed Jul  1 13:24:09 2026 (1782883449)
  Elapsed:  00:02:45 (165)
  Reported: 157 363767000 157.363767
 Success 464.h264ref base ref ratio=140.63, runtime=157.363767

-----------------------------------
  Running (#2) 470.lbm ref base infra-rsan-orig-wo-check_O2 default
Commands to run: 
    -C /media/hahafish/Data/ForUbuntu/speccpu2006/benchspec/CPU2006/470.lbm/run/run_base_ref_infra-rsan-orig-wo-check_O2.0000
    -o lbm.out -e lbm.err ../run_base_ref_infra-rsan-orig-wo-check_O2.0000/lbm_base.infra-rsan-orig-wo-check_O2 3000 reference.dat 0 0 100_100_130_ldc.of
Specinvoke: /media/hahafish/Data/ForUbuntu/speccpu2006/bin/specinvoke -d /media/hahafish/Data/ForUbuntu/speccpu2006/benchspec/CPU2006/470.lbm/run/run_base_ref_infra-rsan-orig-wo-check_O2.0000 -e speccmds.err -o speccmds.stdout -f speccmds.cmd -C
Issuing command '/media/hahafish/Data/ForUbuntu/speccpu2006/bin/specinvoke -d /media/hahafish/Data/ForUbuntu/speccpu2006/benchspec/CPU2006/470.lbm/run/run_base_ref_infra-rsan-orig-wo-check_O2.0000 -e speccmds.err -o speccmds.stdout -f speccmds.cmd -C'
Start command: Wed Jul  1 13:24:11 2026 (1782883451)
Stop command: Wed Jul  1 13:25:58 2026 (1782883558)
Elapsed time for command: 00:01:47 (107)
Workload elapsed time (0:1) = 98.159529 seconds
copy 0 finished @ Wed Jul  1 13:25:50 2026.  Total elapsed time: 98.159529
comparing files in '/media/hahafish/Data/ForUbuntu/speccpu2006/benchspec/CPU2006/470.lbm/run/run_base_ref_infra-rsan-orig-wo-check_O2.0000'
comparing 'lbm.out' with abstol=1e-07, binary=, calctol=0, cw=, floatcompare=, ignorecase=, obiwan=, reltol=, skipabstol=, skipobiwan=, skipreltol=, skiptol=
Specinvoke: /media/hahafish/Data/ForUbuntu/speccpu2006/bin/specinvoke -E -d /media/hahafish/Data/ForUbuntu/speccpu2006/benchspec/CPU2006/470.lbm/run/run_base_ref_infra-rsan-orig-wo-check_O2.0000 -c 1 -e compare.err -o compare.stdout -f compare.cmd
Issuing command '/media/hahafish/Data/ForUbuntu/speccpu2006/bin/specinvoke -E -d /media/hahafish/Data/ForUbuntu/speccpu2006/benchspec/CPU2006/470.lbm/run/run_base_ref_infra-rsan-orig-wo-check_O2.0000 -c 1 -e compare.err -o compare.stdout -f compare.cmd'
Start command: Wed Jul  1 13:25:58 2026 (1782883558)
Stop command: Wed Jul  1 13:26:00 2026 (1782883560)
Elapsed time for command: 00:00:02 (2)
Benchmark Times:
  Start:    Wed Jul  1 13:24:11 2026 (1782883451)
  Stop:     Wed Jul  1 13:25:58 2026 (1782883558)
  Elapsed:  00:01:47 (107)
  Reported: 98 159573000 98.159573
 Success 470.lbm base ref ratio=139.98, runtime=98.159573

-----------------------------------
  Running (#2) 471.omnetpp ref base infra-rsan-orig-wo-check_O2 default
Commands to run: 
    -C /media/hahafish/Data/ForUbuntu/speccpu2006/benchspec/CPU2006/471.omnetpp/run/run_base_ref_infra-rsan-orig-wo-check_O2.0000
    -o omnetpp.log -e omnetpp.err ../run_base_ref_infra-rsan-orig-wo-check_O2.0000/omnetpp_base.infra-rsan-orig-wo-check_O2 omnetpp.ini
Specinvoke: /media/hahafish/Data/ForUbuntu/speccpu2006/bin/specinvoke -d /media/hahafish/Data/ForUbuntu/speccpu2006/benchspec/CPU2006/471.omnetpp/run/run_base_ref_infra-rsan-orig-wo-check_O2.0000 -e speccmds.err -o speccmds.stdout -f speccmds.cmd -C
Issuing command '/media/hahafish/Data/ForUbuntu/speccpu2006/bin/specinvoke -d /media/hahafish/Data/ForUbuntu/speccpu2006/benchspec/CPU2006/471.omnetpp/run/run_base_ref_infra-rsan-orig-wo-check_O2.0000 -e speccmds.err -o speccmds.stdout -f speccmds.cmd -C'
Start command: Wed Jul  1 13:26:00 2026 (1782883560)
Stop command: Wed Jul  1 13:29:26 2026 (1782883766)
Elapsed time for command: 00:03:26 (206)
Workload elapsed time (0:1) = 198.571845 seconds
copy 0 finished @ Wed Jul  1 13:29:18 2026.  Total elapsed time: 198.571845
comparing files in '/media/hahafish/Data/ForUbuntu/speccpu2006/benchspec/CPU2006/471.omnetpp/run/run_base_ref_infra-rsan-orig-wo-check_O2.0000'
comparing 'omnetpp.log' with abstol=1e-06, binary=, calctol=0, cw=, floatcompare=, ignorecase=, obiwan=, reltol=1e-05, skipabstol=, skipobiwan=, skipreltol=, skiptol=
comparing 'omnetpp.sca' with abstol=1e-06, binary=, calctol=0, cw=, floatcompare=, ignorecase=, obiwan=, reltol=1e-05, skipabstol=, skipobiwan=, skipreltol=, skiptol=
Specinvoke: /media/hahafish/Data/ForUbuntu/speccpu2006/bin/specinvoke -E -d /media/hahafish/Data/ForUbuntu/speccpu2006/benchspec/CPU2006/471.omnetpp/run/run_base_ref_infra-rsan-orig-wo-check_O2.0000 -c 1 -e compare.err -o compare.stdout -f compare.cmd
Issuing command '/media/hahafish/Data/ForUbuntu/speccpu2006/bin/specinvoke -E -d /media/hahafish/Data/ForUbuntu/speccpu2006/benchspec/CPU2006/471.omnetpp/run/run_base_ref_infra-rsan-orig-wo-check_O2.0000 -c 1 -e compare.err -o compare.stdout -f compare.cmd'
Start command: Wed Jul  1 13:29:26 2026 (1782883766)
Stop command: Wed Jul  1 13:29:28 2026 (1782883768)
Elapsed time for command: 00:00:02 (2)
Benchmark Times:
  Start:    Wed Jul  1 13:26:00 2026 (1782883560)
  Stop:     Wed Jul  1 13:29:26 2026 (1782883766)
  Elapsed:  00:03:26 (206)
  Reported: 198 571889000 198.571889
 Success 471.omnetpp base ref ratio=31.47, runtime=198.571889

-----------------------------------
  Running (#2) 473.astar ref base infra-rsan-orig-wo-check_O2 default
Commands to run: 
    -C /home/hahafish/speccpu2006/benchspec/CPU2006/473.astar/run/run_base_ref_infra-rsan-orig-wo-check_O2.0000
    -o BigLakes2048.out -e BigLakes2048.err ../run_base_ref_infra-rsan-orig-wo-check_O2.0000/astar_base.infra-rsan-orig-wo-check_O2 BigLakes2048.cfg
    -o rivers.out -e rivers.err ../run_base_ref_infra-rsan-orig-wo-check_O2.0000/astar_base.infra-rsan-orig-wo-check_O2 rivers.cfg
Specinvoke: /media/hahafish/Data/ForUbuntu/speccpu2006/bin/specinvoke -d /home/hahafish/speccpu2006/benchspec/CPU2006/473.astar/run/run_base_ref_infra-rsan-orig-wo-check_O2.0000 -e speccmds.err -o speccmds.stdout -f speccmds.cmd -C
Issuing command '/media/hahafish/Data/ForUbuntu/speccpu2006/bin/specinvoke -d /home/hahafish/speccpu2006/benchspec/CPU2006/473.astar/run/run_base_ref_infra-rsan-orig-wo-check_O2.0000 -e speccmds.err -o speccmds.stdout -f speccmds.cmd -C'
Start command: Wed Jul  1 13:29:28 2026 (1782883768)
Stop command: Wed Jul  1 13:32:31 2026 (1782883951)
Elapsed time for command: 00:03:03 (183)
Workload elapsed time (0:1) = 64.34355 seconds
Workload elapsed time (0:2) = 110.30184 seconds
copy 0 finished @ Wed Jul  1 13:32:23 2026.  Total elapsed time: 174.64539
comparing files in '/home/hahafish/speccpu2006/benchspec/CPU2006/473.astar/run/run_base_ref_infra-rsan-orig-wo-check_O2.0000'
comparing 'BigLakes2048.out' with abstol=, binary=, calctol=0, cw=, floatcompare=, ignorecase=, obiwan=, reltol=0.001, skipabstol=, skipobiwan=, skipreltol=, skiptol=
comparing 'rivers.out' with abstol=, binary=, calctol=0, cw=, floatcompare=, ignorecase=, obiwan=, reltol=0.001, skipabstol=, skipobiwan=, skipreltol=, skiptol=
Specinvoke: /media/hahafish/Data/ForUbuntu/speccpu2006/bin/specinvoke -E -d /home/hahafish/speccpu2006/benchspec/CPU2006/473.astar/run/run_base_ref_infra-rsan-orig-wo-check_O2.0000 -c 1 -e compare.err -o compare.stdout -f compare.cmd
Issuing command '/media/hahafish/Data/ForUbuntu/speccpu2006/bin/specinvoke -E -d /home/hahafish/speccpu2006/benchspec/CPU2006/473.astar/run/run_base_ref_infra-rsan-orig-wo-check_O2.0000 -c 1 -e compare.err -o compare.stdout -f compare.cmd'
Start command: Wed Jul  1 13:32:31 2026 (1782883951)
Stop command: Wed Jul  1 13:32:33 2026 (1782883953)
Elapsed time for command: 00:00:02 (2)
Benchmark Times:
  Start:    Wed Jul  1 13:29:28 2026 (1782883768)
  Stop:     Wed Jul  1 13:32:31 2026 (1782883951)
  Elapsed:  00:03:03 (183)
  Reported: 174 645445000 174.645445
 Success 473.astar base ref ratio=40.20, runtime=174.645445

-----------------------------------
  Running (#2) 482.sphinx3 ref base infra-rsan-orig-wo-check_O2 default
Commands to run: 
    -C /home/hahafish/speccpu2006/benchspec/CPU2006/482.sphinx3/run/run_base_ref_infra-rsan-orig-wo-check_O2.0000
    -o an4.log -e an4.err ../run_base_ref_infra-rsan-orig-wo-check_O2.0000/sphinx_livepretend_base.infra-rsan-orig-wo-check_O2 ctlfile . args.an4
Specinvoke: /media/hahafish/Data/ForUbuntu/speccpu2006/bin/specinvoke -d /home/hahafish/speccpu2006/benchspec/CPU2006/482.sphinx3/run/run_base_ref_infra-rsan-orig-wo-check_O2.0000 -e speccmds.err -o speccmds.stdout -f speccmds.cmd -C
Issuing command '/media/hahafish/Data/ForUbuntu/speccpu2006/bin/specinvoke -d /home/hahafish/speccpu2006/benchspec/CPU2006/482.sphinx3/run/run_base_ref_infra-rsan-orig-wo-check_O2.0000 -e speccmds.err -o speccmds.stdout -f speccmds.cmd -C'
Start command: Wed Jul  1 13:32:33 2026 (1782883953)
Stop command: Wed Jul  1 13:35:17 2026 (1782884117)
Elapsed time for command: 00:02:44 (164)
Workload elapsed time (0:1) = 156.371845 seconds
copy 0 finished @ Wed Jul  1 13:35:09 2026.  Total elapsed time: 156.371845
comparing files in '/home/hahafish/speccpu2006/benchspec/CPU2006/482.sphinx3/run/run_base_ref_infra-rsan-orig-wo-check_O2.0000'
comparing 'an4.log' with abstol=, binary=, calctol=0, cw=, floatcompare=1, ignorecase=, obiwan=, reltol=0.001, skipabstol=, skipobiwan=, skipreltol=, skiptol=
comparing 'considered.out' with abstol=, binary=, calctol=0, cw=, floatcompare=1, ignorecase=, obiwan=, reltol=0.0004, skipabstol=, skipobiwan=, skipreltol=, skiptol=
comparing 'total_considered.out' with abstol=, binary=, calctol=0, cw=, floatcompare=1, ignorecase=, obiwan=, reltol=1e-06, skipabstol=, skipobiwan=, skipreltol=, skiptol=
Specinvoke: /media/hahafish/Data/ForUbuntu/speccpu2006/bin/specinvoke -E -d /home/hahafish/speccpu2006/benchspec/CPU2006/482.sphinx3/run/run_base_ref_infra-rsan-orig-wo-check_O2.0000 -c 1 -e compare.err -o compare.stdout -f compare.cmd
Issuing command '/media/hahafish/Data/ForUbuntu/speccpu2006/bin/specinvoke -E -d /home/hahafish/speccpu2006/benchspec/CPU2006/482.sphinx3/run/run_base_ref_infra-rsan-orig-wo-check_O2.0000 -c 1 -e compare.err -o compare.stdout -f compare.cmd'
Start command: Wed Jul  1 13:35:17 2026 (1782884117)
Stop command: Wed Jul  1 13:35:20 2026 (1782884120)
Elapsed time for command: 00:00:03 (3)
Benchmark Times:
  Start:    Wed Jul  1 13:32:33 2026 (1782883953)
  Stop:     Wed Jul  1 13:35:17 2026 (1782884117)
  Elapsed:  00:02:44 (164)
  Reported: 156 371889000 156.371889
 Success 482.sphinx3 base ref ratio=124.64, runtime=156.371889

-----------------------------------
  Running (#2) 483.xalancbmk ref base infra-rsan-orig-wo-check_O2 default
Commands to run: 
    -C /media/hahafish/Data/ForUbuntu/speccpu2006/benchspec/CPU2006/483.xalancbmk/run/run_base_ref_infra-rsan-orig-wo-check_O2.0000
    -o ref.out -e ref.err ../run_base_ref_infra-rsan-orig-wo-check_O2.0000/Xalan_base.infra-rsan-orig-wo-check_O2 -v t5.xml xalanc.xsl
Specinvoke: /media/hahafish/Data/ForUbuntu/speccpu2006/bin/specinvoke -d /media/hahafish/Data/ForUbuntu/speccpu2006/benchspec/CPU2006/483.xalancbmk/run/run_base_ref_infra-rsan-orig-wo-check_O2.0000 -e speccmds.err -o speccmds.stdout -f speccmds.cmd -C
Issuing command '/media/hahafish/Data/ForUbuntu/speccpu2006/bin/specinvoke -d /media/hahafish/Data/ForUbuntu/speccpu2006/benchspec/CPU2006/483.xalancbmk/run/run_base_ref_infra-rsan-orig-wo-check_O2.0000 -e speccmds.err -o speccmds.stdout -f speccmds.cmd -C'
Start command: Wed Jul  1 13:35:20 2026 (1782884120)
Stop command: Wed Jul  1 13:36:55 2026 (1782884215)
Elapsed time for command: 00:01:35 (95)
Workload elapsed time (0:1) = 86.959787 seconds
copy 0 finished @ Wed Jul  1 13:36:47 2026.  Total elapsed time: 86.959787
comparing files in '/media/hahafish/Data/ForUbuntu/speccpu2006/benchspec/CPU2006/483.xalancbmk/run/run_base_ref_infra-rsan-orig-wo-check_O2.0000'
comparing 'ref.out' with abstol=, binary=, calctol=0, cw=, floatcompare=, ignorecase=, obiwan=, reltol=, skipabstol=, skipobiwan=, skipreltol=, skiptol=
Specinvoke: /media/hahafish/Data/ForUbuntu/speccpu2006/bin/specinvoke -E -d /media/hahafish/Data/ForUbuntu/speccpu2006/benchspec/CPU2006/483.xalancbmk/run/run_base_ref_infra-rsan-orig-wo-check_O2.0000 -c 1 -e compare.err -o compare.stdout -f compare.cmd
Issuing command '/media/hahafish/Data/ForUbuntu/speccpu2006/bin/specinvoke -E -d /media/hahafish/Data/ForUbuntu/speccpu2006/benchspec/CPU2006/483.xalancbmk/run/run_base_ref_infra-rsan-orig-wo-check_O2.0000 -c 1 -e compare.err -o compare.stdout -f compare.cmd'
Start command: Wed Jul  1 13:36:55 2026 (1782884215)
Stop command: Wed Jul  1 13:36:57 2026 (1782884217)
Elapsed time for command: 00:00:02 (2)
Benchmark Times:
  Start:    Wed Jul  1 13:35:20 2026 (1782884120)
  Stop:     Wed Jul  1 13:36:55 2026 (1782884215)
  Elapsed:  00:01:35 (95)
  Reported: 86 959834000 86.959834
 Success 483.xalancbmk base ref ratio=79.35, runtime=86.959834

-----------------------------------
  Running (#3) 400.perlbench ref base infra-rsan-orig-wo-check_O2 default
Commands to run: 
    -C /media/hahafish/Data/ForUbuntu/speccpu2006/benchspec/CPU2006/400.perlbench/run/run_base_ref_infra-rsan-orig-wo-check_O2.0000
    -o checkspam.2500.5.25.11.150.1.1.1.1.out -e checkspam.2500.5.25.11.150.1.1.1.1.err ../run_base_ref_infra-rsan-orig-wo-check_O2.0000/perlbench_base.infra-rsan-orig-wo-check_O2 -I./lib checkspam.pl 2500 5 25 11 150 1 1 1 1
    -o diffmail.4.800.10.17.19.300.out -e diffmail.4.800.10.17.19.300.err ../run_base_ref_infra-rsan-orig-wo-check_O2.0000/perlbench_base.infra-rsan-orig-wo-check_O2 -I./lib diffmail.pl 4 800 10 17 19 300
    -o splitmail.1600.12.26.16.4500.out -e splitmail.1600.12.26.16.4500.err ../run_base_ref_infra-rsan-orig-wo-check_O2.0000/perlbench_base.infra-rsan-orig-wo-check_O2 -I./lib splitmail.pl 1600 12 26 16 4500
Specinvoke: /media/hahafish/Data/ForUbuntu/speccpu2006/bin/specinvoke -d /media/hahafish/Data/ForUbuntu/speccpu2006/benchspec/CPU2006/400.perlbench/run/run_base_ref_infra-rsan-orig-wo-check_O2.0000 -e speccmds.err -o speccmds.stdout -f speccmds.cmd -C
Issuing command '/media/hahafish/Data/ForUbuntu/speccpu2006/bin/specinvoke -d /media/hahafish/Data/ForUbuntu/speccpu2006/benchspec/CPU2006/400.perlbench/run/run_base_ref_infra-rsan-orig-wo-check_O2.0000 -e speccmds.err -o speccmds.stdout -f speccmds.cmd -C'
Start command: Wed Jul  1 13:36:57 2026 (1782884217)
Stop command: Wed Jul  1 13:40:26 2026 (1782884426)
Elapsed time for command: 00:03:29 (209)
Workload elapsed time (0:1) = 64.732054 seconds
Workload elapsed time (0:2) = 44.153571 seconds
Workload elapsed time (0:3) = 91.750721 seconds
copy 0 finished @ Wed Jul  1 13:40:18 2026.  Total elapsed time: 200.636346
comparing files in '/media/hahafish/Data/ForUbuntu/speccpu2006/benchspec/CPU2006/400.perlbench/run/run_base_ref_infra-rsan-orig-wo-check_O2.0000'
comparing 'checkspam.2500.5.25.11.150.1.1.1.1.out' with abstol=, binary=, calctol=0, cw=, floatcompare=, ignorecase=, obiwan=, reltol=, skipabstol=, skipobiwan=, skipreltol=, skiptol=
comparing 'diffmail.4.800.10.17.19.300.out' with abstol=, binary=, calctol=0, cw=, floatcompare=, ignorecase=, obiwan=, reltol=, skipabstol=, skipobiwan=, skipreltol=, skiptol=
comparing 'splitmail.1600.12.26.16.4500.out' with abstol=, binary=, calctol=0, cw=, floatcompare=, ignorecase=, obiwan=, reltol=, skipabstol=, skipobiwan=, skipreltol=, skiptol=
Specinvoke: /media/hahafish/Data/ForUbuntu/speccpu2006/bin/specinvoke -E -d /media/hahafish/Data/ForUbuntu/speccpu2006/benchspec/CPU2006/400.perlbench/run/run_base_ref_infra-rsan-orig-wo-check_O2.0000 -c 1 -e compare.err -o compare.stdout -f compare.cmd
Issuing command '/media/hahafish/Data/ForUbuntu/speccpu2006/bin/specinvoke -E -d /media/hahafish/Data/ForUbuntu/speccpu2006/benchspec/CPU2006/400.perlbench/run/run_base_ref_infra-rsan-orig-wo-check_O2.0000 -c 1 -e compare.err -o compare.stdout -f compare.cmd'
Start command: Wed Jul  1 13:40:26 2026 (1782884426)
Stop command: Wed Jul  1 13:40:28 2026 (1782884428)
Elapsed time for command: 00:00:02 (2)
Benchmark Times:
  Start:    Wed Jul  1 13:36:57 2026 (1782884217)
  Stop:     Wed Jul  1 13:40:26 2026 (1782884426)
  Elapsed:  00:03:29 (209)
  Reported: 200 636414000 200.636414
 Success 400.perlbench base ref ratio=48.70, runtime=200.636414

-----------------------------------
  Running (#3) 401.bzip2 ref base infra-rsan-orig-wo-check_O2 default
Commands to run: 
    -C /media/hahafish/Data/ForUbuntu/speccpu2006/benchspec/CPU2006/401.bzip2/run/run_base_ref_infra-rsan-orig-wo-check_O2.0000
    -o input.source.out -e input.source.err ../run_base_ref_infra-rsan-orig-wo-check_O2.0000/bzip2_base.infra-rsan-orig-wo-check_O2 input.source 280
    -o chicken.jpg.out -e chicken.jpg.err ../run_base_ref_infra-rsan-orig-wo-check_O2.0000/bzip2_base.infra-rsan-orig-wo-check_O2 chicken.jpg 30
    -o liberty.jpg.out -e liberty.jpg.err ../run_base_ref_infra-rsan-orig-wo-check_O2.0000/bzip2_base.infra-rsan-orig-wo-check_O2 liberty.jpg 30
    -o input.program.out -e input.program.err ../run_base_ref_infra-rsan-orig-wo-check_O2.0000/bzip2_base.infra-rsan-orig-wo-check_O2 input.program 280
    -o text.html.out -e text.html.err ../run_base_ref_infra-rsan-orig-wo-check_O2.0000/bzip2_base.infra-rsan-orig-wo-check_O2 text.html 280
    -o input.combined.out -e input.combined.err ../run_base_ref_infra-rsan-orig-wo-check_O2.0000/bzip2_base.infra-rsan-orig-wo-check_O2 input.combined 200
Specinvoke: /media/hahafish/Data/ForUbuntu/speccpu2006/bin/specinvoke -d /media/hahafish/Data/ForUbuntu/speccpu2006/benchspec/CPU2006/401.bzip2/run/run_base_ref_infra-rsan-orig-wo-check_O2.0000 -e speccmds.err -o speccmds.stdout -f speccmds.cmd -C
Issuing command '/media/hahafish/Data/ForUbuntu/speccpu2006/bin/specinvoke -d /media/hahafish/Data/ForUbuntu/speccpu2006/benchspec/CPU2006/401.bzip2/run/run_base_ref_infra-rsan-orig-wo-check_O2.0000 -e speccmds.err -o speccmds.stdout -f speccmds.cmd -C'
Start command: Wed Jul  1 13:40:28 2026 (1782884428)
Stop command: Wed Jul  1 13:44:00 2026 (1782884640)
Elapsed time for command: 00:03:32 (212)
Workload elapsed time (0:1) = 45.23615 seconds
Workload elapsed time (0:2) = 12.572773 seconds
Workload elapsed time (0:3) = 19.539184 seconds
Workload elapsed time (0:4) = 44.837139 seconds
Workload elapsed time (0:5) = 47.156185 seconds
Workload elapsed time (0:6) = 34.493928 seconds
copy 0 finished @ Wed Jul  1 13:43:52 2026.  Total elapsed time: 203.835359
comparing files in '/media/hahafish/Data/ForUbuntu/speccpu2006/benchspec/CPU2006/401.bzip2/run/run_base_ref_infra-rsan-orig-wo-check_O2.0000'
comparing 'chicken.jpg.out' with abstol=, binary=, calctol=0, cw=, floatcompare=, ignorecase=, obiwan=, reltol=, skipabstol=, skipobiwan=, skipreltol=, skiptol=
comparing 'input.combined.out' with abstol=, binary=, calctol=0, cw=, floatcompare=, ignorecase=, obiwan=, reltol=, skipabstol=, skipobiwan=, skipreltol=, skiptol=
comparing 'input.program.out' with abstol=, binary=, calctol=0, cw=, floatcompare=, ignorecase=, obiwan=, reltol=, skipabstol=, skipobiwan=, skipreltol=, skiptol=
comparing 'input.source.out' with abstol=, binary=, calctol=0, cw=, floatcompare=, ignorecase=, obiwan=, reltol=, skipabstol=, skipobiwan=, skipreltol=, skiptol=
comparing 'liberty.jpg.out' with abstol=, binary=, calctol=0, cw=, floatcompare=, ignorecase=, obiwan=, reltol=, skipabstol=, skipobiwan=, skipreltol=, skiptol=
comparing 'text.html.out' with abstol=, binary=, calctol=0, cw=, floatcompare=, ignorecase=, obiwan=, reltol=, skipabstol=, skipobiwan=, skipreltol=, skiptol=
Specinvoke: /media/hahafish/Data/ForUbuntu/speccpu2006/bin/specinvoke -E -d /media/hahafish/Data/ForUbuntu/speccpu2006/benchspec/CPU2006/401.bzip2/run/run_base_ref_infra-rsan-orig-wo-check_O2.0000 -c 1 -e compare.err -o compare.stdout -f compare.cmd
Issuing command '/media/hahafish/Data/ForUbuntu/speccpu2006/bin/specinvoke -E -d /media/hahafish/Data/ForUbuntu/speccpu2006/benchspec/CPU2006/401.bzip2/run/run_base_ref_infra-rsan-orig-wo-check_O2.0000 -c 1 -e compare.err -o compare.stdout -f compare.cmd'
Start command: Wed Jul  1 13:44:00 2026 (1782884640)
Stop command: Wed Jul  1 13:44:02 2026 (1782884642)
Elapsed time for command: 00:00:02 (2)
Benchmark Times:
  Start:    Wed Jul  1 13:40:28 2026 (1782884428)
  Stop:     Wed Jul  1 13:44:00 2026 (1782884640)
  Elapsed:  00:03:32 (212)
  Reported: 203 835449000 203.835449
 Success 401.bzip2 base ref ratio=47.34, runtime=203.835449

-----------------------------------
  Running (#3) 403.gcc ref base infra-rsan-orig-wo-check_O2 default
Commands to run: 
    -C /media/hahafish/Data/ForUbuntu/speccpu2006/benchspec/CPU2006/403.gcc/run/run_base_ref_infra-rsan-orig-wo-check_O2.0000
    -o 166.out -e 166.err ../run_base_ref_infra-rsan-orig-wo-check_O2.0000/gcc_base.infra-rsan-orig-wo-check_O2 166.i -o 166.s
    -o 200.out -e 200.err ../run_base_ref_infra-rsan-orig-wo-check_O2.0000/gcc_base.infra-rsan-orig-wo-check_O2 200.i -o 200.s
    -o c-typeck.out -e c-typeck.err ../run_base_ref_infra-rsan-orig-wo-check_O2.0000/gcc_base.infra-rsan-orig-wo-check_O2 c-typeck.i -o c-typeck.s
    -o cp-decl.out -e cp-decl.err ../run_base_ref_infra-rsan-orig-wo-check_O2.0000/gcc_base.infra-rsan-orig-wo-check_O2 cp-decl.i -o cp-decl.s
    -o expr.out -e expr.err ../run_base_ref_infra-rsan-orig-wo-check_O2.0000/gcc_base.infra-rsan-orig-wo-check_O2 expr.i -o expr.s
    -o expr2.out -e expr2.err ../run_base_ref_infra-rsan-orig-wo-check_O2.0000/gcc_base.infra-rsan-orig-wo-check_O2 expr2.i -o expr2.s
    -o g23.out -e g23.err ../run_base_ref_infra-rsan-orig-wo-check_O2.0000/gcc_base.infra-rsan-orig-wo-check_O2 g23.i -o g23.s
    -o s04.out -e s04.err ../run_base_ref_infra-rsan-orig-wo-check_O2.0000/gcc_base.infra-rsan-orig-wo-check_O2 s04.i -o s04.s
    -o scilab.out -e scilab.err ../run_base_ref_infra-rsan-orig-wo-check_O2.0000/gcc_base.infra-rsan-orig-wo-check_O2 scilab.i -o scilab.s
Specinvoke: /media/hahafish/Data/ForUbuntu/speccpu2006/bin/specinvoke -d /media/hahafish/Data/ForUbuntu/speccpu2006/benchspec/CPU2006/403.gcc/run/run_base_ref_infra-rsan-orig-wo-check_O2.0000 -e speccmds.err -o speccmds.stdout -f speccmds.cmd -C
Issuing command '/media/hahafish/Data/ForUbuntu/speccpu2006/bin/specinvoke -d /media/hahafish/Data/ForUbuntu/speccpu2006/benchspec/CPU2006/403.gcc/run/run_base_ref_infra-rsan-orig-wo-check_O2.0000 -e speccmds.err -o speccmds.stdout -f speccmds.cmd -C'
Start command: Wed Jul  1 13:44:02 2026 (1782884642)
Stop command: Wed Jul  1 13:48:43 2026 (1782884923)
Elapsed time for command: 00:04:41 (281)
Workload elapsed time (0:1) = 10.446727 seconds
Workload elapsed time (0:2) = 17.688598 seconds
Workload elapsed time (0:3) = 21.780694 seconds
Workload elapsed time (0:4) = 27.988056 seconds
Workload elapsed time (0:5) = 37.387564 seconds
Workload elapsed time (0:6) = 32.767212 seconds
Workload elapsed time (0:7) = 44.680447 seconds
Workload elapsed time (0:8) = 74.322881 seconds
Workload elapsed time (0:9) = 5.883716 seconds
copy 0 finished @ Wed Jul  1 13:48:35 2026.  Total elapsed time: 272.945895
comparing files in '/media/hahafish/Data/ForUbuntu/speccpu2006/benchspec/CPU2006/403.gcc/run/run_base_ref_infra-rsan-orig-wo-check_O2.0000'
comparing '166.s' with abstol=, binary=, calctol=0, cw=, floatcompare=, ignorecase=, obiwan=, reltol=, skipabstol=, skipobiwan=, skipreltol=, skiptol=
comparing '200.s' with abstol=, binary=, calctol=0, cw=, floatcompare=, ignorecase=, obiwan=, reltol=, skipabstol=, skipobiwan=, skipreltol=, skiptol=
comparing 'c-typeck.s' with abstol=, binary=, calctol=0, cw=, floatcompare=, ignorecase=, obiwan=, reltol=, skipabstol=, skipobiwan=, skipreltol=, skiptol=
comparing 'cp-decl.s' with abstol=, binary=, calctol=0, cw=, floatcompare=, ignorecase=, obiwan=, reltol=, skipabstol=, skipobiwan=, skipreltol=, skiptol=
comparing 'expr.s' with abstol=, binary=, calctol=0, cw=, floatcompare=, ignorecase=, obiwan=, reltol=, skipabstol=, skipobiwan=, skipreltol=, skiptol=
comparing 'expr2.s' with abstol=, binary=, calctol=0, cw=, floatcompare=, ignorecase=, obiwan=, reltol=, skipabstol=, skipobiwan=, skipreltol=, skiptol=
comparing 'g23.s' with abstol=, binary=, calctol=0, cw=, floatcompare=, ignorecase=, obiwan=, reltol=, skipabstol=, skipobiwan=, skipreltol=, skiptol=
comparing 's04.s' with abstol=, binary=, calctol=0, cw=, floatcompare=, ignorecase=, obiwan=, reltol=, skipabstol=, skipobiwan=, skipreltol=, skiptol=
comparing 'scilab.s' with abstol=, binary=, calctol=0, cw=, floatcompare=, ignorecase=, obiwan=, reltol=, skipabstol=, skipobiwan=, skipreltol=, skiptol=
Specinvoke: /media/hahafish/Data/ForUbuntu/speccpu2006/bin/specinvoke -E -d /media/hahafish/Data/ForUbuntu/speccpu2006/benchspec/CPU2006/403.gcc/run/run_base_ref_infra-rsan-orig-wo-check_O2.0000 -c 1 -e compare.err -o compare.stdout -f compare.cmd
Issuing command '/media/hahafish/Data/ForUbuntu/speccpu2006/bin/specinvoke -E -d /media/hahafish/Data/ForUbuntu/speccpu2006/benchspec/CPU2006/403.gcc/run/run_base_ref_infra-rsan-orig-wo-check_O2.0000 -c 1 -e compare.err -o compare.stdout -f compare.cmd'
Start command: Wed Jul  1 13:48:43 2026 (1782884923)
Stop command: Wed Jul  1 13:48:45 2026 (1782884925)
Elapsed time for command: 00:00:02 (2)
Benchmark Times:
  Start:    Wed Jul  1 13:44:02 2026 (1782884642)
  Stop:     Wed Jul  1 13:48:43 2026 (1782884923)
  Elapsed:  00:04:41 (281)
  Reported: 272 946031000 272.946031
 Success 403.gcc base ref ratio=29.49, runtime=272.946031

-----------------------------------
  Running (#3) 429.mcf ref base infra-rsan-orig-wo-check_O2 default
Commands to run: 
    -C /home/hahafish/speccpu2006/benchspec/CPU2006/429.mcf/run/run_base_ref_infra-rsan-orig-wo-check_O2.0000
    -o inp.out -e inp.err ../run_base_ref_infra-rsan-orig-wo-check_O2.0000/mcf_base.infra-rsan-orig-wo-check_O2 inp.in
Specinvoke: /media/hahafish/Data/ForUbuntu/speccpu2006/bin/specinvoke -d /home/hahafish/speccpu2006/benchspec/CPU2006/429.mcf/run/run_base_ref_infra-rsan-orig-wo-check_O2.0000 -e speccmds.err -o speccmds.stdout -f speccmds.cmd -C
Issuing command '/media/hahafish/Data/ForUbuntu/speccpu2006/bin/specinvoke -d /home/hahafish/speccpu2006/benchspec/CPU2006/429.mcf/run/run_base_ref_infra-rsan-orig-wo-check_O2.0000 -e speccmds.err -o speccmds.stdout -f speccmds.cmd -C'
Start command: Wed Jul  1 13:48:45 2026 (1782884925)
Stop command: Wed Jul  1 13:50:48 2026 (1782885048)
Elapsed time for command: 00:02:03 (123)
Workload elapsed time (0:1) = 115.052593 seconds
copy 0 finished @ Wed Jul  1 13:50:40 2026.  Total elapsed time: 115.052593
comparing files in '/home/hahafish/speccpu2006/benchspec/CPU2006/429.mcf/run/run_base_ref_infra-rsan-orig-wo-check_O2.0000'
comparing 'inp.out' with abstol=, binary=, calctol=0, cw=, floatcompare=, ignorecase=, obiwan=, reltol=, skipabstol=, skipobiwan=, skipreltol=, skiptol=
comparing 'mcf.out' with abstol=, binary=, calctol=0, cw=, floatcompare=, ignorecase=, obiwan=, reltol=, skipabstol=, skipobiwan=, skipreltol=, skiptol=
Specinvoke: /media/hahafish/Data/ForUbuntu/speccpu2006/bin/specinvoke -E -d /home/hahafish/speccpu2006/benchspec/CPU2006/429.mcf/run/run_base_ref_infra-rsan-orig-wo-check_O2.0000 -c 1 -e compare.err -o compare.stdout -f compare.cmd
Issuing command '/media/hahafish/Data/ForUbuntu/speccpu2006/bin/specinvoke -E -d /home/hahafish/speccpu2006/benchspec/CPU2006/429.mcf/run/run_base_ref_infra-rsan-orig-wo-check_O2.0000 -c 1 -e compare.err -o compare.stdout -f compare.cmd'
Start command: Wed Jul  1 13:50:48 2026 (1782885048)
Stop command: Wed Jul  1 13:50:50 2026 (1782885050)
Elapsed time for command: 00:00:02 (2)
Benchmark Times:
  Start:    Wed Jul  1 13:48:45 2026 (1782884925)
  Stop:     Wed Jul  1 13:50:48 2026 (1782885048)
  Elapsed:  00:02:03 (123)
  Reported: 115 52638000 115.052638
 Success 429.mcf base ref ratio=79.27, runtime=115.052638

-----------------------------------
  Running (#3) 433.milc ref base infra-rsan-orig-wo-check_O2 default
Commands to run: 
    -C /home/hahafish/speccpu2006/benchspec/CPU2006/433.milc/run/run_base_ref_infra-rsan-orig-wo-check_O2.0000
    -i su3imp.in -o su3imp.out -e su3imp.err ../run_base_ref_infra-rsan-orig-wo-check_O2.0000/milc_base.infra-rsan-orig-wo-check_O2
Specinvoke: /media/hahafish/Data/ForUbuntu/speccpu2006/bin/specinvoke -d /home/hahafish/speccpu2006/benchspec/CPU2006/433.milc/run/run_base_ref_infra-rsan-orig-wo-check_O2.0000 -e speccmds.err -o speccmds.stdout -f speccmds.cmd -C
Issuing command '/media/hahafish/Data/ForUbuntu/speccpu2006/bin/specinvoke -d /home/hahafish/speccpu2006/benchspec/CPU2006/433.milc/run/run_base_ref_infra-rsan-orig-wo-check_O2.0000 -e speccmds.err -o speccmds.stdout -f speccmds.cmd -C'
Start command: Wed Jul  1 13:50:50 2026 (1782885050)
Stop command: Wed Jul  1 13:53:51 2026 (1782885231)
Elapsed time for command: 00:03:01 (181)
Workload elapsed time (0:1) = 173.20082 seconds
copy 0 finished @ Wed Jul  1 13:53:43 2026.  Total elapsed time: 173.20082
comparing files in '/home/hahafish/speccpu2006/benchspec/CPU2006/433.milc/run/run_base_ref_infra-rsan-orig-wo-check_O2.0000'
comparing 'su3imp.out' with abstol=2e-07, binary=, calctol=0, cw=, floatcompare=, ignorecase=, obiwan=, reltol=0.0001, skipabstol=, skipobiwan=, skipreltol=, skiptol=
Specinvoke: /media/hahafish/Data/ForUbuntu/speccpu2006/bin/specinvoke -E -d /home/hahafish/speccpu2006/benchspec/CPU2006/433.milc/run/run_base_ref_infra-rsan-orig-wo-check_O2.0000 -c 1 -e compare.err -o compare.stdout -f compare.cmd
Issuing command '/media/hahafish/Data/ForUbuntu/speccpu2006/bin/specinvoke -E -d /home/hahafish/speccpu2006/benchspec/CPU2006/433.milc/run/run_base_ref_infra-rsan-orig-wo-check_O2.0000 -c 1 -e compare.err -o compare.stdout -f compare.cmd'
Start command: Wed Jul  1 13:53:51 2026 (1782885231)
Stop command: Wed Jul  1 13:53:53 2026 (1782885233)
Elapsed time for command: 00:00:02 (2)
Benchmark Times:
  Start:    Wed Jul  1 13:50:50 2026 (1782885050)
  Stop:     Wed Jul  1 13:53:51 2026 (1782885231)
  Elapsed:  00:03:01 (181)
  Reported: 173 200861000 173.200861
 Success 433.milc base ref ratio=53.00, runtime=173.200861

-----------------------------------
  Running (#3) 444.namd ref base infra-rsan-orig-wo-check_O2 default
Commands to run: 
    -C /media/hahafish/Data/ForUbuntu/speccpu2006/benchspec/CPU2006/444.namd/run/run_base_ref_infra-rsan-orig-wo-check_O2.0000
    -o namd.stdout -e namd.err ../run_base_ref_infra-rsan-orig-wo-check_O2.0000/namd_base.infra-rsan-orig-wo-check_O2 --input namd.input --iterations 38 --output namd.out 
Specinvoke: /media/hahafish/Data/ForUbuntu/speccpu2006/bin/specinvoke -d /media/hahafish/Data/ForUbuntu/speccpu2006/benchspec/CPU2006/444.namd/run/run_base_ref_infra-rsan-orig-wo-check_O2.0000 -e speccmds.err -o speccmds.stdout -f speccmds.cmd -C
Issuing command '/media/hahafish/Data/ForUbuntu/speccpu2006/bin/specinvoke -d /media/hahafish/Data/ForUbuntu/speccpu2006/benchspec/CPU2006/444.namd/run/run_base_ref_infra-rsan-orig-wo-check_O2.0000 -e speccmds.err -o speccmds.stdout -f speccmds.cmd -C'
Start command: Wed Jul  1 13:53:53 2026 (1782885233)
Stop command: Wed Jul  1 13:55:54 2026 (1782885354)
Elapsed time for command: 00:02:01 (121)
Workload elapsed time (0:1) = 112.361009 seconds
copy 0 finished @ Wed Jul  1 13:55:46 2026.  Total elapsed time: 112.361009
comparing files in '/media/hahafish/Data/ForUbuntu/speccpu2006/benchspec/CPU2006/444.namd/run/run_base_ref_infra-rsan-orig-wo-check_O2.0000'
comparing 'namd.out' with abstol=1e-05, binary=, calctol=0, cw=, floatcompare=, ignorecase=, obiwan=, reltol=, skipabstol=, skipobiwan=, skipreltol=, skiptol=
Specinvoke: /media/hahafish/Data/ForUbuntu/speccpu2006/bin/specinvoke -E -d /media/hahafish/Data/ForUbuntu/speccpu2006/benchspec/CPU2006/444.namd/run/run_base_ref_infra-rsan-orig-wo-check_O2.0000 -c 1 -e compare.err -o compare.stdout -f compare.cmd
Issuing command '/media/hahafish/Data/ForUbuntu/speccpu2006/bin/specinvoke -E -d /media/hahafish/Data/ForUbuntu/speccpu2006/benchspec/CPU2006/444.namd/run/run_base_ref_infra-rsan-orig-wo-check_O2.0000 -c 1 -e compare.err -o compare.stdout -f compare.cmd'
Start command: Wed Jul  1 13:55:54 2026 (1782885354)
Stop command: Wed Jul  1 13:55:56 2026 (1782885356)
Elapsed time for command: 00:00:02 (2)
Benchmark Times:
  Start:    Wed Jul  1 13:53:53 2026 (1782885233)
  Stop:     Wed Jul  1 13:55:54 2026 (1782885354)
  Elapsed:  00:02:01 (121)
  Reported: 112 361049000 112.361049
 Success 444.namd base ref ratio=71.38, runtime=112.361049

-----------------------------------
  Running (#3) 445.gobmk ref base infra-rsan-orig-wo-check_O2 default
Commands to run: 
    -C /home/hahafish/speccpu2006/benchspec/CPU2006/445.gobmk/run/run_base_ref_infra-rsan-orig-wo-check_O2.0000
    -i 13x13.tst -o 13x13.out -e 13x13.err ../run_base_ref_infra-rsan-orig-wo-check_O2.0000/gobmk_base.infra-rsan-orig-wo-check_O2 --quiet --mode gtp
    -i nngs.tst -o nngs.out -e nngs.err ../run_base_ref_infra-rsan-orig-wo-check_O2.0000/gobmk_base.infra-rsan-orig-wo-check_O2 --quiet --mode gtp
    -i score2.tst -o score2.out -e score2.err ../run_base_ref_infra-rsan-orig-wo-check_O2.0000/gobmk_base.infra-rsan-orig-wo-check_O2 --quiet --mode gtp
    -i trevorc.tst -o trevorc.out -e trevorc.err ../run_base_ref_infra-rsan-orig-wo-check_O2.0000/gobmk_base.infra-rsan-orig-wo-check_O2 --quiet --mode gtp
    -i trevord.tst -o trevord.out -e trevord.err ../run_base_ref_infra-rsan-orig-wo-check_O2.0000/gobmk_base.infra-rsan-orig-wo-check_O2 --quiet --mode gtp
Specinvoke: /media/hahafish/Data/ForUbuntu/speccpu2006/bin/specinvoke -d /home/hahafish/speccpu2006/benchspec/CPU2006/445.gobmk/run/run_base_ref_infra-rsan-orig-wo-check_O2.0000 -e speccmds.err -o speccmds.stdout -f speccmds.cmd -C
Issuing command '/media/hahafish/Data/ForUbuntu/speccpu2006/bin/specinvoke -d /home/hahafish/speccpu2006/benchspec/CPU2006/445.gobmk/run/run_base_ref_infra-rsan-orig-wo-check_O2.0000 -e speccmds.err -o speccmds.stdout -f speccmds.cmd -C'
Start command: Wed Jul  1 13:55:56 2026 (1782885356)
Stop command: Wed Jul  1 13:58:59 2026 (1782885539)
Elapsed time for command: 00:03:03 (183)
Workload elapsed time (0:1) = 25.14713 seconds
Workload elapsed time (0:2) = 62.584557 seconds
Workload elapsed time (0:3) = 31.129442 seconds
Workload elapsed time (0:4) = 24.443757 seconds
Workload elapsed time (0:5) = 31.687569 seconds
copy 0 finished @ Wed Jul  1 13:58:51 2026.  Total elapsed time: 174.992455
comparing files in '/home/hahafish/speccpu2006/benchspec/CPU2006/445.gobmk/run/run_base_ref_infra-rsan-orig-wo-check_O2.0000'
comparing '13x13.out' with abstol=, binary=, calctol=0, cw=, floatcompare=, ignorecase=, obiwan=, reltol=, skipabstol=, skipobiwan=, skipreltol=, skiptol=
comparing 'nngs.out' with abstol=, binary=, calctol=0, cw=, floatcompare=, ignorecase=, obiwan=, reltol=, skipabstol=, skipobiwan=, skipreltol=, skiptol=
comparing 'score2.out' with abstol=, binary=, calctol=0, cw=, floatcompare=, ignorecase=, obiwan=, reltol=, skipabstol=, skipobiwan=, skipreltol=, skiptol=
comparing 'trevorc.out' with abstol=, binary=, calctol=0, cw=, floatcompare=, ignorecase=, obiwan=, reltol=, skipabstol=, skipobiwan=, skipreltol=, skiptol=
comparing 'trevord.out' with abstol=, binary=, calctol=0, cw=, floatcompare=, ignorecase=, obiwan=, reltol=, skipabstol=, skipobiwan=, skipreltol=, skiptol=
Specinvoke: /media/hahafish/Data/ForUbuntu/speccpu2006/bin/specinvoke -E -d /home/hahafish/speccpu2006/benchspec/CPU2006/445.gobmk/run/run_base_ref_infra-rsan-orig-wo-check_O2.0000 -c 1 -e compare.err -o compare.stdout -f compare.cmd
Issuing command '/media/hahafish/Data/ForUbuntu/speccpu2006/bin/specinvoke -E -d /home/hahafish/speccpu2006/benchspec/CPU2006/445.gobmk/run/run_base_ref_infra-rsan-orig-wo-check_O2.0000 -c 1 -e compare.err -o compare.stdout -f compare.cmd'
Start command: Wed Jul  1 13:58:59 2026 (1782885539)
Stop command: Wed Jul  1 13:59:01 2026 (1782885541)
Elapsed time for command: 00:00:02 (2)
Benchmark Times:
  Start:    Wed Jul  1 13:55:56 2026 (1782885356)
  Stop:     Wed Jul  1 13:58:59 2026 (1782885539)
  Elapsed:  00:03:03 (183)
  Reported: 174 992526000 174.992526
 Success 445.gobmk base ref ratio=59.95, runtime=174.992526

-----------------------------------
  Running (#3) 447.dealII ref base infra-rsan-orig-wo-check_O2 default
Commands to run: 
    -C /media/hahafish/Data/ForUbuntu/speccpu2006/benchspec/CPU2006/447.dealII/run/run_base_ref_infra-rsan-orig-wo-check_O2.0000
    -o log -e dealII.err ../run_base_ref_infra-rsan-orig-wo-check_O2.0000/dealII_base.infra-rsan-orig-wo-check_O2 23
Specinvoke: /media/hahafish/Data/ForUbuntu/speccpu2006/bin/specinvoke -d /media/hahafish/Data/ForUbuntu/speccpu2006/benchspec/CPU2006/447.dealII/run/run_base_ref_infra-rsan-orig-wo-check_O2.0000 -e speccmds.err -o speccmds.stdout -f speccmds.cmd -C
Issuing command '/media/hahafish/Data/ForUbuntu/speccpu2006/bin/specinvoke -d /media/hahafish/Data/ForUbuntu/speccpu2006/benchspec/CPU2006/447.dealII/run/run_base_ref_infra-rsan-orig-wo-check_O2.0000 -e speccmds.err -o speccmds.stdout -f speccmds.cmd -C'
Start command: Wed Jul  1 13:59:01 2026 (1782885541)
Stop command: Wed Jul  1 14:00:49 2026 (1782885649)
Elapsed time for command: 00:01:48 (108)
Workload elapsed time (0:1) = 99.561777 seconds
copy 0 finished @ Wed Jul  1 14:00:41 2026.  Total elapsed time: 99.561777
comparing files in '/media/hahafish/Data/ForUbuntu/speccpu2006/benchspec/CPU2006/447.dealII/run/run_base_ref_infra-rsan-orig-wo-check_O2.0000'
comparing 'grid-0.eps' with abstol=1e-07, binary=, calctol=0, cw=, floatcompare=, ignorecase=, obiwan=, reltol=, skipabstol=, skipobiwan=, skipreltol=, skiptol=
comparing 'grid-1.eps' with abstol=1e-07, binary=, calctol=0, cw=, floatcompare=, ignorecase=, obiwan=, reltol=, skipabstol=, skipobiwan=, skipreltol=, skiptol=
comparing 'grid-2.eps' with abstol=1e-07, binary=, calctol=0, cw=, floatcompare=, ignorecase=, obiwan=, reltol=, skipabstol=, skipobiwan=, skipreltol=, skiptol=
comparing 'grid-3.eps' with abstol=1e-07, binary=, calctol=0, cw=, floatcompare=, ignorecase=, obiwan=, reltol=, skipabstol=, skipobiwan=, skipreltol=, skiptol=
comparing 'grid-4.eps' with abstol=1e-07, binary=, calctol=0, cw=, floatcompare=, ignorecase=, obiwan=, reltol=, skipabstol=, skipobiwan=, skipreltol=, skiptol=
comparing 'grid-5.eps' with abstol=1e-07, binary=, calctol=0, cw=, floatcompare=, ignorecase=, obiwan=, reltol=, skipabstol=, skipobiwan=, skipreltol=, skiptol=
comparing 'grid-6.eps' with abstol=1e-07, binary=, calctol=0, cw=, floatcompare=, ignorecase=, obiwan=, reltol=, skipabstol=, skipobiwan=, skipreltol=, skiptol=
comparing 'grid-7.eps' with abstol=1e-07, binary=, calctol=0, cw=, floatcompare=, ignorecase=, obiwan=, reltol=, skipabstol=, skipobiwan=, skipreltol=, skiptol=
comparing 'grid-8.eps' with abstol=1e-07, binary=, calctol=0, cw=, floatcompare=, ignorecase=, obiwan=, reltol=, skipabstol=, skipobiwan=, skipreltol=, skiptol=
comparing 'solution-0.gmv' with abstol=1e-07, binary=, calctol=0, cw=, floatcompare=, ignorecase=, obiwan=, reltol=, skipabstol=, skipobiwan=, skipreltol=, skiptol=
comparing 'solution-1.gmv' with abstol=1e-07, binary=, calctol=0, cw=, floatcompare=, ignorecase=, obiwan=, reltol=, skipabstol=, skipobiwan=, skipreltol=, skiptol=
comparing 'solution-2.gmv' with abstol=1e-07, binary=, calctol=0, cw=, floatcompare=, ignorecase=, obiwan=, reltol=, skipabstol=, skipobiwan=, skipreltol=, skiptol=
comparing 'solution-3.gmv' with abstol=1e-07, binary=, calctol=0, cw=, floatcompare=, ignorecase=, obiwan=, reltol=, skipabstol=, skipobiwan=, skipreltol=, skiptol=
comparing 'solution-4.gmv' with abstol=1e-07, binary=, calctol=0, cw=, floatcompare=, ignorecase=, obiwan=, reltol=, skipabstol=, skipobiwan=, skipreltol=, skiptol=
comparing 'solution-5.gmv' with abstol=1e-07, binary=, calctol=0, cw=, floatcompare=, ignorecase=, obiwan=, reltol=, skipabstol=, skipobiwan=, skipreltol=, skiptol=
comparing 'solution-6.gmv' with abstol=1e-07, binary=, calctol=0, cw=, floatcompare=, ignorecase=, obiwan=, reltol=, skipabstol=, skipobiwan=, skipreltol=, skiptol=
comparing 'solution-7.gmv' with abstol=1e-07, binary=, calctol=0, cw=, floatcompare=, ignorecase=, obiwan=, reltol=, skipabstol=, skipobiwan=, skipreltol=, skiptol=
comparing 'solution-8.gmv' with abstol=1e-07, binary=, calctol=0, cw=, floatcompare=, ignorecase=, obiwan=, reltol=, skipabstol=, skipobiwan=, skipreltol=, skiptol=
comparing 'grid-10.eps' with abstol=1e-07, binary=, calctol=0, cw=, floatcompare=, ignorecase=, obiwan=, reltol=, skipabstol=, skipobiwan=, skipreltol=, skiptol=
comparing 'grid-11.eps' with abstol=1e-07, binary=, calctol=0, cw=, floatcompare=, ignorecase=, obiwan=, reltol=, skipabstol=, skipobiwan=, skipreltol=, skiptol=
comparing 'grid-12.eps' with abstol=1e-07, binary=, calctol=0, cw=, floatcompare=, ignorecase=, obiwan=, reltol=, skipabstol=, skipobiwan=, skipreltol=, skiptol=
comparing 'grid-13.eps' with abstol=1e-07, binary=, calctol=0, cw=, floatcompare=, ignorecase=, obiwan=, reltol=, skipabstol=, skipobiwan=, skipreltol=, skiptol=
comparing 'grid-14.eps' with abstol=1e-07, binary=, calctol=0, cw=, floatcompare=, ignorecase=, obiwan=, reltol=, skipabstol=, skipobiwan=, skipreltol=, skiptol=
comparing 'grid-15.eps' with abstol=1e-07, binary=, calctol=0, cw=, floatcompare=, ignorecase=, obiwan=, reltol=, skipabstol=, skipobiwan=, skipreltol=, skiptol=
comparing 'grid-16.eps' with abstol=1e-07, binary=, calctol=0, cw=, floatcompare=, ignorecase=, obiwan=, reltol=, skipabstol=, skipobiwan=, skipreltol=, skiptol=
comparing 'grid-17.eps' with abstol=1e-07, binary=, calctol=0, cw=, floatcompare=, ignorecase=, obiwan=, reltol=, skipabstol=, skipobiwan=, skipreltol=, skiptol=
comparing 'grid-18.eps' with abstol=1e-07, binary=, calctol=0, cw=, floatcompare=, ignorecase=, obiwan=, reltol=, skipabstol=, skipobiwan=, skipreltol=, skiptol=
comparing 'grid-19.eps' with abstol=1e-07, binary=, calctol=0, cw=, floatcompare=, ignorecase=, obiwan=, reltol=, skipabstol=, skipobiwan=, skipreltol=, skiptol=
comparing 'grid-20.eps' with abstol=1e-07, binary=, calctol=0, cw=, floatcompare=, ignorecase=, obiwan=, reltol=, skipabstol=, skipobiwan=, skipreltol=, skiptol=
comparing 'grid-21.eps' with abstol=1e-07, binary=, calctol=0, cw=, floatcompare=, ignorecase=, obiwan=, reltol=, skipabstol=, skipobiwan=, skipreltol=, skiptol=
comparing 'grid-22.eps' with abstol=1e-07, binary=, calctol=0, cw=, floatcompare=, ignorecase=, obiwan=, reltol=, skipabstol=, skipobiwan=, skipreltol=, skiptol=
comparing 'grid-23.eps' with abstol=1e-07, binary=, calctol=0, cw=, floatcompare=, ignorecase=, obiwan=, reltol=, skipabstol=, skipobiwan=, skipreltol=, skiptol=
comparing 'grid-9.eps' with abstol=1e-07, binary=, calctol=0, cw=, floatcompare=, ignorecase=, obiwan=, reltol=, skipabstol=, skipobiwan=, skipreltol=, skiptol=
comparing 'log' with abstol=1e-07, binary=, calctol=0, cw=, floatcompare=, ignorecase=, obiwan=, reltol=, skipabstol=, skipobiwan=, skipreltol=, skiptol=
comparing 'solution-10.gmv' with abstol=1e-07, binary=, calctol=0, cw=, floatcompare=, ignorecase=, obiwan=, reltol=, skipabstol=, skipobiwan=, skipreltol=, skiptol=
comparing 'solution-11.gmv' with abstol=1e-07, binary=, calctol=0, cw=, floatcompare=, ignorecase=, obiwan=, reltol=, skipabstol=, skipobiwan=, skipreltol=, skiptol=
comparing 'solution-12.gmv' with abstol=1e-07, binary=, calctol=0, cw=, floatcompare=, ignorecase=, obiwan=, reltol=, skipabstol=, skipobiwan=, skipreltol=, skiptol=
comparing 'solution-13.gmv' with abstol=1e-07, binary=, calctol=0, cw=, floatcompare=, ignorecase=, obiwan=, reltol=, skipabstol=, skipobiwan=, skipreltol=, skiptol=
comparing 'solution-14.gmv' with abstol=1e-07, binary=, calctol=0, cw=, floatcompare=, ignorecase=, obiwan=, reltol=, skipabstol=, skipobiwan=, skipreltol=, skiptol=
comparing 'solution-15.gmv' with abstol=1e-07, binary=, calctol=0, cw=, floatcompare=, ignorecase=, obiwan=, reltol=, skipabstol=, skipobiwan=, skipreltol=, skiptol=
comparing 'solution-16.gmv' with abstol=1e-07, binary=, calctol=0, cw=, floatcompare=, ignorecase=, obiwan=, reltol=, skipabstol=, skipobiwan=, skipreltol=, skiptol=
comparing 'solution-17.gmv' with abstol=1e-07, binary=, calctol=0, cw=, floatcompare=, ignorecase=, obiwan=, reltol=, skipabstol=, skipobiwan=, skipreltol=, skiptol=
comparing 'solution-18.gmv' with abstol=1e-07, binary=, calctol=0, cw=, floatcompare=, ignorecase=, obiwan=, reltol=, skipabstol=, skipobiwan=, skipreltol=, skiptol=
comparing 'solution-19.gmv' with abstol=1e-07, binary=, calctol=0, cw=, floatcompare=, ignorecase=, obiwan=, reltol=, skipabstol=, skipobiwan=, skipreltol=, skiptol=
comparing 'solution-20.gmv' with abstol=1e-07, binary=, calctol=0, cw=, floatcompare=, ignorecase=, obiwan=, reltol=, skipabstol=, skipobiwan=, skipreltol=, skiptol=
comparing 'solution-21.gmv' with abstol=1e-07, binary=, calctol=0, cw=, floatcompare=, ignorecase=, obiwan=, reltol=, skipabstol=, skipobiwan=, skipreltol=, skiptol=
comparing 'solution-22.gmv' with abstol=1e-07, binary=, calctol=0, cw=, floatcompare=, ignorecase=, obiwan=, reltol=, skipabstol=, skipobiwan=, skipreltol=, skiptol=
comparing 'solution-23.gmv' with abstol=1e-07, binary=, calctol=0, cw=, floatcompare=, ignorecase=, obiwan=, reltol=, skipabstol=, skipobiwan=, skipreltol=, skiptol=
comparing 'solution-9.gmv' with abstol=1e-07, binary=, calctol=0, cw=, floatcompare=, ignorecase=, obiwan=, reltol=, skipabstol=, skipobiwan=, skipreltol=, skiptol=
Specinvoke: /media/hahafish/Data/ForUbuntu/speccpu2006/bin/specinvoke -E -d /media/hahafish/Data/ForUbuntu/speccpu2006/benchspec/CPU2006/447.dealII/run/run_base_ref_infra-rsan-orig-wo-check_O2.0000 -c 1 -e compare.err -o compare.stdout -f compare.cmd
Issuing command '/media/hahafish/Data/ForUbuntu/speccpu2006/bin/specinvoke -E -d /media/hahafish/Data/ForUbuntu/speccpu2006/benchspec/CPU2006/447.dealII/run/run_base_ref_infra-rsan-orig-wo-check_O2.0000 -c 1 -e compare.err -o compare.stdout -f compare.cmd'
Start command: Wed Jul  1 14:00:49 2026 (1782885649)
Stop command: Wed Jul  1 14:01:03 2026 (1782885663)
Elapsed time for command: 00:00:14 (14)
Benchmark Times:
  Start:    Wed Jul  1 13:59:01 2026 (1782885541)
  Stop:     Wed Jul  1 14:00:49 2026 (1782885649)
  Elapsed:  00:01:48 (108)
  Reported: 99 561821000 99.561821
 Success 447.dealII base ref ratio=114.90, runtime=99.561821

-----------------------------------
  Running (#3) 450.soplex ref base infra-rsan-orig-wo-check_O2 default
Commands to run: 
    -C /media/hahafish/Data/ForUbuntu/speccpu2006/benchspec/CPU2006/450.soplex/run/run_base_ref_infra-rsan-orig-wo-check_O2.0000
    -o pds-50.mps.out -e pds-50.mps.stderr ../run_base_ref_infra-rsan-orig-wo-check_O2.0000/soplex_base.infra-rsan-orig-wo-check_O2 -s1 -e -m45000 pds-50.mps
    -o ref.out -e ref.stderr ../run_base_ref_infra-rsan-orig-wo-check_O2.0000/soplex_base.infra-rsan-orig-wo-check_O2 -m3500 ref.mps
Specinvoke: /media/hahafish/Data/ForUbuntu/speccpu2006/bin/specinvoke -d /media/hahafish/Data/ForUbuntu/speccpu2006/benchspec/CPU2006/450.soplex/run/run_base_ref_infra-rsan-orig-wo-check_O2.0000 -e speccmds.err -o speccmds.stdout -f speccmds.cmd -C
Issuing command '/media/hahafish/Data/ForUbuntu/speccpu2006/bin/specinvoke -d /media/hahafish/Data/ForUbuntu/speccpu2006/benchspec/CPU2006/450.soplex/run/run_base_ref_infra-rsan-orig-wo-check_O2.0000 -e speccmds.err -o speccmds.stdout -f speccmds.cmd -C'
Start command: Wed Jul  1 14:01:03 2026 (1782885663)
Stop command: Wed Jul  1 14:02:55 2026 (1782885775)
Elapsed time for command: 00:01:52 (112)
Workload elapsed time (0:1) = 55.260634 seconds
Workload elapsed time (0:2) = 49.326121 seconds
copy 0 finished @ Wed Jul  1 14:02:47 2026.  Total elapsed time: 104.586755
comparing files in '/media/hahafish/Data/ForUbuntu/speccpu2006/benchspec/CPU2006/450.soplex/run/run_base_ref_infra-rsan-orig-wo-check_O2.0000'
comparing 'pds-50.mps.out' with abstol=1e-05, binary=, calctol=0, cw=, floatcompare=, ignorecase=, obiwan=1, reltol=0.02, skipabstol=, skipobiwan=, skipreltol=, skiptol=
comparing 'pds-50.mps.stderr' with abstol=20, binary=, calctol=0, cw=, floatcompare=, ignorecase=, obiwan=1, reltol=0.0001, skipabstol=, skipobiwan=, skipreltol=, skiptol=
comparing 'ref.out' with abstol=1e-05, binary=, calctol=0, cw=, floatcompare=, ignorecase=, obiwan=1, reltol=0.02, skipabstol=, skipobiwan=, skipreltol=, skiptol=
comparing 'ref.stderr' with abstol=20, binary=, calctol=0, cw=, floatcompare=, ignorecase=, obiwan=1, reltol=0.0001, skipabstol=, skipobiwan=, skipreltol=, skiptol=
Specinvoke: /media/hahafish/Data/ForUbuntu/speccpu2006/bin/specinvoke -E -d /media/hahafish/Data/ForUbuntu/speccpu2006/benchspec/CPU2006/450.soplex/run/run_base_ref_infra-rsan-orig-wo-check_O2.0000 -c 1 -e compare.err -o compare.stdout -f compare.cmd
Issuing command '/media/hahafish/Data/ForUbuntu/speccpu2006/bin/specinvoke -E -d /media/hahafish/Data/ForUbuntu/speccpu2006/benchspec/CPU2006/450.soplex/run/run_base_ref_infra-rsan-orig-wo-check_O2.0000 -c 1 -e compare.err -o compare.stdout -f compare.cmd'
Start command: Wed Jul  1 14:02:55 2026 (1782885775)
Stop command: Wed Jul  1 14:02:58 2026 (1782885778)
Elapsed time for command: 00:00:03 (3)
Error with '/media/hahafish/Data/ForUbuntu/speccpu2006/bin/specinvoke -E -d /media/hahafish/Data/ForUbuntu/speccpu2006/benchspec/CPU2006/450.soplex/run/run_base_ref_infra-rsan-orig-wo-check_O2.0000 -c 1 -e compare.err -o compare.stdout -f compare.cmd': check file '/media/hahafish/Data/ForUbuntu/speccpu2006/benchspec/CPU2006/450.soplex/run/run_base_ref_infra-rsan-orig-wo-check_O2.0000/.err'
*** Miscompare of pds-50.mps.stderr, see /media/hahafish/Data/ForUbuntu/speccpu2006/benchspec/CPU2006/450.soplex/run/run_base_ref_infra-rsan-orig-wo-check_O2.0000/pds-50.mps.stderr.mis
'pds-50.mps.stderr' long
*** Miscompare of ref.stderr, see /media/hahafish/Data/ForUbuntu/speccpu2006/benchspec/CPU2006/450.soplex/run/run_base_ref_infra-rsan-orig-wo-check_O2.0000/ref.stderr.mis
'ref.stderr' long
Benchmark Times:
  Start:    Wed Jul  1 14:01:03 2026 (1782885663)
  Stop:     Wed Jul  1 14:02:55 2026 (1782885775)
  Elapsed:  00:01:52 (112)
  Reported: 104 586809000 104.586809
 Error 450.soplex base ref ratio=79.74, runtime=104.586809

-----------------------------------
  Running (#3) 453.povray ref base infra-rsan-orig-wo-check_O2 default
Commands to run: 
    -C /media/hahafish/Data/ForUbuntu/speccpu2006/benchspec/CPU2006/453.povray/run/run_base_ref_infra-rsan-orig-wo-check_O2.0000
    -o SPEC-benchmark-ref.stdout -e SPEC-benchmark-ref.stderr ../run_base_ref_infra-rsan-orig-wo-check_O2.0000/povray_base.infra-rsan-orig-wo-check_O2 SPEC-benchmark-ref.ini
Specinvoke: /media/hahafish/Data/ForUbuntu/speccpu2006/bin/specinvoke -d /media/hahafish/Data/ForUbuntu/speccpu2006/benchspec/CPU2006/453.povray/run/run_base_ref_infra-rsan-orig-wo-check_O2.0000 -e speccmds.err -o speccmds.stdout -f speccmds.cmd -C
Issuing command '/media/hahafish/Data/ForUbuntu/speccpu2006/bin/specinvoke -d /media/hahafish/Data/ForUbuntu/speccpu2006/benchspec/CPU2006/453.povray/run/run_base_ref_infra-rsan-orig-wo-check_O2.0000 -e speccmds.err -o speccmds.stdout -f speccmds.cmd -C'
Start command: Wed Jul  1 14:02:58 2026 (1782885778)
Stop command: Wed Jul  1 14:03:46 2026 (1782885826)
Elapsed time for command: 00:00:48 (48)
Workload elapsed time (0:1) = 40.193046 seconds
copy 0 finished @ Wed Jul  1 14:03:38 2026.  Total elapsed time: 40.193046
comparing files in '/media/hahafish/Data/ForUbuntu/speccpu2006/benchspec/CPU2006/453.povray/run/run_base_ref_infra-rsan-orig-wo-check_O2.0000'
comparing 'SPEC-benchmark.log' with abstol=0, binary=, calctol=0, cw=, floatcompare=, ignorecase=, obiwan=, reltol=5e-05, skipabstol=, skipobiwan=, skipreltol=, skiptol=
comparing 'SPEC-benchmark.tga' with abstol=0, binary=1, calctol=0, cw=, floatcompare=, ignorecase=, obiwan=, reltol=5e-05, skipabstol=, skipobiwan=, skipreltol=, skiptol=50
Specinvoke: /media/hahafish/Data/ForUbuntu/speccpu2006/bin/specinvoke -E -d /media/hahafish/Data/ForUbuntu/speccpu2006/benchspec/CPU2006/453.povray/run/run_base_ref_infra-rsan-orig-wo-check_O2.0000 -c 1 -e compare.err -o compare.stdout -f compare.cmd
Issuing command '/media/hahafish/Data/ForUbuntu/speccpu2006/bin/specinvoke -E -d /media/hahafish/Data/ForUbuntu/speccpu2006/benchspec/CPU2006/453.povray/run/run_base_ref_infra-rsan-orig-wo-check_O2.0000 -c 1 -e compare.err -o compare.stdout -f compare.cmd'
Start command: Wed Jul  1 14:03:46 2026 (1782885826)
Stop command: Wed Jul  1 14:03:51 2026 (1782885831)
Elapsed time for command: 00:00:05 (5)
Benchmark Times:
  Start:    Wed Jul  1 14:02:58 2026 (1782885778)
  Stop:     Wed Jul  1 14:03:46 2026 (1782885826)
  Elapsed:  00:00:48 (48)
  Reported: 40 193085000 40.193085
 Success 453.povray base ref ratio=132.36, runtime=40.193085

-----------------------------------
  Running (#3) 456.hmmer ref base infra-rsan-orig-wo-check_O2 default
Commands to run: 
    -C /home/hahafish/speccpu2006/benchspec/CPU2006/456.hmmer/run/run_base_ref_infra-rsan-orig-wo-check_O2.0000
    -o nph3.out -e nph3.err ../run_base_ref_infra-rsan-orig-wo-check_O2.0000/hmmer_base.infra-rsan-orig-wo-check_O2 nph3.hmm swiss41
    -o retro.out -e retro.err ../run_base_ref_infra-rsan-orig-wo-check_O2.0000/hmmer_base.infra-rsan-orig-wo-check_O2 --fixed 0 --mean 500 --num 500000 --sd 350 --seed 0 retro.hmm
Specinvoke: /media/hahafish/Data/ForUbuntu/speccpu2006/bin/specinvoke -d /home/hahafish/speccpu2006/benchspec/CPU2006/456.hmmer/run/run_base_ref_infra-rsan-orig-wo-check_O2.0000 -e speccmds.err -o speccmds.stdout -f speccmds.cmd -C
Issuing command '/media/hahafish/Data/ForUbuntu/speccpu2006/bin/specinvoke -d /home/hahafish/speccpu2006/benchspec/CPU2006/456.hmmer/run/run_base_ref_infra-rsan-orig-wo-check_O2.0000 -e speccmds.err -o speccmds.stdout -f speccmds.cmd -C'
Start command: Wed Jul  1 14:03:51 2026 (1782885831)
Stop command: Wed Jul  1 14:05:55 2026 (1782885955)
Elapsed time for command: 00:02:04 (124)
Workload elapsed time (0:1) = 35.475034 seconds
Workload elapsed time (0:2) = 79.744667 seconds
copy 0 finished @ Wed Jul  1 14:05:47 2026.  Total elapsed time: 115.219701
comparing files in '/home/hahafish/speccpu2006/benchspec/CPU2006/456.hmmer/run/run_base_ref_infra-rsan-orig-wo-check_O2.0000'
comparing 'nph3.out' with abstol=1e-05, binary=, calctol=0, cw=, floatcompare=, ignorecase=, obiwan=, reltol=0.002, skipabstol=, skipobiwan=, skipreltol=, skiptol=10
comparing 'retro.out' with abstol=1e-05, binary=, calctol=0, cw=, floatcompare=, ignorecase=, obiwan=, reltol=0.002, skipabstol=, skipobiwan=, skipreltol=, skiptol=10
Specinvoke: /media/hahafish/Data/ForUbuntu/speccpu2006/bin/specinvoke -E -d /home/hahafish/speccpu2006/benchspec/CPU2006/456.hmmer/run/run_base_ref_infra-rsan-orig-wo-check_O2.0000 -c 1 -e compare.err -o compare.stdout -f compare.cmd
Issuing command '/media/hahafish/Data/ForUbuntu/speccpu2006/bin/specinvoke -E -d /home/hahafish/speccpu2006/benchspec/CPU2006/456.hmmer/run/run_base_ref_infra-rsan-orig-wo-check_O2.0000 -c 1 -e compare.err -o compare.stdout -f compare.cmd'
Start command: Wed Jul  1 14:05:55 2026 (1782885955)
Stop command: Wed Jul  1 14:05:57 2026 (1782885957)
Elapsed time for command: 00:00:02 (2)
Benchmark Times:
  Start:    Wed Jul  1 14:03:51 2026 (1782885831)
  Stop:     Wed Jul  1 14:05:55 2026 (1782885955)
  Elapsed:  00:02:04 (124)
  Reported: 115 219751000 115.219751
 Success 456.hmmer base ref ratio=80.98, runtime=115.219751

-----------------------------------
  Running (#3) 458.sjeng ref base infra-rsan-orig-wo-check_O2 default
Commands to run: 
    -C /media/hahafish/Data/ForUbuntu/speccpu2006/benchspec/CPU2006/458.sjeng/run/run_base_ref_infra-rsan-orig-wo-check_O2.0000
    -o ref.out -e ref.err ../run_base_ref_infra-rsan-orig-wo-check_O2.0000/sjeng_base.infra-rsan-orig-wo-check_O2 ref.txt
Specinvoke: /media/hahafish/Data/ForUbuntu/speccpu2006/bin/specinvoke -d /media/hahafish/Data/ForUbuntu/speccpu2006/benchspec/CPU2006/458.sjeng/run/run_base_ref_infra-rsan-orig-wo-check_O2.0000 -e speccmds.err -o speccmds.stdout -f speccmds.cmd -C
Issuing command '/media/hahafish/Data/ForUbuntu/speccpu2006/bin/specinvoke -d /media/hahafish/Data/ForUbuntu/speccpu2006/benchspec/CPU2006/458.sjeng/run/run_base_ref_infra-rsan-orig-wo-check_O2.0000 -e speccmds.err -o speccmds.stdout -f speccmds.cmd -C'
Start command: Wed Jul  1 14:05:57 2026 (1782885957)
Stop command: Wed Jul  1 14:09:44 2026 (1782886184)
Elapsed time for command: 00:03:47 (227)
Workload elapsed time (0:1) = 219.661186 seconds
copy 0 finished @ Wed Jul  1 14:09:36 2026.  Total elapsed time: 219.661186
comparing files in '/media/hahafish/Data/ForUbuntu/speccpu2006/benchspec/CPU2006/458.sjeng/run/run_base_ref_infra-rsan-orig-wo-check_O2.0000'
comparing 'ref.out' with abstol=, binary=, calctol=0, cw=, floatcompare=, ignorecase=, obiwan=, reltol=, skipabstol=, skipobiwan=, skipreltol=, skiptol=
Specinvoke: /media/hahafish/Data/ForUbuntu/speccpu2006/bin/specinvoke -E -d /media/hahafish/Data/ForUbuntu/speccpu2006/benchspec/CPU2006/458.sjeng/run/run_base_ref_infra-rsan-orig-wo-check_O2.0000 -c 1 -e compare.err -o compare.stdout -f compare.cmd
Issuing command '/media/hahafish/Data/ForUbuntu/speccpu2006/bin/specinvoke -E -d /media/hahafish/Data/ForUbuntu/speccpu2006/benchspec/CPU2006/458.sjeng/run/run_base_ref_infra-rsan-orig-wo-check_O2.0000 -c 1 -e compare.err -o compare.stdout -f compare.cmd'
Start command: Wed Jul  1 14:09:44 2026 (1782886184)
Stop command: Wed Jul  1 14:09:46 2026 (1782886186)
Elapsed time for command: 00:00:02 (2)
Benchmark Times:
  Start:    Wed Jul  1 14:05:57 2026 (1782885957)
  Stop:     Wed Jul  1 14:09:44 2026 (1782886184)
  Elapsed:  00:03:47 (227)
  Reported: 219 661227000 219.661227
 Success 458.sjeng base ref ratio=55.08, runtime=219.661227

-----------------------------------
  Running (#3) 462.libquantum ref base infra-rsan-orig-wo-check_O2 default
Commands to run: 
    -C /home/hahafish/speccpu2006/benchspec/CPU2006/462.libquantum/run/run_base_ref_infra-rsan-orig-wo-check_O2.0000
    -o ref.out -e ref.err ../run_base_ref_infra-rsan-orig-wo-check_O2.0000/libquantum_base.infra-rsan-orig-wo-check_O2 1397 8
Specinvoke: /media/hahafish/Data/ForUbuntu/speccpu2006/bin/specinvoke -d /home/hahafish/speccpu2006/benchspec/CPU2006/462.libquantum/run/run_base_ref_infra-rsan-orig-wo-check_O2.0000 -e speccmds.err -o speccmds.stdout -f speccmds.cmd -C
Issuing command '/media/hahafish/Data/ForUbuntu/speccpu2006/bin/specinvoke -d /home/hahafish/speccpu2006/benchspec/CPU2006/462.libquantum/run/run_base_ref_infra-rsan-orig-wo-check_O2.0000 -e speccmds.err -o speccmds.stdout -f speccmds.cmd -C'
Start command: Wed Jul  1 14:09:46 2026 (1782886186)
Stop command: Wed Jul  1 14:13:29 2026 (1782886409)
Elapsed time for command: 00:03:43 (223)
Workload elapsed time (0:1) = 214.779842 seconds
copy 0 finished @ Wed Jul  1 14:13:21 2026.  Total elapsed time: 214.779842
comparing files in '/home/hahafish/speccpu2006/benchspec/CPU2006/462.libquantum/run/run_base_ref_infra-rsan-orig-wo-check_O2.0000'
comparing 'ref.out' with abstol=, binary=, calctol=0, cw=, floatcompare=, ignorecase=, obiwan=1, reltol=, skipabstol=, skipobiwan=, skipreltol=, skiptol=
Specinvoke: /media/hahafish/Data/ForUbuntu/speccpu2006/bin/specinvoke -E -d /home/hahafish/speccpu2006/benchspec/CPU2006/462.libquantum/run/run_base_ref_infra-rsan-orig-wo-check_O2.0000 -c 1 -e compare.err -o compare.stdout -f compare.cmd
Issuing command '/media/hahafish/Data/ForUbuntu/speccpu2006/bin/specinvoke -E -d /home/hahafish/speccpu2006/benchspec/CPU2006/462.libquantum/run/run_base_ref_infra-rsan-orig-wo-check_O2.0000 -c 1 -e compare.err -o compare.stdout -f compare.cmd'
Start command: Wed Jul  1 14:13:29 2026 (1782886409)
Stop command: Wed Jul  1 14:13:31 2026 (1782886411)
Elapsed time for command: 00:00:02 (2)
Benchmark Times:
  Start:    Wed Jul  1 14:09:46 2026 (1782886186)
  Stop:     Wed Jul  1 14:13:29 2026 (1782886409)
  Elapsed:  00:03:43 (223)
  Reported: 214 779883000 214.779883
 Success 462.libquantum base ref ratio=96.47, runtime=214.779883

-----------------------------------
  Running (#3) 464.h264ref ref base infra-rsan-orig-wo-check_O2 default
Commands to run: 
    -C /media/hahafish/Data/ForUbuntu/speccpu2006/benchspec/CPU2006/464.h264ref/run/run_base_ref_infra-rsan-orig-wo-check_O2.0000
    -o foreman_ref_baseline_encodelog.out -e foreman_ref_baseline_encodelog.err ../run_base_ref_infra-rsan-orig-wo-check_O2.0000/h264ref_base.infra-rsan-orig-wo-check_O2 -d foreman_ref_encoder_baseline.cfg
    -o foreman_ref_main_encodelog.out -e foreman_ref_main_encodelog.err ../run_base_ref_infra-rsan-orig-wo-check_O2.0000/h264ref_base.infra-rsan-orig-wo-check_O2 -d foreman_ref_encoder_main.cfg
    -o sss_main_encodelog.out -e sss_main_encodelog.err ../run_base_ref_infra-rsan-orig-wo-check_O2.0000/h264ref_base.infra-rsan-orig-wo-check_O2 -d sss_encoder_main.cfg
Specinvoke: /media/hahafish/Data/ForUbuntu/speccpu2006/bin/specinvoke -d /media/hahafish/Data/ForUbuntu/speccpu2006/benchspec/CPU2006/464.h264ref/run/run_base_ref_infra-rsan-orig-wo-check_O2.0000 -e speccmds.err -o speccmds.stdout -f speccmds.cmd -C
Issuing command '/media/hahafish/Data/ForUbuntu/speccpu2006/bin/specinvoke -d /media/hahafish/Data/ForUbuntu/speccpu2006/benchspec/CPU2006/464.h264ref/run/run_base_ref_infra-rsan-orig-wo-check_O2.0000 -e speccmds.err -o speccmds.stdout -f speccmds.cmd -C'
Start command: Wed Jul  1 14:13:31 2026 (1782886411)
Stop command: Wed Jul  1 14:16:16 2026 (1782886576)
Elapsed time for command: 00:02:45 (165)
Workload elapsed time (0:1) = 21.675794 seconds
Workload elapsed time (0:2) = 14.324479 seconds
Workload elapsed time (0:3) = 121.227733 seconds
copy 0 finished @ Wed Jul  1 14:16:08 2026.  Total elapsed time: 157.228006
comparing files in '/media/hahafish/Data/ForUbuntu/speccpu2006/benchspec/CPU2006/464.h264ref/run/run_base_ref_infra-rsan-orig-wo-check_O2.0000'
comparing 'foreman_ref_baseline_encodelog.out' with abstol=, binary=, calctol=0, cw=1, floatcompare=1, ignorecase=, obiwan=, reltol=, skipabstol=, skipobiwan=, skipreltol=, skiptol=
comparing 'foreman_ref_baseline_leakybucketparam.cfg' with abstol=, binary=1, calctol=0, cw=1, floatcompare=1, ignorecase=, obiwan=, reltol=, skipabstol=, skipobiwan=, skipreltol=, skiptol=
comparing 'foreman_ref_main_encodelog.out' with abstol=, binary=, calctol=0, cw=1, floatcompare=1, ignorecase=, obiwan=, reltol=, skipabstol=, skipobiwan=, skipreltol=, skiptol=
comparing 'foreman_ref_main_leakybucketparam.cfg' with abstol=, binary=1, calctol=0, cw=1, floatcompare=1, ignorecase=, obiwan=, reltol=, skipabstol=, skipobiwan=, skipreltol=, skiptol=
comparing 'sss_main_encodelog.out' with abstol=, binary=, calctol=0, cw=1, floatcompare=1, ignorecase=, obiwan=, reltol=, skipabstol=, skipobiwan=, skipreltol=, skiptol=
comparing 'sss_main_leakybucketparam.cfg' with abstol=, binary=1, calctol=0, cw=1, floatcompare=1, ignorecase=, obiwan=, reltol=, skipabstol=, skipobiwan=, skipreltol=, skiptol=
Specinvoke: /media/hahafish/Data/ForUbuntu/speccpu2006/bin/specinvoke -E -d /media/hahafish/Data/ForUbuntu/speccpu2006/benchspec/CPU2006/464.h264ref/run/run_base_ref_infra-rsan-orig-wo-check_O2.0000 -c 1 -e compare.err -o compare.stdout -f compare.cmd
Issuing command '/media/hahafish/Data/ForUbuntu/speccpu2006/bin/specinvoke -E -d /media/hahafish/Data/ForUbuntu/speccpu2006/benchspec/CPU2006/464.h264ref/run/run_base_ref_infra-rsan-orig-wo-check_O2.0000 -c 1 -e compare.err -o compare.stdout -f compare.cmd'
Start command: Wed Jul  1 14:16:16 2026 (1782886576)
Stop command: Wed Jul  1 14:16:19 2026 (1782886579)
Elapsed time for command: 00:00:03 (3)
Benchmark Times:
  Start:    Wed Jul  1 14:13:31 2026 (1782886411)
  Stop:     Wed Jul  1 14:16:16 2026 (1782886576)
  Elapsed:  00:02:45 (165)
  Reported: 157 228057000 157.228057
 Success 464.h264ref base ref ratio=140.75, runtime=157.228057

-----------------------------------
  Running (#3) 470.lbm ref base infra-rsan-orig-wo-check_O2 default
Commands to run: 
    -C /media/hahafish/Data/ForUbuntu/speccpu2006/benchspec/CPU2006/470.lbm/run/run_base_ref_infra-rsan-orig-wo-check_O2.0000
    -o lbm.out -e lbm.err ../run_base_ref_infra-rsan-orig-wo-check_O2.0000/lbm_base.infra-rsan-orig-wo-check_O2 3000 reference.dat 0 0 100_100_130_ldc.of
Specinvoke: /media/hahafish/Data/ForUbuntu/speccpu2006/bin/specinvoke -d /media/hahafish/Data/ForUbuntu/speccpu2006/benchspec/CPU2006/470.lbm/run/run_base_ref_infra-rsan-orig-wo-check_O2.0000 -e speccmds.err -o speccmds.stdout -f speccmds.cmd -C
Issuing command '/media/hahafish/Data/ForUbuntu/speccpu2006/bin/specinvoke -d /media/hahafish/Data/ForUbuntu/speccpu2006/benchspec/CPU2006/470.lbm/run/run_base_ref_infra-rsan-orig-wo-check_O2.0000 -e speccmds.err -o speccmds.stdout -f speccmds.cmd -C'
Start command: Wed Jul  1 14:16:19 2026 (1782886579)
Stop command: Wed Jul  1 14:18:05 2026 (1782886685)
Elapsed time for command: 00:01:46 (106)
Workload elapsed time (0:1) = 98.284519 seconds
copy 0 finished @ Wed Jul  1 14:17:57 2026.  Total elapsed time: 98.284519
comparing files in '/media/hahafish/Data/ForUbuntu/speccpu2006/benchspec/CPU2006/470.lbm/run/run_base_ref_infra-rsan-orig-wo-check_O2.0000'
comparing 'lbm.out' with abstol=1e-07, binary=, calctol=0, cw=, floatcompare=, ignorecase=, obiwan=, reltol=, skipabstol=, skipobiwan=, skipreltol=, skiptol=
Specinvoke: /media/hahafish/Data/ForUbuntu/speccpu2006/bin/specinvoke -E -d /media/hahafish/Data/ForUbuntu/speccpu2006/benchspec/CPU2006/470.lbm/run/run_base_ref_infra-rsan-orig-wo-check_O2.0000 -c 1 -e compare.err -o compare.stdout -f compare.cmd
Issuing command '/media/hahafish/Data/ForUbuntu/speccpu2006/bin/specinvoke -E -d /media/hahafish/Data/ForUbuntu/speccpu2006/benchspec/CPU2006/470.lbm/run/run_base_ref_infra-rsan-orig-wo-check_O2.0000 -c 1 -e compare.err -o compare.stdout -f compare.cmd'
Start command: Wed Jul  1 14:18:05 2026 (1782886685)
Stop command: Wed Jul  1 14:18:07 2026 (1782886687)
Elapsed time for command: 00:00:02 (2)
Benchmark Times:
  Start:    Wed Jul  1 14:16:19 2026 (1782886579)
  Stop:     Wed Jul  1 14:18:05 2026 (1782886685)
  Elapsed:  00:01:46 (106)
  Reported: 98 284567000 98.284567
 Success 470.lbm base ref ratio=139.80, runtime=98.284567

-----------------------------------
  Running (#3) 471.omnetpp ref base infra-rsan-orig-wo-check_O2 default
Commands to run: 
    -C /media/hahafish/Data/ForUbuntu/speccpu2006/benchspec/CPU2006/471.omnetpp/run/run_base_ref_infra-rsan-orig-wo-check_O2.0000
    -o omnetpp.log -e omnetpp.err ../run_base_ref_infra-rsan-orig-wo-check_O2.0000/omnetpp_base.infra-rsan-orig-wo-check_O2 omnetpp.ini
Specinvoke: /media/hahafish/Data/ForUbuntu/speccpu2006/bin/specinvoke -d /media/hahafish/Data/ForUbuntu/speccpu2006/benchspec/CPU2006/471.omnetpp/run/run_base_ref_infra-rsan-orig-wo-check_O2.0000 -e speccmds.err -o speccmds.stdout -f speccmds.cmd -C
Issuing command '/media/hahafish/Data/ForUbuntu/speccpu2006/bin/specinvoke -d /media/hahafish/Data/ForUbuntu/speccpu2006/benchspec/CPU2006/471.omnetpp/run/run_base_ref_infra-rsan-orig-wo-check_O2.0000 -e speccmds.err -o speccmds.stdout -f speccmds.cmd -C'
Start command: Wed Jul  1 14:18:07 2026 (1782886687)
Stop command: Wed Jul  1 14:21:32 2026 (1782886892)
Elapsed time for command: 00:03:25 (205)
Workload elapsed time (0:1) = 197.274686 seconds
copy 0 finished @ Wed Jul  1 14:21:24 2026.  Total elapsed time: 197.274686
comparing files in '/media/hahafish/Data/ForUbuntu/speccpu2006/benchspec/CPU2006/471.omnetpp/run/run_base_ref_infra-rsan-orig-wo-check_O2.0000'
comparing 'omnetpp.log' with abstol=1e-06, binary=, calctol=0, cw=, floatcompare=, ignorecase=, obiwan=, reltol=1e-05, skipabstol=, skipobiwan=, skipreltol=, skiptol=
comparing 'omnetpp.sca' with abstol=1e-06, binary=, calctol=0, cw=, floatcompare=, ignorecase=, obiwan=, reltol=1e-05, skipabstol=, skipobiwan=, skipreltol=, skiptol=
Specinvoke: /media/hahafish/Data/ForUbuntu/speccpu2006/bin/specinvoke -E -d /media/hahafish/Data/ForUbuntu/speccpu2006/benchspec/CPU2006/471.omnetpp/run/run_base_ref_infra-rsan-orig-wo-check_O2.0000 -c 1 -e compare.err -o compare.stdout -f compare.cmd
Issuing command '/media/hahafish/Data/ForUbuntu/speccpu2006/bin/specinvoke -E -d /media/hahafish/Data/ForUbuntu/speccpu2006/benchspec/CPU2006/471.omnetpp/run/run_base_ref_infra-rsan-orig-wo-check_O2.0000 -c 1 -e compare.err -o compare.stdout -f compare.cmd'
Start command: Wed Jul  1 14:21:32 2026 (1782886892)
Stop command: Wed Jul  1 14:21:34 2026 (1782886894)
Elapsed time for command: 00:00:02 (2)
Benchmark Times:
  Start:    Wed Jul  1 14:18:07 2026 (1782886687)
  Stop:     Wed Jul  1 14:21:32 2026 (1782886892)
  Elapsed:  00:03:25 (205)
  Reported: 197 274733000 197.274733
 Success 471.omnetpp base ref ratio=31.68, runtime=197.274733

-----------------------------------
  Running (#3) 473.astar ref base infra-rsan-orig-wo-check_O2 default
Commands to run: 
    -C /home/hahafish/speccpu2006/benchspec/CPU2006/473.astar/run/run_base_ref_infra-rsan-orig-wo-check_O2.0000
    -o BigLakes2048.out -e BigLakes2048.err ../run_base_ref_infra-rsan-orig-wo-check_O2.0000/astar_base.infra-rsan-orig-wo-check_O2 BigLakes2048.cfg
    -o rivers.out -e rivers.err ../run_base_ref_infra-rsan-orig-wo-check_O2.0000/astar_base.infra-rsan-orig-wo-check_O2 rivers.cfg
Specinvoke: /media/hahafish/Data/ForUbuntu/speccpu2006/bin/specinvoke -d /home/hahafish/speccpu2006/benchspec/CPU2006/473.astar/run/run_base_ref_infra-rsan-orig-wo-check_O2.0000 -e speccmds.err -o speccmds.stdout -f speccmds.cmd -C
Issuing command '/media/hahafish/Data/ForUbuntu/speccpu2006/bin/specinvoke -d /home/hahafish/speccpu2006/benchspec/CPU2006/473.astar/run/run_base_ref_infra-rsan-orig-wo-check_O2.0000 -e speccmds.err -o speccmds.stdout -f speccmds.cmd -C'
Start command: Wed Jul  1 14:21:34 2026 (1782886894)
Stop command: Wed Jul  1 14:24:37 2026 (1782887077)
Elapsed time for command: 00:03:03 (183)
Workload elapsed time (0:1) = 64.211644 seconds
Workload elapsed time (0:2) = 110.192874 seconds
copy 0 finished @ Wed Jul  1 14:24:29 2026.  Total elapsed time: 174.404518
comparing files in '/home/hahafish/speccpu2006/benchspec/CPU2006/473.astar/run/run_base_ref_infra-rsan-orig-wo-check_O2.0000'
comparing 'BigLakes2048.out' with abstol=, binary=, calctol=0, cw=, floatcompare=, ignorecase=, obiwan=, reltol=0.001, skipabstol=, skipobiwan=, skipreltol=, skiptol=
comparing 'rivers.out' with abstol=, binary=, calctol=0, cw=, floatcompare=, ignorecase=, obiwan=, reltol=0.001, skipabstol=, skipobiwan=, skipreltol=, skiptol=
Specinvoke: /media/hahafish/Data/ForUbuntu/speccpu2006/bin/specinvoke -E -d /home/hahafish/speccpu2006/benchspec/CPU2006/473.astar/run/run_base_ref_infra-rsan-orig-wo-check_O2.0000 -c 1 -e compare.err -o compare.stdout -f compare.cmd
Issuing command '/media/hahafish/Data/ForUbuntu/speccpu2006/bin/specinvoke -E -d /home/hahafish/speccpu2006/benchspec/CPU2006/473.astar/run/run_base_ref_infra-rsan-orig-wo-check_O2.0000 -c 1 -e compare.err -o compare.stdout -f compare.cmd'
Start command: Wed Jul  1 14:24:37 2026 (1782887077)
Stop command: Wed Jul  1 14:24:39 2026 (1782887079)
Elapsed time for command: 00:00:02 (2)
Benchmark Times:
  Start:    Wed Jul  1 14:21:34 2026 (1782886894)
  Stop:     Wed Jul  1 14:24:37 2026 (1782887077)
  Elapsed:  00:03:03 (183)
  Reported: 174 404574000 174.404574
 Success 473.astar base ref ratio=40.25, runtime=174.404574

-----------------------------------
  Running (#3) 482.sphinx3 ref base infra-rsan-orig-wo-check_O2 default
Commands to run: 
    -C /home/hahafish/speccpu2006/benchspec/CPU2006/482.sphinx3/run/run_base_ref_infra-rsan-orig-wo-check_O2.0000
    -o an4.log -e an4.err ../run_base_ref_infra-rsan-orig-wo-check_O2.0000/sphinx_livepretend_base.infra-rsan-orig-wo-check_O2 ctlfile . args.an4
Specinvoke: /media/hahafish/Data/ForUbuntu/speccpu2006/bin/specinvoke -d /home/hahafish/speccpu2006/benchspec/CPU2006/482.sphinx3/run/run_base_ref_infra-rsan-orig-wo-check_O2.0000 -e speccmds.err -o speccmds.stdout -f speccmds.cmd -C
Issuing command '/media/hahafish/Data/ForUbuntu/speccpu2006/bin/specinvoke -d /home/hahafish/speccpu2006/benchspec/CPU2006/482.sphinx3/run/run_base_ref_infra-rsan-orig-wo-check_O2.0000 -e speccmds.err -o speccmds.stdout -f speccmds.cmd -C'
Start command: Wed Jul  1 14:24:39 2026 (1782887079)
Stop command: Wed Jul  1 14:27:24 2026 (1782887244)
Elapsed time for command: 00:02:45 (165)
Workload elapsed time (0:1) = 156.723969 seconds
copy 0 finished @ Wed Jul  1 14:27:16 2026.  Total elapsed time: 156.723969
comparing files in '/home/hahafish/speccpu2006/benchspec/CPU2006/482.sphinx3/run/run_base_ref_infra-rsan-orig-wo-check_O2.0000'
comparing 'an4.log' with abstol=, binary=, calctol=0, cw=, floatcompare=1, ignorecase=, obiwan=, reltol=0.001, skipabstol=, skipobiwan=, skipreltol=, skiptol=
comparing 'considered.out' with abstol=, binary=, calctol=0, cw=, floatcompare=1, ignorecase=, obiwan=, reltol=0.0004, skipabstol=, skipobiwan=, skipreltol=, skiptol=
comparing 'total_considered.out' with abstol=, binary=, calctol=0, cw=, floatcompare=1, ignorecase=, obiwan=, reltol=1e-06, skipabstol=, skipobiwan=, skipreltol=, skiptol=
Specinvoke: /media/hahafish/Data/ForUbuntu/speccpu2006/bin/specinvoke -E -d /home/hahafish/speccpu2006/benchspec/CPU2006/482.sphinx3/run/run_base_ref_infra-rsan-orig-wo-check_O2.0000 -c 1 -e compare.err -o compare.stdout -f compare.cmd
Issuing command '/media/hahafish/Data/ForUbuntu/speccpu2006/bin/specinvoke -E -d /home/hahafish/speccpu2006/benchspec/CPU2006/482.sphinx3/run/run_base_ref_infra-rsan-orig-wo-check_O2.0000 -c 1 -e compare.err -o compare.stdout -f compare.cmd'
Start command: Wed Jul  1 14:27:24 2026 (1782887244)
Stop command: Wed Jul  1 14:27:26 2026 (1782887246)
Elapsed time for command: 00:00:02 (2)
Benchmark Times:
  Start:    Wed Jul  1 14:24:39 2026 (1782887079)
  Stop:     Wed Jul  1 14:27:24 2026 (1782887244)
  Elapsed:  00:02:45 (165)
  Reported: 156 724015000 156.724015
 Success 482.sphinx3 base ref ratio=124.36, runtime=156.724015

-----------------------------------
  Running (#3) 483.xalancbmk ref base infra-rsan-orig-wo-check_O2 default
Commands to run: 
    -C /media/hahafish/Data/ForUbuntu/speccpu2006/benchspec/CPU2006/483.xalancbmk/run/run_base_ref_infra-rsan-orig-wo-check_O2.0000
    -o ref.out -e ref.err ../run_base_ref_infra-rsan-orig-wo-check_O2.0000/Xalan_base.infra-rsan-orig-wo-check_O2 -v t5.xml xalanc.xsl
Specinvoke: /media/hahafish/Data/ForUbuntu/speccpu2006/bin/specinvoke -d /media/hahafish/Data/ForUbuntu/speccpu2006/benchspec/CPU2006/483.xalancbmk/run/run_base_ref_infra-rsan-orig-wo-check_O2.0000 -e speccmds.err -o speccmds.stdout -f speccmds.cmd -C
Issuing command '/media/hahafish/Data/ForUbuntu/speccpu2006/bin/specinvoke -d /media/hahafish/Data/ForUbuntu/speccpu2006/benchspec/CPU2006/483.xalancbmk/run/run_base_ref_infra-rsan-orig-wo-check_O2.0000 -e speccmds.err -o speccmds.stdout -f speccmds.cmd -C'
Start command: Wed Jul  1 14:27:26 2026 (1782887246)
Stop command: Wed Jul  1 14:29:01 2026 (1782887341)
Elapsed time for command: 00:01:35 (95)
Workload elapsed time (0:1) = 86.669933 seconds
copy 0 finished @ Wed Jul  1 14:28:53 2026.  Total elapsed time: 86.669933
comparing files in '/media/hahafish/Data/ForUbuntu/speccpu2006/benchspec/CPU2006/483.xalancbmk/run/run_base_ref_infra-rsan-orig-wo-check_O2.0000'
comparing 'ref.out' with abstol=, binary=, calctol=0, cw=, floatcompare=, ignorecase=, obiwan=, reltol=, skipabstol=, skipobiwan=, skipreltol=, skiptol=
Specinvoke: /media/hahafish/Data/ForUbuntu/speccpu2006/bin/specinvoke -E -d /media/hahafish/Data/ForUbuntu/speccpu2006/benchspec/CPU2006/483.xalancbmk/run/run_base_ref_infra-rsan-orig-wo-check_O2.0000 -c 1 -e compare.err -o compare.stdout -f compare.cmd
Issuing command '/media/hahafish/Data/ForUbuntu/speccpu2006/bin/specinvoke -E -d /media/hahafish/Data/ForUbuntu/speccpu2006/benchspec/CPU2006/483.xalancbmk/run/run_base_ref_infra-rsan-orig-wo-check_O2.0000 -c 1 -e compare.err -o compare.stdout -f compare.cmd'
Start command: Wed Jul  1 14:29:01 2026 (1782887341)
Stop command: Wed Jul  1 14:29:03 2026 (1782887343)
Elapsed time for command: 00:00:02 (2)
Benchmark Times:
  Start:    Wed Jul  1 14:27:26 2026 (1782887246)
  Stop:     Wed Jul  1 14:29:01 2026 (1782887341)
  Elapsed:  00:01:35 (95)
  Reported: 86 669978000 86.669978
 Success 483.xalancbmk base ref ratio=79.61, runtime=86.669978
Error: 3x450.soplex
Success: 3x400.perlbench 3x401.bzip2 3x403.gcc 3x429.mcf 3x433.milc 3x444.namd 3x445.gobmk 3x447.dealII 3x453.povray 3x456.hmmer 3x458.sjeng 3x462.libquantum 3x464.h264ref 3x470.lbm 3x471.omnetpp 3x473.astar 3x482.sphinx3 3x483.xalancbmk
Producing Reports
mach: default
  ext: infra-rsan-orig-wo-check_O2
    size: ref
      set: int
           Flag reduction took 0.0022230s
        format: raw -> /media/hahafish/Data/ForUbuntu/speccpu2006/result/CINT2006.1864.rsf
        format: flags -> /media/hahafish/Data/ForUbuntu/speccpu2006/result/CINT2006.1864.flags.html
        format: ASCII -> /media/hahafish/Data/ForUbuntu/speccpu2006/result/CINT2006.1864.txt
        format: HTML -> /media/hahafish/Data/ForUbuntu/speccpu2006/result/CINT2006.1864.html, CINT2006.1864.gif
      set: fp
           Flag reduction took 0.0013080s
        format: raw -> /media/hahafish/Data/ForUbuntu/speccpu2006/result/CFP2006.1864.rsf
        format: flags -> /media/hahafish/Data/ForUbuntu/speccpu2006/result/CFP2006.1864.flags.html
        format: ASCII -> /media/hahafish/Data/ForUbuntu/speccpu2006/result/CFP2006.1864.txt
        format: HTML -> /media/hahafish/Data/ForUbuntu/speccpu2006/result/CFP2006.1864.html, CFP2006.1864.gif

The log for this run is in /media/hahafish/Data/ForUbuntu/speccpu2006/result/CPU2006.1864.log

runspec finished at Wed Jul  1 14:29:03 2026; 9394 total seconds elapsed
