runspec started at Wed Jul  1 00:29:36 2026 on "Ubuntu"
runspec is: /media/hahafish/Data/ForUbuntu/speccpu2006/bin/runspec
runspec: runspec --config=infra-baseline_O2 --nobuild --iterations 3 --ignore_errors 400.perlbench 401.bzip2 403.gcc 429.mcf 433.milc 444.namd 445.gobmk 447.dealII 450.soplex 453.povray 456.hmmer 458.sjeng 462.libquantum 464.h264ref 470.lbm 471.omnetpp 473.astar 482.sphinx3 483.xalancbmk

Locating benchmarks...found 31 benchmarks in 12 benchsets.
Locating output formats: ASCII, config, CSV, flags, HTML, mail, PDF, PostScript, raw, Screen, Submission Check
Reading config file '/media/hahafish/Data/ForUbuntu/speccpu2006/config/infra-baseline_O2.cfg'
Verbosity = 5
Action    = validate
Tune      = base
Ext       = infra-baseline_O2
Size      = ref
Machine   = default
benchmarks= 400.perlbench,401.bzip2,403.gcc,429.mcf,433.milc,444.namd,445.gobmk,447.dealII,450.soplex,453.povray,456.hmmer,458.sjeng,462.libquantum,464.h264ref,470.lbm,471.omnetpp,473.astar,482.sphinx3,483.xalancbmk
outputs   = raw,flags,ASCII,HTML
username  = hahafish
Benchmarks selected: 400.perlbench, 401.bzip2, 403.gcc, 429.mcf, 433.milc, 444.namd, 445.gobmk, 447.dealII, 450.soplex, 453.povray, 456.hmmer, 458.sjeng, 462.libquantum, 464.h264ref, 470.lbm, 471.omnetpp, 473.astar, 482.sphinx3, 483.xalancbmk
Compiling Binaries

------------------------------------------------------------------------
  Up to date 400.perlbench ref base infra-baseline_O2 default

------------------------------------------------------------------------
  Up to date 401.bzip2 ref base infra-baseline_O2 default

------------------------------------------------------------------------
  Up to date 403.gcc ref base infra-baseline_O2 default

------------------------------------------------------------------------
  Up to date 429.mcf ref base infra-baseline_O2 default

------------------------------------------------------------------------
  Up to date 433.milc ref base infra-baseline_O2 default

------------------------------------------------------------------------
  Up to date 444.namd ref base infra-baseline_O2 default

------------------------------------------------------------------------
  Up to date 445.gobmk ref base infra-baseline_O2 default

------------------------------------------------------------------------
  Up to date 447.dealII ref base infra-baseline_O2 default

------------------------------------------------------------------------
  Up to date 450.soplex ref base infra-baseline_O2 default

------------------------------------------------------------------------
  Up to date 453.povray ref base infra-baseline_O2 default

------------------------------------------------------------------------
  Up to date 456.hmmer ref base infra-baseline_O2 default

------------------------------------------------------------------------
  Up to date 458.sjeng ref base infra-baseline_O2 default

------------------------------------------------------------------------
  Up to date 462.libquantum ref base infra-baseline_O2 default

------------------------------------------------------------------------
  Up to date 464.h264ref ref base infra-baseline_O2 default

------------------------------------------------------------------------
  Up to date 470.lbm ref base infra-baseline_O2 default

------------------------------------------------------------------------
  Up to date 471.omnetpp ref base infra-baseline_O2 default

------------------------------------------------------------------------
  Up to date 473.astar ref base infra-baseline_O2 default

------------------------------------------------------------------------
  Up to date 482.sphinx3 ref base infra-baseline_O2 default

------------------------------------------------------------------------
  Up to date 483.xalancbmk ref base infra-baseline_O2 default


Parsing Flags
  Looking at 400.perlbench base infra-baseline_O2 default: done
  Looking at 401.bzip2 base infra-baseline_O2 default: done
  Looking at 403.gcc base infra-baseline_O2 default: done
  Looking at 429.mcf base infra-baseline_O2 default: done
  Looking at 433.milc base infra-baseline_O2 default: done
  Looking at 444.namd base infra-baseline_O2 default: done
  Looking at 445.gobmk base infra-baseline_O2 default: done
  Looking at 447.dealII base infra-baseline_O2 default: done
  Looking at 450.soplex base infra-baseline_O2 default: done
  Looking at 453.povray base infra-baseline_O2 default: done
  Looking at 456.hmmer base infra-baseline_O2 default: done
  Looking at 458.sjeng base infra-baseline_O2 default: done
  Looking at 462.libquantum base infra-baseline_O2 default: done
  Looking at 464.h264ref base infra-baseline_O2 default: done
  Looking at 470.lbm base infra-baseline_O2 default: done
  Looking at 471.omnetpp base infra-baseline_O2 default: done
  Looking at 473.astar base infra-baseline_O2 default: done
  Looking at 482.sphinx3 base infra-baseline_O2 default: done
  Looking at 483.xalancbmk base infra-baseline_O2 default: done
Flag Parsing Complete

Setting Up Run Directories
  Setting up 400.perlbench ref base infra-baseline_O2 default: existing (run_base_ref_infra-baseline_O2.0000)
  Setting up 401.bzip2 ref base infra-baseline_O2 default: 
Notice: Unusable path detected in run directory list file.
  /media/hahafish/Data/ForUbuntu/speccpu2006/benchspec/CPU2006/401.bzip2/run/list
references one or more paths which will be ignored, because they are
not subdirectories of this run directory.  This condition may be a
result of having moved your SPEC benchmark tree.  If that's what happened,
and if you don't need the old run directories, you can just remove
them, along with the list file.  (Usually it's safe to delete old
run directories, as they are automatically re-created when needed.)


created (run_base_ref_infra-baseline_O2.0000)
  Setting up 403.gcc ref base infra-baseline_O2 default: existing (run_base_ref_infra-baseline_O2.0000)
  Setting up 429.mcf ref base infra-baseline_O2 default: 
Notice: Unusable path detected in run directory list file.
  /media/hahafish/Data/ForUbuntu/speccpu2006/benchspec/CPU2006/429.mcf/run/list
references one or more paths which will be ignored, because they are
not subdirectories of this run directory.  This condition may be a
result of having moved your SPEC benchmark tree.  If that's what happened,
and if you don't need the old run directories, you can just remove
them, along with the list file.  (Usually it's safe to delete old
run directories, as they are automatically re-created when needed.)


created (run_base_ref_infra-baseline_O2.0002)
  Setting up 433.milc ref base infra-baseline_O2 default: 
Notice: Unusable path detected in run directory list file.
  /media/hahafish/Data/ForUbuntu/speccpu2006/benchspec/CPU2006/433.milc/run/list
references one or more paths which will be ignored, because they are
not subdirectories of this run directory.  This condition may be a
result of having moved your SPEC benchmark tree.  If that's what happened,
and if you don't need the old run directories, you can just remove
them, along with the list file.  (Usually it's safe to delete old
run directories, as they are automatically re-created when needed.)


created (run_base_ref_infra-baseline_O2.0002)
  Setting up 444.namd ref base infra-baseline_O2 default: existing (run_base_ref_infra-baseline_O2.0000)
  Setting up 445.gobmk ref base infra-baseline_O2 default: 
Notice: Unusable path detected in run directory list file.
  /media/hahafish/Data/ForUbuntu/speccpu2006/benchspec/CPU2006/445.gobmk/run/list
references one or more paths which will be ignored, because they are
not subdirectories of this run directory.  This condition may be a
result of having moved your SPEC benchmark tree.  If that's what happened,
and if you don't need the old run directories, you can just remove
them, along with the list file.  (Usually it's safe to delete old
run directories, as they are automatically re-created when needed.)


existing (run_base_ref_infra-baseline_O2.0001)
  Setting up 447.dealII ref base infra-baseline_O2 default: existing (run_base_ref_infra-baseline_O2.0000)
  Setting up 450.soplex ref base infra-baseline_O2 default: existing (run_base_ref_infra-baseline_O2.0000)
  Setting up 453.povray ref base infra-baseline_O2 default: 
Notice: Unusable path detected in run directory list file.
  /media/hahafish/Data/ForUbuntu/speccpu2006/benchspec/CPU2006/453.povray/run/list
references one or more paths which will be ignored, because they are
not subdirectories of this run directory.  This condition may be a
result of having moved your SPEC benchmark tree.  If that's what happened,
and if you don't need the old run directories, you can just remove
them, along with the list file.  (Usually it's safe to delete old
run directories, as they are automatically re-created when needed.)


created (run_base_ref_infra-baseline_O2.0000)
  Setting up 456.hmmer ref base infra-baseline_O2 default: 
Notice: Unusable path detected in run directory list file.
  /media/hahafish/Data/ForUbuntu/speccpu2006/benchspec/CPU2006/456.hmmer/run/list
references one or more paths which will be ignored, because they are
not subdirectories of this run directory.  This condition may be a
result of having moved your SPEC benchmark tree.  If that's what happened,
and if you don't need the old run directories, you can just remove
them, along with the list file.  (Usually it's safe to delete old
run directories, as they are automatically re-created when needed.)


created (run_base_ref_infra-baseline_O2.0002)
  Setting up 458.sjeng ref base infra-baseline_O2 default: 
Notice: Unusable path detected in run directory list file.
  /media/hahafish/Data/ForUbuntu/speccpu2006/benchspec/CPU2006/458.sjeng/run/list
references one or more paths which will be ignored, because they are
not subdirectories of this run directory.  This condition may be a
result of having moved your SPEC benchmark tree.  If that's what happened,
and if you don't need the old run directories, you can just remove
them, along with the list file.  (Usually it's safe to delete old
run directories, as they are automatically re-created when needed.)


created (run_base_ref_infra-baseline_O2.0000)
  Setting up 462.libquantum ref base infra-baseline_O2 default: 
Notice: Unusable path detected in run directory list file.
  /media/hahafish/Data/ForUbuntu/speccpu2006/benchspec/CPU2006/462.libquantum/run/list
references one or more paths which will be ignored, because they are
not subdirectories of this run directory.  This condition may be a
result of having moved your SPEC benchmark tree.  If that's what happened,
and if you don't need the old run directories, you can just remove
them, along with the list file.  (Usually it's safe to delete old
run directories, as they are automatically re-created when needed.)


created (run_base_ref_infra-baseline_O2.0002)
  Setting up 464.h264ref ref base infra-baseline_O2 default: 
Notice: Unusable path detected in run directory list file.
  /media/hahafish/Data/ForUbuntu/speccpu2006/benchspec/CPU2006/464.h264ref/run/list
references one or more paths which will be ignored, because they are
not subdirectories of this run directory.  This condition may be a
result of having moved your SPEC benchmark tree.  If that's what happened,
and if you don't need the old run directories, you can just remove
them, along with the list file.  (Usually it's safe to delete old
run directories, as they are automatically re-created when needed.)


created (run_base_ref_infra-baseline_O2.0000)
  Setting up 470.lbm ref base infra-baseline_O2 default: created (run_base_ref_infra-baseline_O2.0001)
  Setting up 471.omnetpp ref base infra-baseline_O2 default: existing (run_base_ref_infra-baseline_O2.0000)
  Setting up 473.astar ref base infra-baseline_O2 default: 
Notice: Unusable path detected in run directory list file.
  /media/hahafish/Data/ForUbuntu/speccpu2006/benchspec/CPU2006/473.astar/run/list
references one or more paths which will be ignored, because they are
not subdirectories of this run directory.  This condition may be a
result of having moved your SPEC benchmark tree.  If that's what happened,
and if you don't need the old run directories, you can just remove
them, along with the list file.  (Usually it's safe to delete old
run directories, as they are automatically re-created when needed.)


existing (run_base_ref_infra-baseline_O2.0001)
  Setting up 482.sphinx3 ref base infra-baseline_O2 default: 
Notice: Unusable path detected in run directory list file.
  /media/hahafish/Data/ForUbuntu/speccpu2006/benchspec/CPU2006/482.sphinx3/run/list
references one or more paths which will be ignored, because they are
not subdirectories of this run directory.  This condition may be a
result of having moved your SPEC benchmark tree.  If that's what happened,
and if you don't need the old run directories, you can just remove
them, along with the list file.  (Usually it's safe to delete old
run directories, as they are automatically re-created when needed.)


existing (run_base_ref_infra-baseline_O2.0001)
  Setting up 483.xalancbmk ref base infra-baseline_O2 default: existing (run_base_ref_infra-baseline_O2.0000)

-----------------------------------
Running Benchmarks

-----------------------------------
  Running (#1) 400.perlbench ref base infra-baseline_O2 default
Commands to run: 
    -C /media/hahafish/Data/ForUbuntu/speccpu2006/benchspec/CPU2006/400.perlbench/run/run_base_ref_infra-baseline_O2.0000
    -o checkspam.2500.5.25.11.150.1.1.1.1.out -e checkspam.2500.5.25.11.150.1.1.1.1.err ../run_base_ref_infra-baseline_O2.0000/perlbench_base.infra-baseline_O2 -I./lib checkspam.pl 2500 5 25 11 150 1 1 1 1
    -o diffmail.4.800.10.17.19.300.out -e diffmail.4.800.10.17.19.300.err ../run_base_ref_infra-baseline_O2.0000/perlbench_base.infra-baseline_O2 -I./lib diffmail.pl 4 800 10 17 19 300
    -o splitmail.1600.12.26.16.4500.out -e splitmail.1600.12.26.16.4500.err ../run_base_ref_infra-baseline_O2.0000/perlbench_base.infra-baseline_O2 -I./lib splitmail.pl 1600 12 26 16 4500
Specinvoke: /media/hahafish/Data/ForUbuntu/speccpu2006/bin/specinvoke -d /media/hahafish/Data/ForUbuntu/speccpu2006/benchspec/CPU2006/400.perlbench/run/run_base_ref_infra-baseline_O2.0000 -e speccmds.err -o speccmds.stdout -f speccmds.cmd -C
Issuing command '/media/hahafish/Data/ForUbuntu/speccpu2006/bin/specinvoke -d /media/hahafish/Data/ForUbuntu/speccpu2006/benchspec/CPU2006/400.perlbench/run/run_base_ref_infra-baseline_O2.0000 -e speccmds.err -o speccmds.stdout -f speccmds.cmd -C'
Start command: Wed Jul  1 00:29:43 2026 (1782836983)
Stop command: Wed Jul  1 00:31:34 2026 (1782837094)
Elapsed time for command: 00:01:51 (111)
Workload elapsed time (0:1) = 57.349996 seconds
Workload elapsed time (0:2) = 15.696099 seconds
Workload elapsed time (0:3) = 29.937401 seconds
copy 0 finished @ Wed Jul  1 00:31:26 2026.  Total elapsed time: 102.983496
comparing files in '/media/hahafish/Data/ForUbuntu/speccpu2006/benchspec/CPU2006/400.perlbench/run/run_base_ref_infra-baseline_O2.0000'
comparing 'checkspam.2500.5.25.11.150.1.1.1.1.out' with abstol=, binary=, calctol=0, cw=, floatcompare=, ignorecase=, obiwan=, reltol=, skipabstol=, skipobiwan=, skipreltol=, skiptol=
comparing 'diffmail.4.800.10.17.19.300.out' with abstol=, binary=, calctol=0, cw=, floatcompare=, ignorecase=, obiwan=, reltol=, skipabstol=, skipobiwan=, skipreltol=, skiptol=
comparing 'splitmail.1600.12.26.16.4500.out' with abstol=, binary=, calctol=0, cw=, floatcompare=, ignorecase=, obiwan=, reltol=, skipabstol=, skipobiwan=, skipreltol=, skiptol=
Specinvoke: /media/hahafish/Data/ForUbuntu/speccpu2006/bin/specinvoke -E -d /media/hahafish/Data/ForUbuntu/speccpu2006/benchspec/CPU2006/400.perlbench/run/run_base_ref_infra-baseline_O2.0000 -c 1 -e compare.err -o compare.stdout -f compare.cmd
Issuing command '/media/hahafish/Data/ForUbuntu/speccpu2006/bin/specinvoke -E -d /media/hahafish/Data/ForUbuntu/speccpu2006/benchspec/CPU2006/400.perlbench/run/run_base_ref_infra-baseline_O2.0000 -c 1 -e compare.err -o compare.stdout -f compare.cmd'
Start command: Wed Jul  1 00:31:34 2026 (1782837094)
Stop command: Wed Jul  1 00:31:36 2026 (1782837096)
Elapsed time for command: 00:00:02 (2)
Benchmark Times:
  Start:    Wed Jul  1 00:29:43 2026 (1782836983)
  Stop:     Wed Jul  1 00:31:34 2026 (1782837094)
  Elapsed:  00:01:51 (111)
  Reported: 102 983552000 102.983552
 Success 400.perlbench base ref ratio=94.87, runtime=102.983552

-----------------------------------
  Running (#1) 401.bzip2 ref base infra-baseline_O2 default
Commands to run: 
    -C /media/hahafish/Data/ForUbuntu/speccpu2006/benchspec/CPU2006/401.bzip2/run/run_base_ref_infra-baseline_O2.0000
    -o input.source.out -e input.source.err ../run_base_ref_infra-baseline_O2.0000/bzip2_base.infra-baseline_O2 input.source 280
    -o chicken.jpg.out -e chicken.jpg.err ../run_base_ref_infra-baseline_O2.0000/bzip2_base.infra-baseline_O2 chicken.jpg 30
    -o liberty.jpg.out -e liberty.jpg.err ../run_base_ref_infra-baseline_O2.0000/bzip2_base.infra-baseline_O2 liberty.jpg 30
    -o input.program.out -e input.program.err ../run_base_ref_infra-baseline_O2.0000/bzip2_base.infra-baseline_O2 input.program 280
    -o text.html.out -e text.html.err ../run_base_ref_infra-baseline_O2.0000/bzip2_base.infra-baseline_O2 text.html 280
    -o input.combined.out -e input.combined.err ../run_base_ref_infra-baseline_O2.0000/bzip2_base.infra-baseline_O2 input.combined 200
Specinvoke: /media/hahafish/Data/ForUbuntu/speccpu2006/bin/specinvoke -d /media/hahafish/Data/ForUbuntu/speccpu2006/benchspec/CPU2006/401.bzip2/run/run_base_ref_infra-baseline_O2.0000 -e speccmds.err -o speccmds.stdout -f speccmds.cmd -C
Issuing command '/media/hahafish/Data/ForUbuntu/speccpu2006/bin/specinvoke -d /media/hahafish/Data/ForUbuntu/speccpu2006/benchspec/CPU2006/401.bzip2/run/run_base_ref_infra-baseline_O2.0000 -e speccmds.err -o speccmds.stdout -f speccmds.cmd -C'
Start command: Wed Jul  1 00:31:36 2026 (1782837096)
Stop command: Wed Jul  1 00:35:10 2026 (1782837310)
Elapsed time for command: 00:03:34 (214)
Workload elapsed time (0:1) = 45.600133 seconds
Workload elapsed time (0:2) = 12.803529 seconds
Workload elapsed time (0:3) = 19.418459 seconds
Workload elapsed time (0:4) = 45.99724 seconds
Workload elapsed time (0:5) = 47.587813 seconds
Workload elapsed time (0:6) = 34.997019 seconds
copy 0 finished @ Wed Jul  1 00:35:02 2026.  Total elapsed time: 206.404193
comparing files in '/media/hahafish/Data/ForUbuntu/speccpu2006/benchspec/CPU2006/401.bzip2/run/run_base_ref_infra-baseline_O2.0000'
comparing 'chicken.jpg.out' with abstol=, binary=, calctol=0, cw=, floatcompare=, ignorecase=, obiwan=, reltol=, skipabstol=, skipobiwan=, skipreltol=, skiptol=
comparing 'input.combined.out' with abstol=, binary=, calctol=0, cw=, floatcompare=, ignorecase=, obiwan=, reltol=, skipabstol=, skipobiwan=, skipreltol=, skiptol=
comparing 'input.program.out' with abstol=, binary=, calctol=0, cw=, floatcompare=, ignorecase=, obiwan=, reltol=, skipabstol=, skipobiwan=, skipreltol=, skiptol=
comparing 'input.source.out' with abstol=, binary=, calctol=0, cw=, floatcompare=, ignorecase=, obiwan=, reltol=, skipabstol=, skipobiwan=, skipreltol=, skiptol=
comparing 'liberty.jpg.out' with abstol=, binary=, calctol=0, cw=, floatcompare=, ignorecase=, obiwan=, reltol=, skipabstol=, skipobiwan=, skipreltol=, skiptol=
comparing 'text.html.out' with abstol=, binary=, calctol=0, cw=, floatcompare=, ignorecase=, obiwan=, reltol=, skipabstol=, skipobiwan=, skipreltol=, skiptol=
Specinvoke: /media/hahafish/Data/ForUbuntu/speccpu2006/bin/specinvoke -E -d /media/hahafish/Data/ForUbuntu/speccpu2006/benchspec/CPU2006/401.bzip2/run/run_base_ref_infra-baseline_O2.0000 -c 1 -e compare.err -o compare.stdout -f compare.cmd
Issuing command '/media/hahafish/Data/ForUbuntu/speccpu2006/bin/specinvoke -E -d /media/hahafish/Data/ForUbuntu/speccpu2006/benchspec/CPU2006/401.bzip2/run/run_base_ref_infra-baseline_O2.0000 -c 1 -e compare.err -o compare.stdout -f compare.cmd'
Start command: Wed Jul  1 00:35:10 2026 (1782837310)
Stop command: Wed Jul  1 00:35:13 2026 (1782837313)
Elapsed time for command: 00:00:03 (3)
Benchmark Times:
  Start:    Wed Jul  1 00:31:36 2026 (1782837096)
  Stop:     Wed Jul  1 00:35:10 2026 (1782837310)
  Elapsed:  00:03:34 (214)
  Reported: 206 404269000 206.404269
 Success 401.bzip2 base ref ratio=46.75, runtime=206.404269

-----------------------------------
  Running (#1) 403.gcc ref base infra-baseline_O2 default
Commands to run: 
    -C /media/hahafish/Data/ForUbuntu/speccpu2006/benchspec/CPU2006/403.gcc/run/run_base_ref_infra-baseline_O2.0000
    -o 166.out -e 166.err ../run_base_ref_infra-baseline_O2.0000/gcc_base.infra-baseline_O2 166.i -o 166.s
    -o 200.out -e 200.err ../run_base_ref_infra-baseline_O2.0000/gcc_base.infra-baseline_O2 200.i -o 200.s
    -o c-typeck.out -e c-typeck.err ../run_base_ref_infra-baseline_O2.0000/gcc_base.infra-baseline_O2 c-typeck.i -o c-typeck.s
    -o cp-decl.out -e cp-decl.err ../run_base_ref_infra-baseline_O2.0000/gcc_base.infra-baseline_O2 cp-decl.i -o cp-decl.s
    -o expr.out -e expr.err ../run_base_ref_infra-baseline_O2.0000/gcc_base.infra-baseline_O2 expr.i -o expr.s
    -o expr2.out -e expr2.err ../run_base_ref_infra-baseline_O2.0000/gcc_base.infra-baseline_O2 expr2.i -o expr2.s
    -o g23.out -e g23.err ../run_base_ref_infra-baseline_O2.0000/gcc_base.infra-baseline_O2 g23.i -o g23.s
    -o s04.out -e s04.err ../run_base_ref_infra-baseline_O2.0000/gcc_base.infra-baseline_O2 s04.i -o s04.s
    -o scilab.out -e scilab.err ../run_base_ref_infra-baseline_O2.0000/gcc_base.infra-baseline_O2 scilab.i -o scilab.s
Specinvoke: /media/hahafish/Data/ForUbuntu/speccpu2006/bin/specinvoke -d /media/hahafish/Data/ForUbuntu/speccpu2006/benchspec/CPU2006/403.gcc/run/run_base_ref_infra-baseline_O2.0000 -e speccmds.err -o speccmds.stdout -f speccmds.cmd -C
Issuing command '/media/hahafish/Data/ForUbuntu/speccpu2006/bin/specinvoke -d /media/hahafish/Data/ForUbuntu/speccpu2006/benchspec/CPU2006/403.gcc/run/run_base_ref_infra-baseline_O2.0000 -e speccmds.err -o speccmds.stdout -f speccmds.cmd -C'
Start command: Wed Jul  1 00:35:13 2026 (1782837313)
Stop command: Wed Jul  1 00:37:00 2026 (1782837420)
Elapsed time for command: 00:01:47 (107)
Workload elapsed time (0:1) = 6.655469 seconds
Workload elapsed time (0:2) = 12.671417 seconds
Workload elapsed time (0:3) = 10.140771 seconds
Workload elapsed time (0:4) = 7.388575 seconds
Workload elapsed time (0:5) = 8.84261 seconds
Workload elapsed time (0:6) = 12.918892 seconds
Workload elapsed time (0:7) = 21.357261 seconds
Workload elapsed time (0:8) = 14.450803 seconds
Workload elapsed time (0:9) = 4.603443 seconds
copy 0 finished @ Wed Jul  1 00:36:52 2026.  Total elapsed time: 99.029241
comparing files in '/media/hahafish/Data/ForUbuntu/speccpu2006/benchspec/CPU2006/403.gcc/run/run_base_ref_infra-baseline_O2.0000'
comparing '166.s' with abstol=, binary=, calctol=0, cw=, floatcompare=, ignorecase=, obiwan=, reltol=, skipabstol=, skipobiwan=, skipreltol=, skiptol=
comparing '200.s' with abstol=, binary=, calctol=0, cw=, floatcompare=, ignorecase=, obiwan=, reltol=, skipabstol=, skipobiwan=, skipreltol=, skiptol=
comparing 'c-typeck.s' with abstol=, binary=, calctol=0, cw=, floatcompare=, ignorecase=, obiwan=, reltol=, skipabstol=, skipobiwan=, skipreltol=, skiptol=
comparing 'cp-decl.s' with abstol=, binary=, calctol=0, cw=, floatcompare=, ignorecase=, obiwan=, reltol=, skipabstol=, skipobiwan=, skipreltol=, skiptol=
comparing 'expr.s' with abstol=, binary=, calctol=0, cw=, floatcompare=, ignorecase=, obiwan=, reltol=, skipabstol=, skipobiwan=, skipreltol=, skiptol=
comparing 'expr2.s' with abstol=, binary=, calctol=0, cw=, floatcompare=, ignorecase=, obiwan=, reltol=, skipabstol=, skipobiwan=, skipreltol=, skiptol=
comparing 'g23.s' with abstol=, binary=, calctol=0, cw=, floatcompare=, ignorecase=, obiwan=, reltol=, skipabstol=, skipobiwan=, skipreltol=, skiptol=
comparing 's04.s' with abstol=, binary=, calctol=0, cw=, floatcompare=, ignorecase=, obiwan=, reltol=, skipabstol=, skipobiwan=, skipreltol=, skiptol=
comparing 'scilab.s' with abstol=, binary=, calctol=0, cw=, floatcompare=, ignorecase=, obiwan=, reltol=, skipabstol=, skipobiwan=, skipreltol=, skiptol=
Specinvoke: /media/hahafish/Data/ForUbuntu/speccpu2006/bin/specinvoke -E -d /media/hahafish/Data/ForUbuntu/speccpu2006/benchspec/CPU2006/403.gcc/run/run_base_ref_infra-baseline_O2.0000 -c 1 -e compare.err -o compare.stdout -f compare.cmd
Issuing command '/media/hahafish/Data/ForUbuntu/speccpu2006/bin/specinvoke -E -d /media/hahafish/Data/ForUbuntu/speccpu2006/benchspec/CPU2006/403.gcc/run/run_base_ref_infra-baseline_O2.0000 -c 1 -e compare.err -o compare.stdout -f compare.cmd'
Start command: Wed Jul  1 00:37:00 2026 (1782837420)
Stop command: Wed Jul  1 00:37:02 2026 (1782837422)
Elapsed time for command: 00:00:02 (2)
Benchmark Times:
  Start:    Wed Jul  1 00:35:13 2026 (1782837313)
  Stop:     Wed Jul  1 00:37:00 2026 (1782837420)
  Elapsed:  00:01:47 (107)
  Reported: 99 29333000 99.029333
 Success 403.gcc base ref ratio=81.29, runtime=99.029333

-----------------------------------
  Running (#1) 429.mcf ref base infra-baseline_O2 default
Commands to run: 
    -C /media/hahafish/Data/ForUbuntu/speccpu2006/benchspec/CPU2006/429.mcf/run/run_base_ref_infra-baseline_O2.0002
    -o inp.out -e inp.err ../run_base_ref_infra-baseline_O2.0002/mcf_base.infra-baseline_O2 inp.in
Specinvoke: /media/hahafish/Data/ForUbuntu/speccpu2006/bin/specinvoke -d /media/hahafish/Data/ForUbuntu/speccpu2006/benchspec/CPU2006/429.mcf/run/run_base_ref_infra-baseline_O2.0002 -e speccmds.err -o speccmds.stdout -f speccmds.cmd -C
Issuing command '/media/hahafish/Data/ForUbuntu/speccpu2006/bin/specinvoke -d /media/hahafish/Data/ForUbuntu/speccpu2006/benchspec/CPU2006/429.mcf/run/run_base_ref_infra-baseline_O2.0002 -e speccmds.err -o speccmds.stdout -f speccmds.cmd -C'
Start command: Wed Jul  1 00:37:02 2026 (1782837422)
Stop command: Wed Jul  1 00:39:13 2026 (1782837553)
Elapsed time for command: 00:02:11 (131)
Workload elapsed time (0:1) = 122.836471 seconds
copy 0 finished @ Wed Jul  1 00:39:05 2026.  Total elapsed time: 122.836471
comparing files in '/media/hahafish/Data/ForUbuntu/speccpu2006/benchspec/CPU2006/429.mcf/run/run_base_ref_infra-baseline_O2.0002'
comparing 'inp.out' with abstol=, binary=, calctol=0, cw=, floatcompare=, ignorecase=, obiwan=, reltol=, skipabstol=, skipobiwan=, skipreltol=, skiptol=
comparing 'mcf.out' with abstol=, binary=, calctol=0, cw=, floatcompare=, ignorecase=, obiwan=, reltol=, skipabstol=, skipobiwan=, skipreltol=, skiptol=
Specinvoke: /media/hahafish/Data/ForUbuntu/speccpu2006/bin/specinvoke -E -d /media/hahafish/Data/ForUbuntu/speccpu2006/benchspec/CPU2006/429.mcf/run/run_base_ref_infra-baseline_O2.0002 -c 1 -e compare.err -o compare.stdout -f compare.cmd
Issuing command '/media/hahafish/Data/ForUbuntu/speccpu2006/bin/specinvoke -E -d /media/hahafish/Data/ForUbuntu/speccpu2006/benchspec/CPU2006/429.mcf/run/run_base_ref_infra-baseline_O2.0002 -c 1 -e compare.err -o compare.stdout -f compare.cmd'
Start command: Wed Jul  1 00:39:13 2026 (1782837553)
Stop command: Wed Jul  1 00:39:15 2026 (1782837555)
Elapsed time for command: 00:00:02 (2)
Benchmark Times:
  Start:    Wed Jul  1 00:37:02 2026 (1782837422)
  Stop:     Wed Jul  1 00:39:13 2026 (1782837553)
  Elapsed:  00:02:11 (131)
  Reported: 122 836513000 122.836513
 Success 429.mcf base ref ratio=74.25, runtime=122.836513

-----------------------------------
  Running (#1) 433.milc ref base infra-baseline_O2 default
Commands to run: 
    -C /media/hahafish/Data/ForUbuntu/speccpu2006/benchspec/CPU2006/433.milc/run/run_base_ref_infra-baseline_O2.0002
    -i su3imp.in -o su3imp.out -e su3imp.err ../run_base_ref_infra-baseline_O2.0002/milc_base.infra-baseline_O2
Specinvoke: /media/hahafish/Data/ForUbuntu/speccpu2006/bin/specinvoke -d /media/hahafish/Data/ForUbuntu/speccpu2006/benchspec/CPU2006/433.milc/run/run_base_ref_infra-baseline_O2.0002 -e speccmds.err -o speccmds.stdout -f speccmds.cmd -C
Issuing command '/media/hahafish/Data/ForUbuntu/speccpu2006/bin/specinvoke -d /media/hahafish/Data/ForUbuntu/speccpu2006/benchspec/CPU2006/433.milc/run/run_base_ref_infra-baseline_O2.0002 -e speccmds.err -o speccmds.stdout -f speccmds.cmd -C'
Start command: Wed Jul  1 00:39:15 2026 (1782837555)
Stop command: Wed Jul  1 00:41:54 2026 (1782837714)
Elapsed time for command: 00:02:39 (159)
Workload elapsed time (0:1) = 150.741059 seconds
copy 0 finished @ Wed Jul  1 00:41:46 2026.  Total elapsed time: 150.741059
comparing files in '/media/hahafish/Data/ForUbuntu/speccpu2006/benchspec/CPU2006/433.milc/run/run_base_ref_infra-baseline_O2.0002'
comparing 'su3imp.out' with abstol=2e-07, binary=, calctol=0, cw=, floatcompare=, ignorecase=, obiwan=, reltol=0.0001, skipabstol=, skipobiwan=, skipreltol=, skiptol=
Specinvoke: /media/hahafish/Data/ForUbuntu/speccpu2006/bin/specinvoke -E -d /media/hahafish/Data/ForUbuntu/speccpu2006/benchspec/CPU2006/433.milc/run/run_base_ref_infra-baseline_O2.0002 -c 1 -e compare.err -o compare.stdout -f compare.cmd
Issuing command '/media/hahafish/Data/ForUbuntu/speccpu2006/bin/specinvoke -E -d /media/hahafish/Data/ForUbuntu/speccpu2006/benchspec/CPU2006/433.milc/run/run_base_ref_infra-baseline_O2.0002 -c 1 -e compare.err -o compare.stdout -f compare.cmd'
Start command: Wed Jul  1 00:41:54 2026 (1782837714)
Stop command: Wed Jul  1 00:41:56 2026 (1782837716)
Elapsed time for command: 00:00:02 (2)
Benchmark Times:
  Start:    Wed Jul  1 00:39:15 2026 (1782837555)
  Stop:     Wed Jul  1 00:41:54 2026 (1782837714)
  Elapsed:  00:02:39 (159)
  Reported: 150 741099000 150.741099
 Success 433.milc base ref ratio=60.90, runtime=150.741099

-----------------------------------
  Running (#1) 444.namd ref base infra-baseline_O2 default
Commands to run: 
    -C /media/hahafish/Data/ForUbuntu/speccpu2006/benchspec/CPU2006/444.namd/run/run_base_ref_infra-baseline_O2.0000
    -o namd.stdout -e namd.err ../run_base_ref_infra-baseline_O2.0000/namd_base.infra-baseline_O2 --input namd.input --iterations 38 --output namd.out 
Specinvoke: /media/hahafish/Data/ForUbuntu/speccpu2006/bin/specinvoke -d /media/hahafish/Data/ForUbuntu/speccpu2006/benchspec/CPU2006/444.namd/run/run_base_ref_infra-baseline_O2.0000 -e speccmds.err -o speccmds.stdout -f speccmds.cmd -C
Issuing command '/media/hahafish/Data/ForUbuntu/speccpu2006/bin/specinvoke -d /media/hahafish/Data/ForUbuntu/speccpu2006/benchspec/CPU2006/444.namd/run/run_base_ref_infra-baseline_O2.0000 -e speccmds.err -o speccmds.stdout -f speccmds.cmd -C'
Start command: Wed Jul  1 00:41:56 2026 (1782837716)
Stop command: Wed Jul  1 00:43:57 2026 (1782837837)
Elapsed time for command: 00:02:01 (121)
Workload elapsed time (0:1) = 112.885891 seconds
copy 0 finished @ Wed Jul  1 00:43:49 2026.  Total elapsed time: 112.885891
comparing files in '/media/hahafish/Data/ForUbuntu/speccpu2006/benchspec/CPU2006/444.namd/run/run_base_ref_infra-baseline_O2.0000'
comparing 'namd.out' with abstol=1e-05, binary=, calctol=0, cw=, floatcompare=, ignorecase=, obiwan=, reltol=, skipabstol=, skipobiwan=, skipreltol=, skiptol=
Specinvoke: /media/hahafish/Data/ForUbuntu/speccpu2006/bin/specinvoke -E -d /media/hahafish/Data/ForUbuntu/speccpu2006/benchspec/CPU2006/444.namd/run/run_base_ref_infra-baseline_O2.0000 -c 1 -e compare.err -o compare.stdout -f compare.cmd
Issuing command '/media/hahafish/Data/ForUbuntu/speccpu2006/bin/specinvoke -E -d /media/hahafish/Data/ForUbuntu/speccpu2006/benchspec/CPU2006/444.namd/run/run_base_ref_infra-baseline_O2.0000 -c 1 -e compare.err -o compare.stdout -f compare.cmd'
Start command: Wed Jul  1 00:43:57 2026 (1782837837)
Stop command: Wed Jul  1 00:43:59 2026 (1782837839)
Elapsed time for command: 00:00:02 (2)
Benchmark Times:
  Start:    Wed Jul  1 00:41:56 2026 (1782837716)
  Stop:     Wed Jul  1 00:43:57 2026 (1782837837)
  Elapsed:  00:02:01 (121)
  Reported: 112 885928000 112.885928
 Success 444.namd base ref ratio=71.05, runtime=112.885928

-----------------------------------
  Running (#1) 445.gobmk ref base infra-baseline_O2 default
Commands to run: 
    -C /home/hahafish/speccpu2006/benchspec/CPU2006/445.gobmk/run/run_base_ref_infra-baseline_O2.0001
    -i 13x13.tst -o 13x13.out -e 13x13.err ../run_base_ref_infra-baseline_O2.0001/gobmk_base.infra-baseline_O2 --quiet --mode gtp
    -i nngs.tst -o nngs.out -e nngs.err ../run_base_ref_infra-baseline_O2.0001/gobmk_base.infra-baseline_O2 --quiet --mode gtp
    -i score2.tst -o score2.out -e score2.err ../run_base_ref_infra-baseline_O2.0001/gobmk_base.infra-baseline_O2 --quiet --mode gtp
    -i trevorc.tst -o trevorc.out -e trevorc.err ../run_base_ref_infra-baseline_O2.0001/gobmk_base.infra-baseline_O2 --quiet --mode gtp
    -i trevord.tst -o trevord.out -e trevord.err ../run_base_ref_infra-baseline_O2.0001/gobmk_base.infra-baseline_O2 --quiet --mode gtp
Specinvoke: /media/hahafish/Data/ForUbuntu/speccpu2006/bin/specinvoke -d /home/hahafish/speccpu2006/benchspec/CPU2006/445.gobmk/run/run_base_ref_infra-baseline_O2.0001 -e speccmds.err -o speccmds.stdout -f speccmds.cmd -C
Issuing command '/media/hahafish/Data/ForUbuntu/speccpu2006/bin/specinvoke -d /home/hahafish/speccpu2006/benchspec/CPU2006/445.gobmk/run/run_base_ref_infra-baseline_O2.0001 -e speccmds.err -o speccmds.stdout -f speccmds.cmd -C'
Start command: Wed Jul  1 00:43:59 2026 (1782837839)
Stop command: Wed Jul  1 00:47:04 2026 (1782838024)
Elapsed time for command: 00:03:05 (185)
Workload elapsed time (0:1) = 25.339067 seconds
Workload elapsed time (0:2) = 63.53001 seconds
Workload elapsed time (0:3) = 31.573145 seconds
Workload elapsed time (0:4) = 24.833303 seconds
Workload elapsed time (0:5) = 32.105361 seconds
copy 0 finished @ Wed Jul  1 00:46:56 2026.  Total elapsed time: 177.380886
comparing files in '/home/hahafish/speccpu2006/benchspec/CPU2006/445.gobmk/run/run_base_ref_infra-baseline_O2.0001'
comparing '13x13.out' with abstol=, binary=, calctol=0, cw=, floatcompare=, ignorecase=, obiwan=, reltol=, skipabstol=, skipobiwan=, skipreltol=, skiptol=
comparing 'nngs.out' with abstol=, binary=, calctol=0, cw=, floatcompare=, ignorecase=, obiwan=, reltol=, skipabstol=, skipobiwan=, skipreltol=, skiptol=
comparing 'score2.out' with abstol=, binary=, calctol=0, cw=, floatcompare=, ignorecase=, obiwan=, reltol=, skipabstol=, skipobiwan=, skipreltol=, skiptol=
comparing 'trevorc.out' with abstol=, binary=, calctol=0, cw=, floatcompare=, ignorecase=, obiwan=, reltol=, skipabstol=, skipobiwan=, skipreltol=, skiptol=
comparing 'trevord.out' with abstol=, binary=, calctol=0, cw=, floatcompare=, ignorecase=, obiwan=, reltol=, skipabstol=, skipobiwan=, skipreltol=, skiptol=
Specinvoke: /media/hahafish/Data/ForUbuntu/speccpu2006/bin/specinvoke -E -d /home/hahafish/speccpu2006/benchspec/CPU2006/445.gobmk/run/run_base_ref_infra-baseline_O2.0001 -c 1 -e compare.err -o compare.stdout -f compare.cmd
Issuing command '/media/hahafish/Data/ForUbuntu/speccpu2006/bin/specinvoke -E -d /home/hahafish/speccpu2006/benchspec/CPU2006/445.gobmk/run/run_base_ref_infra-baseline_O2.0001 -c 1 -e compare.err -o compare.stdout -f compare.cmd'
Start command: Wed Jul  1 00:47:04 2026 (1782838024)
Stop command: Wed Jul  1 00:47:06 2026 (1782838026)
Elapsed time for command: 00:00:02 (2)
Benchmark Times:
  Start:    Wed Jul  1 00:43:59 2026 (1782837839)
  Stop:     Wed Jul  1 00:47:04 2026 (1782838024)
  Elapsed:  00:03:05 (185)
  Reported: 177 380950000 177.38095
 Success 445.gobmk base ref ratio=59.14, runtime=177.380950

-----------------------------------
  Running (#1) 447.dealII ref base infra-baseline_O2 default
Commands to run: 
    -C /media/hahafish/Data/ForUbuntu/speccpu2006/benchspec/CPU2006/447.dealII/run/run_base_ref_infra-baseline_O2.0000
    -o log -e dealII.err ../run_base_ref_infra-baseline_O2.0000/dealII_base.infra-baseline_O2 23
Specinvoke: /media/hahafish/Data/ForUbuntu/speccpu2006/bin/specinvoke -d /media/hahafish/Data/ForUbuntu/speccpu2006/benchspec/CPU2006/447.dealII/run/run_base_ref_infra-baseline_O2.0000 -e speccmds.err -o speccmds.stdout -f speccmds.cmd -C
Issuing command '/media/hahafish/Data/ForUbuntu/speccpu2006/bin/specinvoke -d /media/hahafish/Data/ForUbuntu/speccpu2006/benchspec/CPU2006/447.dealII/run/run_base_ref_infra-baseline_O2.0000 -e speccmds.err -o speccmds.stdout -f speccmds.cmd -C'
Start command: Wed Jul  1 00:47:06 2026 (1782838026)
Stop command: Wed Jul  1 00:48:54 2026 (1782838134)
Elapsed time for command: 00:01:48 (108)
Workload elapsed time (0:1) = 99.365543 seconds
copy 0 finished @ Wed Jul  1 00:48:46 2026.  Total elapsed time: 99.365543
comparing files in '/media/hahafish/Data/ForUbuntu/speccpu2006/benchspec/CPU2006/447.dealII/run/run_base_ref_infra-baseline_O2.0000'
comparing 'grid-0.eps' with abstol=1e-07, binary=, calctol=0, cw=, floatcompare=, ignorecase=, obiwan=, reltol=, skipabstol=, skipobiwan=, skipreltol=, skiptol=
comparing 'grid-1.eps' with abstol=1e-07, binary=, calctol=0, cw=, floatcompare=, ignorecase=, obiwan=, reltol=, skipabstol=, skipobiwan=, skipreltol=, skiptol=
comparing 'grid-2.eps' with abstol=1e-07, binary=, calctol=0, cw=, floatcompare=, ignorecase=, obiwan=, reltol=, skipabstol=, skipobiwan=, skipreltol=, skiptol=
comparing 'grid-3.eps' with abstol=1e-07, binary=, calctol=0, cw=, floatcompare=, ignorecase=, obiwan=, reltol=, skipabstol=, skipobiwan=, skipreltol=, skiptol=
comparing 'grid-4.eps' with abstol=1e-07, binary=, calctol=0, cw=, floatcompare=, ignorecase=, obiwan=, reltol=, skipabstol=, skipobiwan=, skipreltol=, skiptol=
comparing 'grid-5.eps' with abstol=1e-07, binary=, calctol=0, cw=, floatcompare=, ignorecase=, obiwan=, reltol=, skipabstol=, skipobiwan=, skipreltol=, skiptol=
comparing 'grid-6.eps' with abstol=1e-07, binary=, calctol=0, cw=, floatcompare=, ignorecase=, obiwan=, reltol=, skipabstol=, skipobiwan=, skipreltol=, skiptol=
comparing 'grid-7.eps' with abstol=1e-07, binary=, calctol=0, cw=, floatcompare=, ignorecase=, obiwan=, reltol=, skipabstol=, skipobiwan=, skipreltol=, skiptol=
comparing 'grid-8.eps' with abstol=1e-07, binary=, calctol=0, cw=, floatcompare=, ignorecase=, obiwan=, reltol=, skipabstol=, skipobiwan=, skipreltol=, skiptol=
comparing 'solution-0.gmv' with abstol=1e-07, binary=, calctol=0, cw=, floatcompare=, ignorecase=, obiwan=, reltol=, skipabstol=, skipobiwan=, skipreltol=, skiptol=
comparing 'solution-1.gmv' with abstol=1e-07, binary=, calctol=0, cw=, floatcompare=, ignorecase=, obiwan=, reltol=, skipabstol=, skipobiwan=, skipreltol=, skiptol=
comparing 'solution-2.gmv' with abstol=1e-07, binary=, calctol=0, cw=, floatcompare=, ignorecase=, obiwan=, reltol=, skipabstol=, skipobiwan=, skipreltol=, skiptol=
comparing 'solution-3.gmv' with abstol=1e-07, binary=, calctol=0, cw=, floatcompare=, ignorecase=, obiwan=, reltol=, skipabstol=, skipobiwan=, skipreltol=, skiptol=
comparing 'solution-4.gmv' with abstol=1e-07, binary=, calctol=0, cw=, floatcompare=, ignorecase=, obiwan=, reltol=, skipabstol=, skipobiwan=, skipreltol=, skiptol=
comparing 'solution-5.gmv' with abstol=1e-07, binary=, calctol=0, cw=, floatcompare=, ignorecase=, obiwan=, reltol=, skipabstol=, skipobiwan=, skipreltol=, skiptol=
comparing 'solution-6.gmv' with abstol=1e-07, binary=, calctol=0, cw=, floatcompare=, ignorecase=, obiwan=, reltol=, skipabstol=, skipobiwan=, skipreltol=, skiptol=
comparing 'solution-7.gmv' with abstol=1e-07, binary=, calctol=0, cw=, floatcompare=, ignorecase=, obiwan=, reltol=, skipabstol=, skipobiwan=, skipreltol=, skiptol=
comparing 'solution-8.gmv' with abstol=1e-07, binary=, calctol=0, cw=, floatcompare=, ignorecase=, obiwan=, reltol=, skipabstol=, skipobiwan=, skipreltol=, skiptol=
comparing 'grid-10.eps' with abstol=1e-07, binary=, calctol=0, cw=, floatcompare=, ignorecase=, obiwan=, reltol=, skipabstol=, skipobiwan=, skipreltol=, skiptol=
comparing 'grid-11.eps' with abstol=1e-07, binary=, calctol=0, cw=, floatcompare=, ignorecase=, obiwan=, reltol=, skipabstol=, skipobiwan=, skipreltol=, skiptol=
comparing 'grid-12.eps' with abstol=1e-07, binary=, calctol=0, cw=, floatcompare=, ignorecase=, obiwan=, reltol=, skipabstol=, skipobiwan=, skipreltol=, skiptol=
comparing 'grid-13.eps' with abstol=1e-07, binary=, calctol=0, cw=, floatcompare=, ignorecase=, obiwan=, reltol=, skipabstol=, skipobiwan=, skipreltol=, skiptol=
comparing 'grid-14.eps' with abstol=1e-07, binary=, calctol=0, cw=, floatcompare=, ignorecase=, obiwan=, reltol=, skipabstol=, skipobiwan=, skipreltol=, skiptol=
comparing 'grid-15.eps' with abstol=1e-07, binary=, calctol=0, cw=, floatcompare=, ignorecase=, obiwan=, reltol=, skipabstol=, skipobiwan=, skipreltol=, skiptol=
comparing 'grid-16.eps' with abstol=1e-07, binary=, calctol=0, cw=, floatcompare=, ignorecase=, obiwan=, reltol=, skipabstol=, skipobiwan=, skipreltol=, skiptol=
comparing 'grid-17.eps' with abstol=1e-07, binary=, calctol=0, cw=, floatcompare=, ignorecase=, obiwan=, reltol=, skipabstol=, skipobiwan=, skipreltol=, skiptol=
comparing 'grid-18.eps' with abstol=1e-07, binary=, calctol=0, cw=, floatcompare=, ignorecase=, obiwan=, reltol=, skipabstol=, skipobiwan=, skipreltol=, skiptol=
comparing 'grid-19.eps' with abstol=1e-07, binary=, calctol=0, cw=, floatcompare=, ignorecase=, obiwan=, reltol=, skipabstol=, skipobiwan=, skipreltol=, skiptol=
comparing 'grid-20.eps' with abstol=1e-07, binary=, calctol=0, cw=, floatcompare=, ignorecase=, obiwan=, reltol=, skipabstol=, skipobiwan=, skipreltol=, skiptol=
comparing 'grid-21.eps' with abstol=1e-07, binary=, calctol=0, cw=, floatcompare=, ignorecase=, obiwan=, reltol=, skipabstol=, skipobiwan=, skipreltol=, skiptol=
comparing 'grid-22.eps' with abstol=1e-07, binary=, calctol=0, cw=, floatcompare=, ignorecase=, obiwan=, reltol=, skipabstol=, skipobiwan=, skipreltol=, skiptol=
comparing 'grid-23.eps' with abstol=1e-07, binary=, calctol=0, cw=, floatcompare=, ignorecase=, obiwan=, reltol=, skipabstol=, skipobiwan=, skipreltol=, skiptol=
comparing 'grid-9.eps' with abstol=1e-07, binary=, calctol=0, cw=, floatcompare=, ignorecase=, obiwan=, reltol=, skipabstol=, skipobiwan=, skipreltol=, skiptol=
comparing 'log' with abstol=1e-07, binary=, calctol=0, cw=, floatcompare=, ignorecase=, obiwan=, reltol=, skipabstol=, skipobiwan=, skipreltol=, skiptol=
comparing 'solution-10.gmv' with abstol=1e-07, binary=, calctol=0, cw=, floatcompare=, ignorecase=, obiwan=, reltol=, skipabstol=, skipobiwan=, skipreltol=, skiptol=
comparing 'solution-11.gmv' with abstol=1e-07, binary=, calctol=0, cw=, floatcompare=, ignorecase=, obiwan=, reltol=, skipabstol=, skipobiwan=, skipreltol=, skiptol=
comparing 'solution-12.gmv' with abstol=1e-07, binary=, calctol=0, cw=, floatcompare=, ignorecase=, obiwan=, reltol=, skipabstol=, skipobiwan=, skipreltol=, skiptol=
comparing 'solution-13.gmv' with abstol=1e-07, binary=, calctol=0, cw=, floatcompare=, ignorecase=, obiwan=, reltol=, skipabstol=, skipobiwan=, skipreltol=, skiptol=
comparing 'solution-14.gmv' with abstol=1e-07, binary=, calctol=0, cw=, floatcompare=, ignorecase=, obiwan=, reltol=, skipabstol=, skipobiwan=, skipreltol=, skiptol=
comparing 'solution-15.gmv' with abstol=1e-07, binary=, calctol=0, cw=, floatcompare=, ignorecase=, obiwan=, reltol=, skipabstol=, skipobiwan=, skipreltol=, skiptol=
comparing 'solution-16.gmv' with abstol=1e-07, binary=, calctol=0, cw=, floatcompare=, ignorecase=, obiwan=, reltol=, skipabstol=, skipobiwan=, skipreltol=, skiptol=
comparing 'solution-17.gmv' with abstol=1e-07, binary=, calctol=0, cw=, floatcompare=, ignorecase=, obiwan=, reltol=, skipabstol=, skipobiwan=, skipreltol=, skiptol=
comparing 'solution-18.gmv' with abstol=1e-07, binary=, calctol=0, cw=, floatcompare=, ignorecase=, obiwan=, reltol=, skipabstol=, skipobiwan=, skipreltol=, skiptol=
comparing 'solution-19.gmv' with abstol=1e-07, binary=, calctol=0, cw=, floatcompare=, ignorecase=, obiwan=, reltol=, skipabstol=, skipobiwan=, skipreltol=, skiptol=
comparing 'solution-20.gmv' with abstol=1e-07, binary=, calctol=0, cw=, floatcompare=, ignorecase=, obiwan=, reltol=, skipabstol=, skipobiwan=, skipreltol=, skiptol=
comparing 'solution-21.gmv' with abstol=1e-07, binary=, calctol=0, cw=, floatcompare=, ignorecase=, obiwan=, reltol=, skipabstol=, skipobiwan=, skipreltol=, skiptol=
comparing 'solution-22.gmv' with abstol=1e-07, binary=, calctol=0, cw=, floatcompare=, ignorecase=, obiwan=, reltol=, skipabstol=, skipobiwan=, skipreltol=, skiptol=
comparing 'solution-23.gmv' with abstol=1e-07, binary=, calctol=0, cw=, floatcompare=, ignorecase=, obiwan=, reltol=, skipabstol=, skipobiwan=, skipreltol=, skiptol=
comparing 'solution-9.gmv' with abstol=1e-07, binary=, calctol=0, cw=, floatcompare=, ignorecase=, obiwan=, reltol=, skipabstol=, skipobiwan=, skipreltol=, skiptol=
Specinvoke: /media/hahafish/Data/ForUbuntu/speccpu2006/bin/specinvoke -E -d /media/hahafish/Data/ForUbuntu/speccpu2006/benchspec/CPU2006/447.dealII/run/run_base_ref_infra-baseline_O2.0000 -c 1 -e compare.err -o compare.stdout -f compare.cmd
Issuing command '/media/hahafish/Data/ForUbuntu/speccpu2006/bin/specinvoke -E -d /media/hahafish/Data/ForUbuntu/speccpu2006/benchspec/CPU2006/447.dealII/run/run_base_ref_infra-baseline_O2.0000 -c 1 -e compare.err -o compare.stdout -f compare.cmd'
Start command: Wed Jul  1 00:48:54 2026 (1782838134)
Stop command: Wed Jul  1 00:49:08 2026 (1782838148)
Elapsed time for command: 00:00:14 (14)
Benchmark Times:
  Start:    Wed Jul  1 00:47:06 2026 (1782838026)
  Stop:     Wed Jul  1 00:48:54 2026 (1782838134)
  Elapsed:  00:01:48 (108)
  Reported: 99 365588000 99.365588
 Success 447.dealII base ref ratio=115.13, runtime=99.365588

-----------------------------------
  Running (#1) 450.soplex ref base infra-baseline_O2 default
Commands to run: 
    -C /media/hahafish/Data/ForUbuntu/speccpu2006/benchspec/CPU2006/450.soplex/run/run_base_ref_infra-baseline_O2.0000
    -o pds-50.mps.out -e pds-50.mps.stderr ../run_base_ref_infra-baseline_O2.0000/soplex_base.infra-baseline_O2 -s1 -e -m45000 pds-50.mps
    -o ref.out -e ref.stderr ../run_base_ref_infra-baseline_O2.0000/soplex_base.infra-baseline_O2 -m3500 ref.mps
Specinvoke: /media/hahafish/Data/ForUbuntu/speccpu2006/bin/specinvoke -d /media/hahafish/Data/ForUbuntu/speccpu2006/benchspec/CPU2006/450.soplex/run/run_base_ref_infra-baseline_O2.0000 -e speccmds.err -o speccmds.stdout -f speccmds.cmd -C
Issuing command '/media/hahafish/Data/ForUbuntu/speccpu2006/bin/specinvoke -d /media/hahafish/Data/ForUbuntu/speccpu2006/benchspec/CPU2006/450.soplex/run/run_base_ref_infra-baseline_O2.0000 -e speccmds.err -o speccmds.stdout -f speccmds.cmd -C'
Start command: Wed Jul  1 00:49:08 2026 (1782838148)
Stop command: Wed Jul  1 00:51:06 2026 (1782838266)
Elapsed time for command: 00:01:58 (118)
Workload elapsed time (0:1) = 49.470271 seconds
Workload elapsed time (0:2) = 60.825799 seconds
copy 0 finished @ Wed Jul  1 00:50:58 2026.  Total elapsed time: 110.29607
comparing files in '/media/hahafish/Data/ForUbuntu/speccpu2006/benchspec/CPU2006/450.soplex/run/run_base_ref_infra-baseline_O2.0000'
comparing 'pds-50.mps.out' with abstol=1e-05, binary=, calctol=0, cw=, floatcompare=, ignorecase=, obiwan=1, reltol=0.02, skipabstol=, skipobiwan=, skipreltol=, skiptol=
comparing 'pds-50.mps.stderr' with abstol=20, binary=, calctol=0, cw=, floatcompare=, ignorecase=, obiwan=1, reltol=0.0001, skipabstol=, skipobiwan=, skipreltol=, skiptol=
comparing 'ref.out' with abstol=1e-05, binary=, calctol=0, cw=, floatcompare=, ignorecase=, obiwan=1, reltol=0.02, skipabstol=, skipobiwan=, skipreltol=, skiptol=
comparing 'ref.stderr' with abstol=20, binary=, calctol=0, cw=, floatcompare=, ignorecase=, obiwan=1, reltol=0.0001, skipabstol=, skipobiwan=, skipreltol=, skiptol=
Specinvoke: /media/hahafish/Data/ForUbuntu/speccpu2006/bin/specinvoke -E -d /media/hahafish/Data/ForUbuntu/speccpu2006/benchspec/CPU2006/450.soplex/run/run_base_ref_infra-baseline_O2.0000 -c 1 -e compare.err -o compare.stdout -f compare.cmd
Issuing command '/media/hahafish/Data/ForUbuntu/speccpu2006/bin/specinvoke -E -d /media/hahafish/Data/ForUbuntu/speccpu2006/benchspec/CPU2006/450.soplex/run/run_base_ref_infra-baseline_O2.0000 -c 1 -e compare.err -o compare.stdout -f compare.cmd'
Start command: Wed Jul  1 00:51:06 2026 (1782838266)
Stop command: Wed Jul  1 00:51:08 2026 (1782838268)
Elapsed time for command: 00:00:02 (2)
Error with '/media/hahafish/Data/ForUbuntu/speccpu2006/bin/specinvoke -E -d /media/hahafish/Data/ForUbuntu/speccpu2006/benchspec/CPU2006/450.soplex/run/run_base_ref_infra-baseline_O2.0000 -c 1 -e compare.err -o compare.stdout -f compare.cmd': check file '/media/hahafish/Data/ForUbuntu/speccpu2006/benchspec/CPU2006/450.soplex/run/run_base_ref_infra-baseline_O2.0000/.err'
*** Miscompare of pds-50.mps.stderr, see /media/hahafish/Data/ForUbuntu/speccpu2006/benchspec/CPU2006/450.soplex/run/run_base_ref_infra-baseline_O2.0000/pds-50.mps.stderr.mis
'pds-50.mps.stderr' long
*** Miscompare of ref.stderr, see /media/hahafish/Data/ForUbuntu/speccpu2006/benchspec/CPU2006/450.soplex/run/run_base_ref_infra-baseline_O2.0000/ref.stderr.mis
'ref.stderr' long
Benchmark Times:
  Start:    Wed Jul  1 00:49:08 2026 (1782838148)
  Stop:     Wed Jul  1 00:51:06 2026 (1782838266)
  Elapsed:  00:01:58 (118)
  Reported: 110 296120000 110.29612
 Error 450.soplex base ref ratio=75.61, runtime=110.296120

-----------------------------------
  Running (#1) 453.povray ref base infra-baseline_O2 default
Commands to run: 
    -C /media/hahafish/Data/ForUbuntu/speccpu2006/benchspec/CPU2006/453.povray/run/run_base_ref_infra-baseline_O2.0000
    -o SPEC-benchmark-ref.stdout -e SPEC-benchmark-ref.stderr ../run_base_ref_infra-baseline_O2.0000/povray_base.infra-baseline_O2 SPEC-benchmark-ref.ini
Specinvoke: /media/hahafish/Data/ForUbuntu/speccpu2006/bin/specinvoke -d /media/hahafish/Data/ForUbuntu/speccpu2006/benchspec/CPU2006/453.povray/run/run_base_ref_infra-baseline_O2.0000 -e speccmds.err -o speccmds.stdout -f speccmds.cmd -C
Issuing command '/media/hahafish/Data/ForUbuntu/speccpu2006/bin/specinvoke -d /media/hahafish/Data/ForUbuntu/speccpu2006/benchspec/CPU2006/453.povray/run/run_base_ref_infra-baseline_O2.0000 -e speccmds.err -o speccmds.stdout -f speccmds.cmd -C'
Start command: Wed Jul  1 00:51:08 2026 (1782838268)
Stop command: Wed Jul  1 00:51:54 2026 (1782838314)
Elapsed time for command: 00:00:46 (46)
Workload elapsed time (0:1) = 37.91552 seconds
copy 0 finished @ Wed Jul  1 00:51:46 2026.  Total elapsed time: 37.91552
comparing files in '/media/hahafish/Data/ForUbuntu/speccpu2006/benchspec/CPU2006/453.povray/run/run_base_ref_infra-baseline_O2.0000'
comparing 'SPEC-benchmark.log' with abstol=0, binary=, calctol=0, cw=, floatcompare=, ignorecase=, obiwan=, reltol=5e-05, skipabstol=, skipobiwan=, skipreltol=, skiptol=
comparing 'SPEC-benchmark.tga' with abstol=0, binary=1, calctol=0, cw=, floatcompare=, ignorecase=, obiwan=, reltol=5e-05, skipabstol=, skipobiwan=, skipreltol=, skiptol=50
Specinvoke: /media/hahafish/Data/ForUbuntu/speccpu2006/bin/specinvoke -E -d /media/hahafish/Data/ForUbuntu/speccpu2006/benchspec/CPU2006/453.povray/run/run_base_ref_infra-baseline_O2.0000 -c 1 -e compare.err -o compare.stdout -f compare.cmd
Issuing command '/media/hahafish/Data/ForUbuntu/speccpu2006/bin/specinvoke -E -d /media/hahafish/Data/ForUbuntu/speccpu2006/benchspec/CPU2006/453.povray/run/run_base_ref_infra-baseline_O2.0000 -c 1 -e compare.err -o compare.stdout -f compare.cmd'
Start command: Wed Jul  1 00:51:54 2026 (1782838314)
Stop command: Wed Jul  1 00:52:00 2026 (1782838320)
Elapsed time for command: 00:00:06 (6)
Benchmark Times:
  Start:    Wed Jul  1 00:51:08 2026 (1782838268)
  Stop:     Wed Jul  1 00:51:54 2026 (1782838314)
  Elapsed:  00:00:46 (46)
  Reported: 37 915557000 37.915557
 Success 453.povray base ref ratio=140.31, runtime=37.915557

-----------------------------------
  Running (#1) 456.hmmer ref base infra-baseline_O2 default
Commands to run: 
    -C /media/hahafish/Data/ForUbuntu/speccpu2006/benchspec/CPU2006/456.hmmer/run/run_base_ref_infra-baseline_O2.0002
    -o nph3.out -e nph3.err ../run_base_ref_infra-baseline_O2.0002/hmmer_base.infra-baseline_O2 nph3.hmm swiss41
    -o retro.out -e retro.err ../run_base_ref_infra-baseline_O2.0002/hmmer_base.infra-baseline_O2 --fixed 0 --mean 500 --num 500000 --sd 350 --seed 0 retro.hmm
Specinvoke: /media/hahafish/Data/ForUbuntu/speccpu2006/bin/specinvoke -d /media/hahafish/Data/ForUbuntu/speccpu2006/benchspec/CPU2006/456.hmmer/run/run_base_ref_infra-baseline_O2.0002 -e speccmds.err -o speccmds.stdout -f speccmds.cmd -C
Issuing command '/media/hahafish/Data/ForUbuntu/speccpu2006/bin/specinvoke -d /media/hahafish/Data/ForUbuntu/speccpu2006/benchspec/CPU2006/456.hmmer/run/run_base_ref_infra-baseline_O2.0002 -e speccmds.err -o speccmds.stdout -f speccmds.cmd -C'
Start command: Wed Jul  1 00:52:00 2026 (1782838320)
Stop command: Wed Jul  1 00:54:01 2026 (1782838441)
Elapsed time for command: 00:02:01 (121)
Workload elapsed time (0:1) = 35.158415 seconds
Workload elapsed time (0:2) = 77.51268 seconds
copy 0 finished @ Wed Jul  1 00:53:53 2026.  Total elapsed time: 112.671095
comparing files in '/media/hahafish/Data/ForUbuntu/speccpu2006/benchspec/CPU2006/456.hmmer/run/run_base_ref_infra-baseline_O2.0002'
comparing 'nph3.out' with abstol=1e-05, binary=, calctol=0, cw=, floatcompare=, ignorecase=, obiwan=, reltol=0.002, skipabstol=, skipobiwan=, skipreltol=, skiptol=10
comparing 'retro.out' with abstol=1e-05, binary=, calctol=0, cw=, floatcompare=, ignorecase=, obiwan=, reltol=0.002, skipabstol=, skipobiwan=, skipreltol=, skiptol=10
Specinvoke: /media/hahafish/Data/ForUbuntu/speccpu2006/bin/specinvoke -E -d /media/hahafish/Data/ForUbuntu/speccpu2006/benchspec/CPU2006/456.hmmer/run/run_base_ref_infra-baseline_O2.0002 -c 1 -e compare.err -o compare.stdout -f compare.cmd
Issuing command '/media/hahafish/Data/ForUbuntu/speccpu2006/bin/specinvoke -E -d /media/hahafish/Data/ForUbuntu/speccpu2006/benchspec/CPU2006/456.hmmer/run/run_base_ref_infra-baseline_O2.0002 -c 1 -e compare.err -o compare.stdout -f compare.cmd'
Start command: Wed Jul  1 00:54:01 2026 (1782838441)
Stop command: Wed Jul  1 00:54:03 2026 (1782838443)
Elapsed time for command: 00:00:02 (2)
Benchmark Times:
  Start:    Wed Jul  1 00:52:00 2026 (1782838320)
  Stop:     Wed Jul  1 00:54:01 2026 (1782838441)
  Elapsed:  00:02:01 (121)
  Reported: 112 671135000 112.671135
 Success 456.hmmer base ref ratio=82.81, runtime=112.671135

-----------------------------------
  Running (#1) 458.sjeng ref base infra-baseline_O2 default
Commands to run: 
    -C /media/hahafish/Data/ForUbuntu/speccpu2006/benchspec/CPU2006/458.sjeng/run/run_base_ref_infra-baseline_O2.0000
    -o ref.out -e ref.err ../run_base_ref_infra-baseline_O2.0000/sjeng_base.infra-baseline_O2 ref.txt
Specinvoke: /media/hahafish/Data/ForUbuntu/speccpu2006/bin/specinvoke -d /media/hahafish/Data/ForUbuntu/speccpu2006/benchspec/CPU2006/458.sjeng/run/run_base_ref_infra-baseline_O2.0000 -e speccmds.err -o speccmds.stdout -f speccmds.cmd -C
Issuing command '/media/hahafish/Data/ForUbuntu/speccpu2006/bin/specinvoke -d /media/hahafish/Data/ForUbuntu/speccpu2006/benchspec/CPU2006/458.sjeng/run/run_base_ref_infra-baseline_O2.0000 -e speccmds.err -o speccmds.stdout -f speccmds.cmd -C'
Start command: Wed Jul  1 00:54:03 2026 (1782838443)
Stop command: Wed Jul  1 00:57:52 2026 (1782838672)
Elapsed time for command: 00:03:49 (229)
Workload elapsed time (0:1) = 221.094867 seconds
copy 0 finished @ Wed Jul  1 00:57:44 2026.  Total elapsed time: 221.094867
comparing files in '/media/hahafish/Data/ForUbuntu/speccpu2006/benchspec/CPU2006/458.sjeng/run/run_base_ref_infra-baseline_O2.0000'
comparing 'ref.out' with abstol=, binary=, calctol=0, cw=, floatcompare=, ignorecase=, obiwan=, reltol=, skipabstol=, skipobiwan=, skipreltol=, skiptol=
Specinvoke: /media/hahafish/Data/ForUbuntu/speccpu2006/bin/specinvoke -E -d /media/hahafish/Data/ForUbuntu/speccpu2006/benchspec/CPU2006/458.sjeng/run/run_base_ref_infra-baseline_O2.0000 -c 1 -e compare.err -o compare.stdout -f compare.cmd
Issuing command '/media/hahafish/Data/ForUbuntu/speccpu2006/bin/specinvoke -E -d /media/hahafish/Data/ForUbuntu/speccpu2006/benchspec/CPU2006/458.sjeng/run/run_base_ref_infra-baseline_O2.0000 -c 1 -e compare.err -o compare.stdout -f compare.cmd'
Start command: Wed Jul  1 00:57:52 2026 (1782838672)
Stop command: Wed Jul  1 00:57:54 2026 (1782838674)
Elapsed time for command: 00:00:02 (2)
Benchmark Times:
  Start:    Wed Jul  1 00:54:03 2026 (1782838443)
  Stop:     Wed Jul  1 00:57:52 2026 (1782838672)
  Elapsed:  00:03:49 (229)
  Reported: 221 94906000 221.094906
 Success 458.sjeng base ref ratio=54.73, runtime=221.094906

-----------------------------------
  Running (#1) 462.libquantum ref base infra-baseline_O2 default
Commands to run: 
    -C /media/hahafish/Data/ForUbuntu/speccpu2006/benchspec/CPU2006/462.libquantum/run/run_base_ref_infra-baseline_O2.0002
    -o ref.out -e ref.err ../run_base_ref_infra-baseline_O2.0002/libquantum_base.infra-baseline_O2 1397 8
Specinvoke: /media/hahafish/Data/ForUbuntu/speccpu2006/bin/specinvoke -d /media/hahafish/Data/ForUbuntu/speccpu2006/benchspec/CPU2006/462.libquantum/run/run_base_ref_infra-baseline_O2.0002 -e speccmds.err -o speccmds.stdout -f speccmds.cmd -C
Issuing command '/media/hahafish/Data/ForUbuntu/speccpu2006/bin/specinvoke -d /media/hahafish/Data/ForUbuntu/speccpu2006/benchspec/CPU2006/462.libquantum/run/run_base_ref_infra-baseline_O2.0002 -e speccmds.err -o speccmds.stdout -f speccmds.cmd -C'
Start command: Wed Jul  1 00:57:54 2026 (1782838674)
Stop command: Wed Jul  1 01:01:53 2026 (1782838913)
Elapsed time for command: 00:03:59 (239)
Workload elapsed time (0:1) = 231.622562 seconds
copy 0 finished @ Wed Jul  1 01:01:45 2026.  Total elapsed time: 231.622562
comparing files in '/media/hahafish/Data/ForUbuntu/speccpu2006/benchspec/CPU2006/462.libquantum/run/run_base_ref_infra-baseline_O2.0002'
comparing 'ref.out' with abstol=, binary=, calctol=0, cw=, floatcompare=, ignorecase=, obiwan=1, reltol=, skipabstol=, skipobiwan=, skipreltol=, skiptol=
Specinvoke: /media/hahafish/Data/ForUbuntu/speccpu2006/bin/specinvoke -E -d /media/hahafish/Data/ForUbuntu/speccpu2006/benchspec/CPU2006/462.libquantum/run/run_base_ref_infra-baseline_O2.0002 -c 1 -e compare.err -o compare.stdout -f compare.cmd
Issuing command '/media/hahafish/Data/ForUbuntu/speccpu2006/bin/specinvoke -E -d /media/hahafish/Data/ForUbuntu/speccpu2006/benchspec/CPU2006/462.libquantum/run/run_base_ref_infra-baseline_O2.0002 -c 1 -e compare.err -o compare.stdout -f compare.cmd'
Start command: Wed Jul  1 01:01:53 2026 (1782838913)
Stop command: Wed Jul  1 01:01:56 2026 (1782838916)
Elapsed time for command: 00:00:03 (3)
Benchmark Times:
  Start:    Wed Jul  1 00:57:54 2026 (1782838674)
  Stop:     Wed Jul  1 01:01:53 2026 (1782838913)
  Elapsed:  00:03:59 (239)
  Reported: 231 622601000 231.622601
 Success 462.libquantum base ref ratio=89.46, runtime=231.622601

-----------------------------------
  Running (#1) 464.h264ref ref base infra-baseline_O2 default
Commands to run: 
    -C /media/hahafish/Data/ForUbuntu/speccpu2006/benchspec/CPU2006/464.h264ref/run/run_base_ref_infra-baseline_O2.0000
    -o foreman_ref_baseline_encodelog.out -e foreman_ref_baseline_encodelog.err ../run_base_ref_infra-baseline_O2.0000/h264ref_base.infra-baseline_O2 -d foreman_ref_encoder_baseline.cfg
    -o foreman_ref_main_encodelog.out -e foreman_ref_main_encodelog.err ../run_base_ref_infra-baseline_O2.0000/h264ref_base.infra-baseline_O2 -d foreman_ref_encoder_main.cfg
    -o sss_main_encodelog.out -e sss_main_encodelog.err ../run_base_ref_infra-baseline_O2.0000/h264ref_base.infra-baseline_O2 -d sss_encoder_main.cfg
Specinvoke: /media/hahafish/Data/ForUbuntu/speccpu2006/bin/specinvoke -d /media/hahafish/Data/ForUbuntu/speccpu2006/benchspec/CPU2006/464.h264ref/run/run_base_ref_infra-baseline_O2.0000 -e speccmds.err -o speccmds.stdout -f speccmds.cmd -C
Issuing command '/media/hahafish/Data/ForUbuntu/speccpu2006/bin/specinvoke -d /media/hahafish/Data/ForUbuntu/speccpu2006/benchspec/CPU2006/464.h264ref/run/run_base_ref_infra-baseline_O2.0000 -e speccmds.err -o speccmds.stdout -f speccmds.cmd -C'
Start command: Wed Jul  1 01:01:56 2026 (1782838916)
Stop command: Wed Jul  1 01:04:38 2026 (1782839078)
Elapsed time for command: 00:02:42 (162)
Workload elapsed time (0:1) = 21.158664 seconds
Workload elapsed time (0:2) = 14.030798 seconds
Workload elapsed time (0:3) = 119.25407 seconds
copy 0 finished @ Wed Jul  1 01:04:30 2026.  Total elapsed time: 154.443532
comparing files in '/media/hahafish/Data/ForUbuntu/speccpu2006/benchspec/CPU2006/464.h264ref/run/run_base_ref_infra-baseline_O2.0000'
comparing 'foreman_ref_baseline_encodelog.out' with abstol=, binary=, calctol=0, cw=1, floatcompare=1, ignorecase=, obiwan=, reltol=, skipabstol=, skipobiwan=, skipreltol=, skiptol=
comparing 'foreman_ref_baseline_leakybucketparam.cfg' with abstol=, binary=1, calctol=0, cw=1, floatcompare=1, ignorecase=, obiwan=, reltol=, skipabstol=, skipobiwan=, skipreltol=, skiptol=
comparing 'foreman_ref_main_encodelog.out' with abstol=, binary=, calctol=0, cw=1, floatcompare=1, ignorecase=, obiwan=, reltol=, skipabstol=, skipobiwan=, skipreltol=, skiptol=
comparing 'foreman_ref_main_leakybucketparam.cfg' with abstol=, binary=1, calctol=0, cw=1, floatcompare=1, ignorecase=, obiwan=, reltol=, skipabstol=, skipobiwan=, skipreltol=, skiptol=
comparing 'sss_main_encodelog.out' with abstol=, binary=, calctol=0, cw=1, floatcompare=1, ignorecase=, obiwan=, reltol=, skipabstol=, skipobiwan=, skipreltol=, skiptol=
comparing 'sss_main_leakybucketparam.cfg' with abstol=, binary=1, calctol=0, cw=1, floatcompare=1, ignorecase=, obiwan=, reltol=, skipabstol=, skipobiwan=, skipreltol=, skiptol=
Specinvoke: /media/hahafish/Data/ForUbuntu/speccpu2006/bin/specinvoke -E -d /media/hahafish/Data/ForUbuntu/speccpu2006/benchspec/CPU2006/464.h264ref/run/run_base_ref_infra-baseline_O2.0000 -c 1 -e compare.err -o compare.stdout -f compare.cmd
Issuing command '/media/hahafish/Data/ForUbuntu/speccpu2006/bin/specinvoke -E -d /media/hahafish/Data/ForUbuntu/speccpu2006/benchspec/CPU2006/464.h264ref/run/run_base_ref_infra-baseline_O2.0000 -c 1 -e compare.err -o compare.stdout -f compare.cmd'
Start command: Wed Jul  1 01:04:38 2026 (1782839078)
Stop command: Wed Jul  1 01:04:40 2026 (1782839080)
Elapsed time for command: 00:00:02 (2)
Benchmark Times:
  Start:    Wed Jul  1 01:01:56 2026 (1782838916)
  Stop:     Wed Jul  1 01:04:38 2026 (1782839078)
  Elapsed:  00:02:42 (162)
  Reported: 154 443578000 154.443578
 Success 464.h264ref base ref ratio=143.29, runtime=154.443578

-----------------------------------
  Running (#1) 470.lbm ref base infra-baseline_O2 default
Commands to run: 
    -C /media/hahafish/Data/ForUbuntu/speccpu2006/benchspec/CPU2006/470.lbm/run/run_base_ref_infra-baseline_O2.0001
    -o lbm.out -e lbm.err ../run_base_ref_infra-baseline_O2.0001/lbm_base.infra-baseline_O2 3000 reference.dat 0 0 100_100_130_ldc.of
Specinvoke: /media/hahafish/Data/ForUbuntu/speccpu2006/bin/specinvoke -d /media/hahafish/Data/ForUbuntu/speccpu2006/benchspec/CPU2006/470.lbm/run/run_base_ref_infra-baseline_O2.0001 -e speccmds.err -o speccmds.stdout -f speccmds.cmd -C
Issuing command '/media/hahafish/Data/ForUbuntu/speccpu2006/bin/specinvoke -d /media/hahafish/Data/ForUbuntu/speccpu2006/benchspec/CPU2006/470.lbm/run/run_base_ref_infra-baseline_O2.0001 -e speccmds.err -o speccmds.stdout -f speccmds.cmd -C'
Start command: Wed Jul  1 01:04:40 2026 (1782839080)
Stop command: Wed Jul  1 01:06:17 2026 (1782839177)
Elapsed time for command: 00:01:37 (97)
Workload elapsed time (0:1) = 88.802748 seconds
copy 0 finished @ Wed Jul  1 01:06:09 2026.  Total elapsed time: 88.802748
comparing files in '/media/hahafish/Data/ForUbuntu/speccpu2006/benchspec/CPU2006/470.lbm/run/run_base_ref_infra-baseline_O2.0001'
comparing 'lbm.out' with abstol=1e-07, binary=, calctol=0, cw=, floatcompare=, ignorecase=, obiwan=, reltol=, skipabstol=, skipobiwan=, skipreltol=, skiptol=
Specinvoke: /media/hahafish/Data/ForUbuntu/speccpu2006/bin/specinvoke -E -d /media/hahafish/Data/ForUbuntu/speccpu2006/benchspec/CPU2006/470.lbm/run/run_base_ref_infra-baseline_O2.0001 -c 1 -e compare.err -o compare.stdout -f compare.cmd
Issuing command '/media/hahafish/Data/ForUbuntu/speccpu2006/bin/specinvoke -E -d /media/hahafish/Data/ForUbuntu/speccpu2006/benchspec/CPU2006/470.lbm/run/run_base_ref_infra-baseline_O2.0001 -c 1 -e compare.err -o compare.stdout -f compare.cmd'
Start command: Wed Jul  1 01:06:17 2026 (1782839177)
Stop command: Wed Jul  1 01:06:19 2026 (1782839179)
Elapsed time for command: 00:00:02 (2)
Benchmark Times:
  Start:    Wed Jul  1 01:04:40 2026 (1782839080)
  Stop:     Wed Jul  1 01:06:17 2026 (1782839177)
  Elapsed:  00:01:37 (97)
  Reported: 88 802788000 88.802788
 Success 470.lbm base ref ratio=154.72, runtime=88.802788

-----------------------------------
  Running (#1) 471.omnetpp ref base infra-baseline_O2 default
Commands to run: 
    -C /media/hahafish/Data/ForUbuntu/speccpu2006/benchspec/CPU2006/471.omnetpp/run/run_base_ref_infra-baseline_O2.0000
    -o omnetpp.log -e omnetpp.err ../run_base_ref_infra-baseline_O2.0000/omnetpp_base.infra-baseline_O2 omnetpp.ini
Specinvoke: /media/hahafish/Data/ForUbuntu/speccpu2006/bin/specinvoke -d /media/hahafish/Data/ForUbuntu/speccpu2006/benchspec/CPU2006/471.omnetpp/run/run_base_ref_infra-baseline_O2.0000 -e speccmds.err -o speccmds.stdout -f speccmds.cmd -C
Issuing command '/media/hahafish/Data/ForUbuntu/speccpu2006/bin/specinvoke -d /media/hahafish/Data/ForUbuntu/speccpu2006/benchspec/CPU2006/471.omnetpp/run/run_base_ref_infra-baseline_O2.0000 -e speccmds.err -o speccmds.stdout -f speccmds.cmd -C'
Start command: Wed Jul  1 01:06:19 2026 (1782839179)
Stop command: Wed Jul  1 01:08:20 2026 (1782839300)
Elapsed time for command: 00:02:01 (121)
Workload elapsed time (0:1) = 112.712665 seconds
copy 0 finished @ Wed Jul  1 01:08:12 2026.  Total elapsed time: 112.712665
comparing files in '/media/hahafish/Data/ForUbuntu/speccpu2006/benchspec/CPU2006/471.omnetpp/run/run_base_ref_infra-baseline_O2.0000'
comparing 'omnetpp.log' with abstol=1e-06, binary=, calctol=0, cw=, floatcompare=, ignorecase=, obiwan=, reltol=1e-05, skipabstol=, skipobiwan=, skipreltol=, skiptol=
comparing 'omnetpp.sca' with abstol=1e-06, binary=, calctol=0, cw=, floatcompare=, ignorecase=, obiwan=, reltol=1e-05, skipabstol=, skipobiwan=, skipreltol=, skiptol=
Specinvoke: /media/hahafish/Data/ForUbuntu/speccpu2006/bin/specinvoke -E -d /media/hahafish/Data/ForUbuntu/speccpu2006/benchspec/CPU2006/471.omnetpp/run/run_base_ref_infra-baseline_O2.0000 -c 1 -e compare.err -o compare.stdout -f compare.cmd
Issuing command '/media/hahafish/Data/ForUbuntu/speccpu2006/bin/specinvoke -E -d /media/hahafish/Data/ForUbuntu/speccpu2006/benchspec/CPU2006/471.omnetpp/run/run_base_ref_infra-baseline_O2.0000 -c 1 -e compare.err -o compare.stdout -f compare.cmd'
Start command: Wed Jul  1 01:08:20 2026 (1782839300)
Stop command: Wed Jul  1 01:08:22 2026 (1782839302)
Elapsed time for command: 00:00:02 (2)
Benchmark Times:
  Start:    Wed Jul  1 01:06:19 2026 (1782839179)
  Stop:     Wed Jul  1 01:08:20 2026 (1782839300)
  Elapsed:  00:02:01 (121)
  Reported: 112 712703000 112.712703
 Success 471.omnetpp base ref ratio=55.45, runtime=112.712703

-----------------------------------
  Running (#1) 473.astar ref base infra-baseline_O2 default
Commands to run: 
    -C /home/hahafish/speccpu2006/benchspec/CPU2006/473.astar/run/run_base_ref_infra-baseline_O2.0001
    -o BigLakes2048.out -e BigLakes2048.err ../run_base_ref_infra-baseline_O2.0001/astar_base.infra-baseline_O2 BigLakes2048.cfg
    -o rivers.out -e rivers.err ../run_base_ref_infra-baseline_O2.0001/astar_base.infra-baseline_O2 rivers.cfg
Specinvoke: /media/hahafish/Data/ForUbuntu/speccpu2006/bin/specinvoke -d /home/hahafish/speccpu2006/benchspec/CPU2006/473.astar/run/run_base_ref_infra-baseline_O2.0001 -e speccmds.err -o speccmds.stdout -f speccmds.cmd -C
Issuing command '/media/hahafish/Data/ForUbuntu/speccpu2006/bin/specinvoke -d /home/hahafish/speccpu2006/benchspec/CPU2006/473.astar/run/run_base_ref_infra-baseline_O2.0001 -e speccmds.err -o speccmds.stdout -f speccmds.cmd -C'
Start command: Wed Jul  1 01:08:22 2026 (1782839302)
Stop command: Wed Jul  1 01:11:14 2026 (1782839474)
Elapsed time for command: 00:02:52 (172)
Workload elapsed time (0:1) = 55.326595 seconds
Workload elapsed time (0:2) = 108.454369 seconds
copy 0 finished @ Wed Jul  1 01:11:06 2026.  Total elapsed time: 163.780964
comparing files in '/home/hahafish/speccpu2006/benchspec/CPU2006/473.astar/run/run_base_ref_infra-baseline_O2.0001'
comparing 'BigLakes2048.out' with abstol=, binary=, calctol=0, cw=, floatcompare=, ignorecase=, obiwan=, reltol=0.001, skipabstol=, skipobiwan=, skipreltol=, skiptol=
comparing 'rivers.out' with abstol=, binary=, calctol=0, cw=, floatcompare=, ignorecase=, obiwan=, reltol=0.001, skipabstol=, skipobiwan=, skipreltol=, skiptol=
Specinvoke: /media/hahafish/Data/ForUbuntu/speccpu2006/bin/specinvoke -E -d /home/hahafish/speccpu2006/benchspec/CPU2006/473.astar/run/run_base_ref_infra-baseline_O2.0001 -c 1 -e compare.err -o compare.stdout -f compare.cmd
Issuing command '/media/hahafish/Data/ForUbuntu/speccpu2006/bin/specinvoke -E -d /home/hahafish/speccpu2006/benchspec/CPU2006/473.astar/run/run_base_ref_infra-baseline_O2.0001 -c 1 -e compare.err -o compare.stdout -f compare.cmd'
Start command: Wed Jul  1 01:11:14 2026 (1782839474)
Stop command: Wed Jul  1 01:11:16 2026 (1782839476)
Elapsed time for command: 00:00:02 (2)
Benchmark Times:
  Start:    Wed Jul  1 01:08:22 2026 (1782839302)
  Stop:     Wed Jul  1 01:11:14 2026 (1782839474)
  Elapsed:  00:02:52 (172)
  Reported: 163 781012000 163.781012
 Success 473.astar base ref ratio=42.86, runtime=163.781012

-----------------------------------
  Running (#1) 482.sphinx3 ref base infra-baseline_O2 default
Commands to run: 
    -C /home/hahafish/speccpu2006/benchspec/CPU2006/482.sphinx3/run/run_base_ref_infra-baseline_O2.0001
    -o an4.log -e an4.err ../run_base_ref_infra-baseline_O2.0001/sphinx_livepretend_base.infra-baseline_O2 ctlfile . args.an4
Specinvoke: /media/hahafish/Data/ForUbuntu/speccpu2006/bin/specinvoke -d /home/hahafish/speccpu2006/benchspec/CPU2006/482.sphinx3/run/run_base_ref_infra-baseline_O2.0001 -e speccmds.err -o speccmds.stdout -f speccmds.cmd -C
Issuing command '/media/hahafish/Data/ForUbuntu/speccpu2006/bin/specinvoke -d /home/hahafish/speccpu2006/benchspec/CPU2006/482.sphinx3/run/run_base_ref_infra-baseline_O2.0001 -e speccmds.err -o speccmds.stdout -f speccmds.cmd -C'
Start command: Wed Jul  1 01:11:16 2026 (1782839476)
Stop command: Wed Jul  1 01:13:56 2026 (1782839636)
Elapsed time for command: 00:02:40 (160)
Workload elapsed time (0:1) = 152.644952 seconds
copy 0 finished @ Wed Jul  1 01:13:48 2026.  Total elapsed time: 152.644952
comparing files in '/home/hahafish/speccpu2006/benchspec/CPU2006/482.sphinx3/run/run_base_ref_infra-baseline_O2.0001'
comparing 'an4.log' with abstol=, binary=, calctol=0, cw=, floatcompare=1, ignorecase=, obiwan=, reltol=0.001, skipabstol=, skipobiwan=, skipreltol=, skiptol=
comparing 'considered.out' with abstol=, binary=, calctol=0, cw=, floatcompare=1, ignorecase=, obiwan=, reltol=0.0004, skipabstol=, skipobiwan=, skipreltol=, skiptol=
comparing 'total_considered.out' with abstol=, binary=, calctol=0, cw=, floatcompare=1, ignorecase=, obiwan=, reltol=1e-06, skipabstol=, skipobiwan=, skipreltol=, skiptol=
Specinvoke: /media/hahafish/Data/ForUbuntu/speccpu2006/bin/specinvoke -E -d /home/hahafish/speccpu2006/benchspec/CPU2006/482.sphinx3/run/run_base_ref_infra-baseline_O2.0001 -c 1 -e compare.err -o compare.stdout -f compare.cmd
Issuing command '/media/hahafish/Data/ForUbuntu/speccpu2006/bin/specinvoke -E -d /home/hahafish/speccpu2006/benchspec/CPU2006/482.sphinx3/run/run_base_ref_infra-baseline_O2.0001 -c 1 -e compare.err -o compare.stdout -f compare.cmd'
Start command: Wed Jul  1 01:13:56 2026 (1782839636)
Stop command: Wed Jul  1 01:13:59 2026 (1782839639)
Elapsed time for command: 00:00:03 (3)
Benchmark Times:
  Start:    Wed Jul  1 01:11:16 2026 (1782839476)
  Stop:     Wed Jul  1 01:13:56 2026 (1782839636)
  Elapsed:  00:02:40 (160)
  Reported: 152 644989000 152.644989
 Success 482.sphinx3 base ref ratio=127.68, runtime=152.644989

-----------------------------------
  Running (#1) 483.xalancbmk ref base infra-baseline_O2 default
Commands to run: 
    -C /media/hahafish/Data/ForUbuntu/speccpu2006/benchspec/CPU2006/483.xalancbmk/run/run_base_ref_infra-baseline_O2.0000
    -o ref.out -e ref.err ../run_base_ref_infra-baseline_O2.0000/Xalan_base.infra-baseline_O2 -v t5.xml xalanc.xsl
Specinvoke: /media/hahafish/Data/ForUbuntu/speccpu2006/bin/specinvoke -d /media/hahafish/Data/ForUbuntu/speccpu2006/benchspec/CPU2006/483.xalancbmk/run/run_base_ref_infra-baseline_O2.0000 -e speccmds.err -o speccmds.stdout -f speccmds.cmd -C
Issuing command '/media/hahafish/Data/ForUbuntu/speccpu2006/bin/specinvoke -d /media/hahafish/Data/ForUbuntu/speccpu2006/benchspec/CPU2006/483.xalancbmk/run/run_base_ref_infra-baseline_O2.0000 -e speccmds.err -o speccmds.stdout -f speccmds.cmd -C'
Start command: Wed Jul  1 01:13:59 2026 (1782839639)
Stop command: Wed Jul  1 01:14:52 2026 (1782839692)
Elapsed time for command: 00:00:53 (53)
Workload elapsed time (0:1) = 45.378837 seconds
copy 0 finished @ Wed Jul  1 01:14:44 2026.  Total elapsed time: 45.378837
comparing files in '/media/hahafish/Data/ForUbuntu/speccpu2006/benchspec/CPU2006/483.xalancbmk/run/run_base_ref_infra-baseline_O2.0000'
comparing 'ref.out' with abstol=, binary=, calctol=0, cw=, floatcompare=, ignorecase=, obiwan=, reltol=, skipabstol=, skipobiwan=, skipreltol=, skiptol=
Specinvoke: /media/hahafish/Data/ForUbuntu/speccpu2006/bin/specinvoke -E -d /media/hahafish/Data/ForUbuntu/speccpu2006/benchspec/CPU2006/483.xalancbmk/run/run_base_ref_infra-baseline_O2.0000 -c 1 -e compare.err -o compare.stdout -f compare.cmd
Issuing command '/media/hahafish/Data/ForUbuntu/speccpu2006/bin/specinvoke -E -d /media/hahafish/Data/ForUbuntu/speccpu2006/benchspec/CPU2006/483.xalancbmk/run/run_base_ref_infra-baseline_O2.0000 -c 1 -e compare.err -o compare.stdout -f compare.cmd'
Start command: Wed Jul  1 01:14:52 2026 (1782839692)
Stop command: Wed Jul  1 01:14:54 2026 (1782839694)
Elapsed time for command: 00:00:02 (2)
Benchmark Times:
  Start:    Wed Jul  1 01:13:59 2026 (1782839639)
  Stop:     Wed Jul  1 01:14:52 2026 (1782839692)
  Elapsed:  00:00:53 (53)
  Reported: 45 378877000 45.378877
 Success 483.xalancbmk base ref ratio=152.05, runtime=45.378877

-----------------------------------
  Running (#2) 400.perlbench ref base infra-baseline_O2 default
Commands to run: 
    -C /media/hahafish/Data/ForUbuntu/speccpu2006/benchspec/CPU2006/400.perlbench/run/run_base_ref_infra-baseline_O2.0000
    -o checkspam.2500.5.25.11.150.1.1.1.1.out -e checkspam.2500.5.25.11.150.1.1.1.1.err ../run_base_ref_infra-baseline_O2.0000/perlbench_base.infra-baseline_O2 -I./lib checkspam.pl 2500 5 25 11 150 1 1 1 1
    -o diffmail.4.800.10.17.19.300.out -e diffmail.4.800.10.17.19.300.err ../run_base_ref_infra-baseline_O2.0000/perlbench_base.infra-baseline_O2 -I./lib diffmail.pl 4 800 10 17 19 300
    -o splitmail.1600.12.26.16.4500.out -e splitmail.1600.12.26.16.4500.err ../run_base_ref_infra-baseline_O2.0000/perlbench_base.infra-baseline_O2 -I./lib splitmail.pl 1600 12 26 16 4500
Specinvoke: /media/hahafish/Data/ForUbuntu/speccpu2006/bin/specinvoke -d /media/hahafish/Data/ForUbuntu/speccpu2006/benchspec/CPU2006/400.perlbench/run/run_base_ref_infra-baseline_O2.0000 -e speccmds.err -o speccmds.stdout -f speccmds.cmd -C
Issuing command '/media/hahafish/Data/ForUbuntu/speccpu2006/bin/specinvoke -d /media/hahafish/Data/ForUbuntu/speccpu2006/benchspec/CPU2006/400.perlbench/run/run_base_ref_infra-baseline_O2.0000 -e speccmds.err -o speccmds.stdout -f speccmds.cmd -C'
Start command: Wed Jul  1 01:14:54 2026 (1782839694)
Stop command: Wed Jul  1 01:16:45 2026 (1782839805)
Elapsed time for command: 00:01:51 (111)
Workload elapsed time (0:1) = 56.981231 seconds
Workload elapsed time (0:2) = 15.873039 seconds
Workload elapsed time (0:3) = 30.264915 seconds
copy 0 finished @ Wed Jul  1 01:16:37 2026.  Total elapsed time: 103.119185
comparing files in '/media/hahafish/Data/ForUbuntu/speccpu2006/benchspec/CPU2006/400.perlbench/run/run_base_ref_infra-baseline_O2.0000'
comparing 'checkspam.2500.5.25.11.150.1.1.1.1.out' with abstol=, binary=, calctol=0, cw=, floatcompare=, ignorecase=, obiwan=, reltol=, skipabstol=, skipobiwan=, skipreltol=, skiptol=
comparing 'diffmail.4.800.10.17.19.300.out' with abstol=, binary=, calctol=0, cw=, floatcompare=, ignorecase=, obiwan=, reltol=, skipabstol=, skipobiwan=, skipreltol=, skiptol=
comparing 'splitmail.1600.12.26.16.4500.out' with abstol=, binary=, calctol=0, cw=, floatcompare=, ignorecase=, obiwan=, reltol=, skipabstol=, skipobiwan=, skipreltol=, skiptol=
Specinvoke: /media/hahafish/Data/ForUbuntu/speccpu2006/bin/specinvoke -E -d /media/hahafish/Data/ForUbuntu/speccpu2006/benchspec/CPU2006/400.perlbench/run/run_base_ref_infra-baseline_O2.0000 -c 1 -e compare.err -o compare.stdout -f compare.cmd
Issuing command '/media/hahafish/Data/ForUbuntu/speccpu2006/bin/specinvoke -E -d /media/hahafish/Data/ForUbuntu/speccpu2006/benchspec/CPU2006/400.perlbench/run/run_base_ref_infra-baseline_O2.0000 -c 1 -e compare.err -o compare.stdout -f compare.cmd'
Start command: Wed Jul  1 01:16:45 2026 (1782839805)
Stop command: Wed Jul  1 01:16:48 2026 (1782839808)
Elapsed time for command: 00:00:03 (3)
Benchmark Times:
  Start:    Wed Jul  1 01:14:54 2026 (1782839694)
  Stop:     Wed Jul  1 01:16:45 2026 (1782839805)
  Elapsed:  00:01:51 (111)
  Reported: 103 119240000 103.11924
 Success 400.perlbench base ref ratio=94.74, runtime=103.119240

-----------------------------------
  Running (#2) 401.bzip2 ref base infra-baseline_O2 default
Commands to run: 
    -C /media/hahafish/Data/ForUbuntu/speccpu2006/benchspec/CPU2006/401.bzip2/run/run_base_ref_infra-baseline_O2.0000
    -o input.source.out -e input.source.err ../run_base_ref_infra-baseline_O2.0000/bzip2_base.infra-baseline_O2 input.source 280
    -o chicken.jpg.out -e chicken.jpg.err ../run_base_ref_infra-baseline_O2.0000/bzip2_base.infra-baseline_O2 chicken.jpg 30
    -o liberty.jpg.out -e liberty.jpg.err ../run_base_ref_infra-baseline_O2.0000/bzip2_base.infra-baseline_O2 liberty.jpg 30
    -o input.program.out -e input.program.err ../run_base_ref_infra-baseline_O2.0000/bzip2_base.infra-baseline_O2 input.program 280
    -o text.html.out -e text.html.err ../run_base_ref_infra-baseline_O2.0000/bzip2_base.infra-baseline_O2 text.html 280
    -o input.combined.out -e input.combined.err ../run_base_ref_infra-baseline_O2.0000/bzip2_base.infra-baseline_O2 input.combined 200
Specinvoke: /media/hahafish/Data/ForUbuntu/speccpu2006/bin/specinvoke -d /media/hahafish/Data/ForUbuntu/speccpu2006/benchspec/CPU2006/401.bzip2/run/run_base_ref_infra-baseline_O2.0000 -e speccmds.err -o speccmds.stdout -f speccmds.cmd -C
Issuing command '/media/hahafish/Data/ForUbuntu/speccpu2006/bin/specinvoke -d /media/hahafish/Data/ForUbuntu/speccpu2006/benchspec/CPU2006/401.bzip2/run/run_base_ref_infra-baseline_O2.0000 -e speccmds.err -o speccmds.stdout -f speccmds.cmd -C'
Start command: Wed Jul  1 01:16:48 2026 (1782839808)
Stop command: Wed Jul  1 01:20:22 2026 (1782840022)
Elapsed time for command: 00:03:34 (214)
Workload elapsed time (0:1) = 45.643708 seconds
Workload elapsed time (0:2) = 12.81906 seconds
Workload elapsed time (0:3) = 19.376699 seconds
Workload elapsed time (0:4) = 46.065624 seconds
Workload elapsed time (0:5) = 47.577339 seconds
Workload elapsed time (0:6) = 35.1258 seconds
copy 0 finished @ Wed Jul  1 01:20:14 2026.  Total elapsed time: 206.60823
comparing files in '/media/hahafish/Data/ForUbuntu/speccpu2006/benchspec/CPU2006/401.bzip2/run/run_base_ref_infra-baseline_O2.0000'
comparing 'chicken.jpg.out' with abstol=, binary=, calctol=0, cw=, floatcompare=, ignorecase=, obiwan=, reltol=, skipabstol=, skipobiwan=, skipreltol=, skiptol=
comparing 'input.combined.out' with abstol=, binary=, calctol=0, cw=, floatcompare=, ignorecase=, obiwan=, reltol=, skipabstol=, skipobiwan=, skipreltol=, skiptol=
comparing 'input.program.out' with abstol=, binary=, calctol=0, cw=, floatcompare=, ignorecase=, obiwan=, reltol=, skipabstol=, skipobiwan=, skipreltol=, skiptol=
comparing 'input.source.out' with abstol=, binary=, calctol=0, cw=, floatcompare=, ignorecase=, obiwan=, reltol=, skipabstol=, skipobiwan=, skipreltol=, skiptol=
comparing 'liberty.jpg.out' with abstol=, binary=, calctol=0, cw=, floatcompare=, ignorecase=, obiwan=, reltol=, skipabstol=, skipobiwan=, skipreltol=, skiptol=
comparing 'text.html.out' with abstol=, binary=, calctol=0, cw=, floatcompare=, ignorecase=, obiwan=, reltol=, skipabstol=, skipobiwan=, skipreltol=, skiptol=
Specinvoke: /media/hahafish/Data/ForUbuntu/speccpu2006/bin/specinvoke -E -d /media/hahafish/Data/ForUbuntu/speccpu2006/benchspec/CPU2006/401.bzip2/run/run_base_ref_infra-baseline_O2.0000 -c 1 -e compare.err -o compare.stdout -f compare.cmd
Issuing command '/media/hahafish/Data/ForUbuntu/speccpu2006/bin/specinvoke -E -d /media/hahafish/Data/ForUbuntu/speccpu2006/benchspec/CPU2006/401.bzip2/run/run_base_ref_infra-baseline_O2.0000 -c 1 -e compare.err -o compare.stdout -f compare.cmd'
Start command: Wed Jul  1 01:20:22 2026 (1782840022)
Stop command: Wed Jul  1 01:20:24 2026 (1782840024)
Elapsed time for command: 00:00:02 (2)
Benchmark Times:
  Start:    Wed Jul  1 01:16:48 2026 (1782839808)
  Stop:     Wed Jul  1 01:20:22 2026 (1782840022)
  Elapsed:  00:03:34 (214)
  Reported: 206 608307000 206.608307
 Success 401.bzip2 base ref ratio=46.71, runtime=206.608307

-----------------------------------
  Running (#2) 403.gcc ref base infra-baseline_O2 default
Commands to run: 
    -C /media/hahafish/Data/ForUbuntu/speccpu2006/benchspec/CPU2006/403.gcc/run/run_base_ref_infra-baseline_O2.0000
    -o 166.out -e 166.err ../run_base_ref_infra-baseline_O2.0000/gcc_base.infra-baseline_O2 166.i -o 166.s
    -o 200.out -e 200.err ../run_base_ref_infra-baseline_O2.0000/gcc_base.infra-baseline_O2 200.i -o 200.s
    -o c-typeck.out -e c-typeck.err ../run_base_ref_infra-baseline_O2.0000/gcc_base.infra-baseline_O2 c-typeck.i -o c-typeck.s
    -o cp-decl.out -e cp-decl.err ../run_base_ref_infra-baseline_O2.0000/gcc_base.infra-baseline_O2 cp-decl.i -o cp-decl.s
    -o expr.out -e expr.err ../run_base_ref_infra-baseline_O2.0000/gcc_base.infra-baseline_O2 expr.i -o expr.s
    -o expr2.out -e expr2.err ../run_base_ref_infra-baseline_O2.0000/gcc_base.infra-baseline_O2 expr2.i -o expr2.s
    -o g23.out -e g23.err ../run_base_ref_infra-baseline_O2.0000/gcc_base.infra-baseline_O2 g23.i -o g23.s
    -o s04.out -e s04.err ../run_base_ref_infra-baseline_O2.0000/gcc_base.infra-baseline_O2 s04.i -o s04.s
    -o scilab.out -e scilab.err ../run_base_ref_infra-baseline_O2.0000/gcc_base.infra-baseline_O2 scilab.i -o scilab.s
Specinvoke: /media/hahafish/Data/ForUbuntu/speccpu2006/bin/specinvoke -d /media/hahafish/Data/ForUbuntu/speccpu2006/benchspec/CPU2006/403.gcc/run/run_base_ref_infra-baseline_O2.0000 -e speccmds.err -o speccmds.stdout -f speccmds.cmd -C
Issuing command '/media/hahafish/Data/ForUbuntu/speccpu2006/bin/specinvoke -d /media/hahafish/Data/ForUbuntu/speccpu2006/benchspec/CPU2006/403.gcc/run/run_base_ref_infra-baseline_O2.0000 -e speccmds.err -o speccmds.stdout -f speccmds.cmd -C'
Start command: Wed Jul  1 01:20:24 2026 (1782840024)
Stop command: Wed Jul  1 01:22:11 2026 (1782840131)
Elapsed time for command: 00:01:47 (107)
Workload elapsed time (0:1) = 6.66965 seconds
Workload elapsed time (0:2) = 12.613686 seconds
Workload elapsed time (0:3) = 10.130626 seconds
Workload elapsed time (0:4) = 7.323924 seconds
Workload elapsed time (0:5) = 8.882143 seconds
Workload elapsed time (0:6) = 12.849685 seconds
Workload elapsed time (0:7) = 21.483935 seconds
Workload elapsed time (0:8) = 14.511037 seconds
Workload elapsed time (0:9) = 4.597086 seconds
copy 0 finished @ Wed Jul  1 01:22:03 2026.  Total elapsed time: 99.061772
comparing files in '/media/hahafish/Data/ForUbuntu/speccpu2006/benchspec/CPU2006/403.gcc/run/run_base_ref_infra-baseline_O2.0000'
comparing '166.s' with abstol=, binary=, calctol=0, cw=, floatcompare=, ignorecase=, obiwan=, reltol=, skipabstol=, skipobiwan=, skipreltol=, skiptol=
comparing '200.s' with abstol=, binary=, calctol=0, cw=, floatcompare=, ignorecase=, obiwan=, reltol=, skipabstol=, skipobiwan=, skipreltol=, skiptol=
comparing 'c-typeck.s' with abstol=, binary=, calctol=0, cw=, floatcompare=, ignorecase=, obiwan=, reltol=, skipabstol=, skipobiwan=, skipreltol=, skiptol=
comparing 'cp-decl.s' with abstol=, binary=, calctol=0, cw=, floatcompare=, ignorecase=, obiwan=, reltol=, skipabstol=, skipobiwan=, skipreltol=, skiptol=
comparing 'expr.s' with abstol=, binary=, calctol=0, cw=, floatcompare=, ignorecase=, obiwan=, reltol=, skipabstol=, skipobiwan=, skipreltol=, skiptol=
comparing 'expr2.s' with abstol=, binary=, calctol=0, cw=, floatcompare=, ignorecase=, obiwan=, reltol=, skipabstol=, skipobiwan=, skipreltol=, skiptol=
comparing 'g23.s' with abstol=, binary=, calctol=0, cw=, floatcompare=, ignorecase=, obiwan=, reltol=, skipabstol=, skipobiwan=, skipreltol=, skiptol=
comparing 's04.s' with abstol=, binary=, calctol=0, cw=, floatcompare=, ignorecase=, obiwan=, reltol=, skipabstol=, skipobiwan=, skipreltol=, skiptol=
comparing 'scilab.s' with abstol=, binary=, calctol=0, cw=, floatcompare=, ignorecase=, obiwan=, reltol=, skipabstol=, skipobiwan=, skipreltol=, skiptol=
Specinvoke: /media/hahafish/Data/ForUbuntu/speccpu2006/bin/specinvoke -E -d /media/hahafish/Data/ForUbuntu/speccpu2006/benchspec/CPU2006/403.gcc/run/run_base_ref_infra-baseline_O2.0000 -c 1 -e compare.err -o compare.stdout -f compare.cmd
Issuing command '/media/hahafish/Data/ForUbuntu/speccpu2006/bin/specinvoke -E -d /media/hahafish/Data/ForUbuntu/speccpu2006/benchspec/CPU2006/403.gcc/run/run_base_ref_infra-baseline_O2.0000 -c 1 -e compare.err -o compare.stdout -f compare.cmd'
Start command: Wed Jul  1 01:22:11 2026 (1782840131)
Stop command: Wed Jul  1 01:22:14 2026 (1782840134)
Elapsed time for command: 00:00:03 (3)
Benchmark Times:
  Start:    Wed Jul  1 01:20:24 2026 (1782840024)
  Stop:     Wed Jul  1 01:22:11 2026 (1782840131)
  Elapsed:  00:01:47 (107)
  Reported: 99 61861000 99.061861
 Success 403.gcc base ref ratio=81.26, runtime=99.061861

-----------------------------------
  Running (#2) 429.mcf ref base infra-baseline_O2 default
Commands to run: 
    -C /media/hahafish/Data/ForUbuntu/speccpu2006/benchspec/CPU2006/429.mcf/run/run_base_ref_infra-baseline_O2.0002
    -o inp.out -e inp.err ../run_base_ref_infra-baseline_O2.0002/mcf_base.infra-baseline_O2 inp.in
Specinvoke: /media/hahafish/Data/ForUbuntu/speccpu2006/bin/specinvoke -d /media/hahafish/Data/ForUbuntu/speccpu2006/benchspec/CPU2006/429.mcf/run/run_base_ref_infra-baseline_O2.0002 -e speccmds.err -o speccmds.stdout -f speccmds.cmd -C
Issuing command '/media/hahafish/Data/ForUbuntu/speccpu2006/bin/specinvoke -d /media/hahafish/Data/ForUbuntu/speccpu2006/benchspec/CPU2006/429.mcf/run/run_base_ref_infra-baseline_O2.0002 -e speccmds.err -o speccmds.stdout -f speccmds.cmd -C'
Start command: Wed Jul  1 01:22:14 2026 (1782840134)
Stop command: Wed Jul  1 01:24:25 2026 (1782840265)
Elapsed time for command: 00:02:11 (131)
Workload elapsed time (0:1) = 122.858872 seconds
copy 0 finished @ Wed Jul  1 01:24:17 2026.  Total elapsed time: 122.858872
comparing files in '/media/hahafish/Data/ForUbuntu/speccpu2006/benchspec/CPU2006/429.mcf/run/run_base_ref_infra-baseline_O2.0002'
comparing 'inp.out' with abstol=, binary=, calctol=0, cw=, floatcompare=, ignorecase=, obiwan=, reltol=, skipabstol=, skipobiwan=, skipreltol=, skiptol=
comparing 'mcf.out' with abstol=, binary=, calctol=0, cw=, floatcompare=, ignorecase=, obiwan=, reltol=, skipabstol=, skipobiwan=, skipreltol=, skiptol=
Specinvoke: /media/hahafish/Data/ForUbuntu/speccpu2006/bin/specinvoke -E -d /media/hahafish/Data/ForUbuntu/speccpu2006/benchspec/CPU2006/429.mcf/run/run_base_ref_infra-baseline_O2.0002 -c 1 -e compare.err -o compare.stdout -f compare.cmd
Issuing command '/media/hahafish/Data/ForUbuntu/speccpu2006/bin/specinvoke -E -d /media/hahafish/Data/ForUbuntu/speccpu2006/benchspec/CPU2006/429.mcf/run/run_base_ref_infra-baseline_O2.0002 -c 1 -e compare.err -o compare.stdout -f compare.cmd'
Start command: Wed Jul  1 01:24:25 2026 (1782840265)
Stop command: Wed Jul  1 01:24:27 2026 (1782840267)
Elapsed time for command: 00:00:02 (2)
Benchmark Times:
  Start:    Wed Jul  1 01:22:14 2026 (1782840134)
  Stop:     Wed Jul  1 01:24:25 2026 (1782840265)
  Elapsed:  00:02:11 (131)
  Reported: 122 858915000 122.858915
 Success 429.mcf base ref ratio=74.23, runtime=122.858915

-----------------------------------
  Running (#2) 433.milc ref base infra-baseline_O2 default
Commands to run: 
    -C /media/hahafish/Data/ForUbuntu/speccpu2006/benchspec/CPU2006/433.milc/run/run_base_ref_infra-baseline_O2.0002
    -i su3imp.in -o su3imp.out -e su3imp.err ../run_base_ref_infra-baseline_O2.0002/milc_base.infra-baseline_O2
Specinvoke: /media/hahafish/Data/ForUbuntu/speccpu2006/bin/specinvoke -d /media/hahafish/Data/ForUbuntu/speccpu2006/benchspec/CPU2006/433.milc/run/run_base_ref_infra-baseline_O2.0002 -e speccmds.err -o speccmds.stdout -f speccmds.cmd -C
Issuing command '/media/hahafish/Data/ForUbuntu/speccpu2006/bin/specinvoke -d /media/hahafish/Data/ForUbuntu/speccpu2006/benchspec/CPU2006/433.milc/run/run_base_ref_infra-baseline_O2.0002 -e speccmds.err -o speccmds.stdout -f speccmds.cmd -C'
Start command: Wed Jul  1 01:24:27 2026 (1782840267)
Stop command: Wed Jul  1 01:27:05 2026 (1782840425)
Elapsed time for command: 00:02:38 (158)
Workload elapsed time (0:1) = 150.752346 seconds
copy 0 finished @ Wed Jul  1 01:26:57 2026.  Total elapsed time: 150.752346
comparing files in '/media/hahafish/Data/ForUbuntu/speccpu2006/benchspec/CPU2006/433.milc/run/run_base_ref_infra-baseline_O2.0002'
comparing 'su3imp.out' with abstol=2e-07, binary=, calctol=0, cw=, floatcompare=, ignorecase=, obiwan=, reltol=0.0001, skipabstol=, skipobiwan=, skipreltol=, skiptol=
Specinvoke: /media/hahafish/Data/ForUbuntu/speccpu2006/bin/specinvoke -E -d /media/hahafish/Data/ForUbuntu/speccpu2006/benchspec/CPU2006/433.milc/run/run_base_ref_infra-baseline_O2.0002 -c 1 -e compare.err -o compare.stdout -f compare.cmd
Issuing command '/media/hahafish/Data/ForUbuntu/speccpu2006/bin/specinvoke -E -d /media/hahafish/Data/ForUbuntu/speccpu2006/benchspec/CPU2006/433.milc/run/run_base_ref_infra-baseline_O2.0002 -c 1 -e compare.err -o compare.stdout -f compare.cmd'
Start command: Wed Jul  1 01:27:05 2026 (1782840425)
Stop command: Wed Jul  1 01:27:07 2026 (1782840427)
Elapsed time for command: 00:00:02 (2)
Benchmark Times:
  Start:    Wed Jul  1 01:24:27 2026 (1782840267)
  Stop:     Wed Jul  1 01:27:05 2026 (1782840425)
  Elapsed:  00:02:38 (158)
  Reported: 150 752385000 150.752385
 Success 433.milc base ref ratio=60.89, runtime=150.752385

-----------------------------------
  Running (#2) 444.namd ref base infra-baseline_O2 default
Commands to run: 
    -C /media/hahafish/Data/ForUbuntu/speccpu2006/benchspec/CPU2006/444.namd/run/run_base_ref_infra-baseline_O2.0000
    -o namd.stdout -e namd.err ../run_base_ref_infra-baseline_O2.0000/namd_base.infra-baseline_O2 --input namd.input --iterations 38 --output namd.out 
Specinvoke: /media/hahafish/Data/ForUbuntu/speccpu2006/bin/specinvoke -d /media/hahafish/Data/ForUbuntu/speccpu2006/benchspec/CPU2006/444.namd/run/run_base_ref_infra-baseline_O2.0000 -e speccmds.err -o speccmds.stdout -f speccmds.cmd -C
Issuing command '/media/hahafish/Data/ForUbuntu/speccpu2006/bin/specinvoke -d /media/hahafish/Data/ForUbuntu/speccpu2006/benchspec/CPU2006/444.namd/run/run_base_ref_infra-baseline_O2.0000 -e speccmds.err -o speccmds.stdout -f speccmds.cmd -C'
Start command: Wed Jul  1 01:27:07 2026 (1782840427)
Stop command: Wed Jul  1 01:29:08 2026 (1782840548)
Elapsed time for command: 00:02:01 (121)
Workload elapsed time (0:1) = 112.58585 seconds
copy 0 finished @ Wed Jul  1 01:29:00 2026.  Total elapsed time: 112.58585
comparing files in '/media/hahafish/Data/ForUbuntu/speccpu2006/benchspec/CPU2006/444.namd/run/run_base_ref_infra-baseline_O2.0000'
comparing 'namd.out' with abstol=1e-05, binary=, calctol=0, cw=, floatcompare=, ignorecase=, obiwan=, reltol=, skipabstol=, skipobiwan=, skipreltol=, skiptol=
Specinvoke: /media/hahafish/Data/ForUbuntu/speccpu2006/bin/specinvoke -E -d /media/hahafish/Data/ForUbuntu/speccpu2006/benchspec/CPU2006/444.namd/run/run_base_ref_infra-baseline_O2.0000 -c 1 -e compare.err -o compare.stdout -f compare.cmd
Issuing command '/media/hahafish/Data/ForUbuntu/speccpu2006/bin/specinvoke -E -d /media/hahafish/Data/ForUbuntu/speccpu2006/benchspec/CPU2006/444.namd/run/run_base_ref_infra-baseline_O2.0000 -c 1 -e compare.err -o compare.stdout -f compare.cmd'
Start command: Wed Jul  1 01:29:08 2026 (1782840548)
Stop command: Wed Jul  1 01:29:10 2026 (1782840550)
Elapsed time for command: 00:00:02 (2)
Benchmark Times:
  Start:    Wed Jul  1 01:27:07 2026 (1782840427)
  Stop:     Wed Jul  1 01:29:08 2026 (1782840548)
  Elapsed:  00:02:01 (121)
  Reported: 112 585888000 112.585888
 Success 444.namd base ref ratio=71.23, runtime=112.585888

-----------------------------------
  Running (#2) 445.gobmk ref base infra-baseline_O2 default
Commands to run: 
    -C /home/hahafish/speccpu2006/benchspec/CPU2006/445.gobmk/run/run_base_ref_infra-baseline_O2.0001
    -i 13x13.tst -o 13x13.out -e 13x13.err ../run_base_ref_infra-baseline_O2.0001/gobmk_base.infra-baseline_O2 --quiet --mode gtp
    -i nngs.tst -o nngs.out -e nngs.err ../run_base_ref_infra-baseline_O2.0001/gobmk_base.infra-baseline_O2 --quiet --mode gtp
    -i score2.tst -o score2.out -e score2.err ../run_base_ref_infra-baseline_O2.0001/gobmk_base.infra-baseline_O2 --quiet --mode gtp
    -i trevorc.tst -o trevorc.out -e trevorc.err ../run_base_ref_infra-baseline_O2.0001/gobmk_base.infra-baseline_O2 --quiet --mode gtp
    -i trevord.tst -o trevord.out -e trevord.err ../run_base_ref_infra-baseline_O2.0001/gobmk_base.infra-baseline_O2 --quiet --mode gtp
Specinvoke: /media/hahafish/Data/ForUbuntu/speccpu2006/bin/specinvoke -d /home/hahafish/speccpu2006/benchspec/CPU2006/445.gobmk/run/run_base_ref_infra-baseline_O2.0001 -e speccmds.err -o speccmds.stdout -f speccmds.cmd -C
Issuing command '/media/hahafish/Data/ForUbuntu/speccpu2006/bin/specinvoke -d /home/hahafish/speccpu2006/benchspec/CPU2006/445.gobmk/run/run_base_ref_infra-baseline_O2.0001 -e speccmds.err -o speccmds.stdout -f speccmds.cmd -C'
Start command: Wed Jul  1 01:29:10 2026 (1782840550)
Stop command: Wed Jul  1 01:32:15 2026 (1782840735)
Elapsed time for command: 00:03:05 (185)
Workload elapsed time (0:1) = 25.441964 seconds
Workload elapsed time (0:2) = 63.176242 seconds
Workload elapsed time (0:3) = 31.61532 seconds
Workload elapsed time (0:4) = 24.584743 seconds
Workload elapsed time (0:5) = 32.151333 seconds
copy 0 finished @ Wed Jul  1 01:32:07 2026.  Total elapsed time: 176.969602
comparing files in '/home/hahafish/speccpu2006/benchspec/CPU2006/445.gobmk/run/run_base_ref_infra-baseline_O2.0001'
comparing '13x13.out' with abstol=, binary=, calctol=0, cw=, floatcompare=, ignorecase=, obiwan=, reltol=, skipabstol=, skipobiwan=, skipreltol=, skiptol=
comparing 'nngs.out' with abstol=, binary=, calctol=0, cw=, floatcompare=, ignorecase=, obiwan=, reltol=, skipabstol=, skipobiwan=, skipreltol=, skiptol=
comparing 'score2.out' with abstol=, binary=, calctol=0, cw=, floatcompare=, ignorecase=, obiwan=, reltol=, skipabstol=, skipobiwan=, skipreltol=, skiptol=
comparing 'trevorc.out' with abstol=, binary=, calctol=0, cw=, floatcompare=, ignorecase=, obiwan=, reltol=, skipabstol=, skipobiwan=, skipreltol=, skiptol=
comparing 'trevord.out' with abstol=, binary=, calctol=0, cw=, floatcompare=, ignorecase=, obiwan=, reltol=, skipabstol=, skipobiwan=, skipreltol=, skiptol=
Specinvoke: /media/hahafish/Data/ForUbuntu/speccpu2006/bin/specinvoke -E -d /home/hahafish/speccpu2006/benchspec/CPU2006/445.gobmk/run/run_base_ref_infra-baseline_O2.0001 -c 1 -e compare.err -o compare.stdout -f compare.cmd
Issuing command '/media/hahafish/Data/ForUbuntu/speccpu2006/bin/specinvoke -E -d /home/hahafish/speccpu2006/benchspec/CPU2006/445.gobmk/run/run_base_ref_infra-baseline_O2.0001 -c 1 -e compare.err -o compare.stdout -f compare.cmd'
Start command: Wed Jul  1 01:32:15 2026 (1782840735)
Stop command: Wed Jul  1 01:32:17 2026 (1782840737)
Elapsed time for command: 00:00:02 (2)
Benchmark Times:
  Start:    Wed Jul  1 01:29:10 2026 (1782840550)
  Stop:     Wed Jul  1 01:32:15 2026 (1782840735)
  Elapsed:  00:03:05 (185)
  Reported: 176 969672000 176.969672
 Success 445.gobmk base ref ratio=59.28, runtime=176.969672

-----------------------------------
  Running (#2) 447.dealII ref base infra-baseline_O2 default
Commands to run: 
    -C /media/hahafish/Data/ForUbuntu/speccpu2006/benchspec/CPU2006/447.dealII/run/run_base_ref_infra-baseline_O2.0000
    -o log -e dealII.err ../run_base_ref_infra-baseline_O2.0000/dealII_base.infra-baseline_O2 23
Specinvoke: /media/hahafish/Data/ForUbuntu/speccpu2006/bin/specinvoke -d /media/hahafish/Data/ForUbuntu/speccpu2006/benchspec/CPU2006/447.dealII/run/run_base_ref_infra-baseline_O2.0000 -e speccmds.err -o speccmds.stdout -f speccmds.cmd -C
Issuing command '/media/hahafish/Data/ForUbuntu/speccpu2006/bin/specinvoke -d /media/hahafish/Data/ForUbuntu/speccpu2006/benchspec/CPU2006/447.dealII/run/run_base_ref_infra-baseline_O2.0000 -e speccmds.err -o speccmds.stdout -f speccmds.cmd -C'
Start command: Wed Jul  1 01:32:17 2026 (1782840737)
Stop command: Wed Jul  1 01:34:05 2026 (1782840845)
Elapsed time for command: 00:01:48 (108)
Workload elapsed time (0:1) = 99.469745 seconds
copy 0 finished @ Wed Jul  1 01:33:57 2026.  Total elapsed time: 99.469745
comparing files in '/media/hahafish/Data/ForUbuntu/speccpu2006/benchspec/CPU2006/447.dealII/run/run_base_ref_infra-baseline_O2.0000'
comparing 'grid-0.eps' with abstol=1e-07, binary=, calctol=0, cw=, floatcompare=, ignorecase=, obiwan=, reltol=, skipabstol=, skipobiwan=, skipreltol=, skiptol=
comparing 'grid-1.eps' with abstol=1e-07, binary=, calctol=0, cw=, floatcompare=, ignorecase=, obiwan=, reltol=, skipabstol=, skipobiwan=, skipreltol=, skiptol=
comparing 'grid-2.eps' with abstol=1e-07, binary=, calctol=0, cw=, floatcompare=, ignorecase=, obiwan=, reltol=, skipabstol=, skipobiwan=, skipreltol=, skiptol=
comparing 'grid-3.eps' with abstol=1e-07, binary=, calctol=0, cw=, floatcompare=, ignorecase=, obiwan=, reltol=, skipabstol=, skipobiwan=, skipreltol=, skiptol=
comparing 'grid-4.eps' with abstol=1e-07, binary=, calctol=0, cw=, floatcompare=, ignorecase=, obiwan=, reltol=, skipabstol=, skipobiwan=, skipreltol=, skiptol=
comparing 'grid-5.eps' with abstol=1e-07, binary=, calctol=0, cw=, floatcompare=, ignorecase=, obiwan=, reltol=, skipabstol=, skipobiwan=, skipreltol=, skiptol=
comparing 'grid-6.eps' with abstol=1e-07, binary=, calctol=0, cw=, floatcompare=, ignorecase=, obiwan=, reltol=, skipabstol=, skipobiwan=, skipreltol=, skiptol=
comparing 'grid-7.eps' with abstol=1e-07, binary=, calctol=0, cw=, floatcompare=, ignorecase=, obiwan=, reltol=, skipabstol=, skipobiwan=, skipreltol=, skiptol=
comparing 'grid-8.eps' with abstol=1e-07, binary=, calctol=0, cw=, floatcompare=, ignorecase=, obiwan=, reltol=, skipabstol=, skipobiwan=, skipreltol=, skiptol=
comparing 'solution-0.gmv' with abstol=1e-07, binary=, calctol=0, cw=, floatcompare=, ignorecase=, obiwan=, reltol=, skipabstol=, skipobiwan=, skipreltol=, skiptol=
comparing 'solution-1.gmv' with abstol=1e-07, binary=, calctol=0, cw=, floatcompare=, ignorecase=, obiwan=, reltol=, skipabstol=, skipobiwan=, skipreltol=, skiptol=
comparing 'solution-2.gmv' with abstol=1e-07, binary=, calctol=0, cw=, floatcompare=, ignorecase=, obiwan=, reltol=, skipabstol=, skipobiwan=, skipreltol=, skiptol=
comparing 'solution-3.gmv' with abstol=1e-07, binary=, calctol=0, cw=, floatcompare=, ignorecase=, obiwan=, reltol=, skipabstol=, skipobiwan=, skipreltol=, skiptol=
comparing 'solution-4.gmv' with abstol=1e-07, binary=, calctol=0, cw=, floatcompare=, ignorecase=, obiwan=, reltol=, skipabstol=, skipobiwan=, skipreltol=, skiptol=
comparing 'solution-5.gmv' with abstol=1e-07, binary=, calctol=0, cw=, floatcompare=, ignorecase=, obiwan=, reltol=, skipabstol=, skipobiwan=, skipreltol=, skiptol=
comparing 'solution-6.gmv' with abstol=1e-07, binary=, calctol=0, cw=, floatcompare=, ignorecase=, obiwan=, reltol=, skipabstol=, skipobiwan=, skipreltol=, skiptol=
comparing 'solution-7.gmv' with abstol=1e-07, binary=, calctol=0, cw=, floatcompare=, ignorecase=, obiwan=, reltol=, skipabstol=, skipobiwan=, skipreltol=, skiptol=
comparing 'solution-8.gmv' with abstol=1e-07, binary=, calctol=0, cw=, floatcompare=, ignorecase=, obiwan=, reltol=, skipabstol=, skipobiwan=, skipreltol=, skiptol=
comparing 'grid-10.eps' with abstol=1e-07, binary=, calctol=0, cw=, floatcompare=, ignorecase=, obiwan=, reltol=, skipabstol=, skipobiwan=, skipreltol=, skiptol=
comparing 'grid-11.eps' with abstol=1e-07, binary=, calctol=0, cw=, floatcompare=, ignorecase=, obiwan=, reltol=, skipabstol=, skipobiwan=, skipreltol=, skiptol=
comparing 'grid-12.eps' with abstol=1e-07, binary=, calctol=0, cw=, floatcompare=, ignorecase=, obiwan=, reltol=, skipabstol=, skipobiwan=, skipreltol=, skiptol=
comparing 'grid-13.eps' with abstol=1e-07, binary=, calctol=0, cw=, floatcompare=, ignorecase=, obiwan=, reltol=, skipabstol=, skipobiwan=, skipreltol=, skiptol=
comparing 'grid-14.eps' with abstol=1e-07, binary=, calctol=0, cw=, floatcompare=, ignorecase=, obiwan=, reltol=, skipabstol=, skipobiwan=, skipreltol=, skiptol=
comparing 'grid-15.eps' with abstol=1e-07, binary=, calctol=0, cw=, floatcompare=, ignorecase=, obiwan=, reltol=, skipabstol=, skipobiwan=, skipreltol=, skiptol=
comparing 'grid-16.eps' with abstol=1e-07, binary=, calctol=0, cw=, floatcompare=, ignorecase=, obiwan=, reltol=, skipabstol=, skipobiwan=, skipreltol=, skiptol=
comparing 'grid-17.eps' with abstol=1e-07, binary=, calctol=0, cw=, floatcompare=, ignorecase=, obiwan=, reltol=, skipabstol=, skipobiwan=, skipreltol=, skiptol=
comparing 'grid-18.eps' with abstol=1e-07, binary=, calctol=0, cw=, floatcompare=, ignorecase=, obiwan=, reltol=, skipabstol=, skipobiwan=, skipreltol=, skiptol=
comparing 'grid-19.eps' with abstol=1e-07, binary=, calctol=0, cw=, floatcompare=, ignorecase=, obiwan=, reltol=, skipabstol=, skipobiwan=, skipreltol=, skiptol=
comparing 'grid-20.eps' with abstol=1e-07, binary=, calctol=0, cw=, floatcompare=, ignorecase=, obiwan=, reltol=, skipabstol=, skipobiwan=, skipreltol=, skiptol=
comparing 'grid-21.eps' with abstol=1e-07, binary=, calctol=0, cw=, floatcompare=, ignorecase=, obiwan=, reltol=, skipabstol=, skipobiwan=, skipreltol=, skiptol=
comparing 'grid-22.eps' with abstol=1e-07, binary=, calctol=0, cw=, floatcompare=, ignorecase=, obiwan=, reltol=, skipabstol=, skipobiwan=, skipreltol=, skiptol=
comparing 'grid-23.eps' with abstol=1e-07, binary=, calctol=0, cw=, floatcompare=, ignorecase=, obiwan=, reltol=, skipabstol=, skipobiwan=, skipreltol=, skiptol=
comparing 'grid-9.eps' with abstol=1e-07, binary=, calctol=0, cw=, floatcompare=, ignorecase=, obiwan=, reltol=, skipabstol=, skipobiwan=, skipreltol=, skiptol=
comparing 'log' with abstol=1e-07, binary=, calctol=0, cw=, floatcompare=, ignorecase=, obiwan=, reltol=, skipabstol=, skipobiwan=, skipreltol=, skiptol=
comparing 'solution-10.gmv' with abstol=1e-07, binary=, calctol=0, cw=, floatcompare=, ignorecase=, obiwan=, reltol=, skipabstol=, skipobiwan=, skipreltol=, skiptol=
comparing 'solution-11.gmv' with abstol=1e-07, binary=, calctol=0, cw=, floatcompare=, ignorecase=, obiwan=, reltol=, skipabstol=, skipobiwan=, skipreltol=, skiptol=
comparing 'solution-12.gmv' with abstol=1e-07, binary=, calctol=0, cw=, floatcompare=, ignorecase=, obiwan=, reltol=, skipabstol=, skipobiwan=, skipreltol=, skiptol=
comparing 'solution-13.gmv' with abstol=1e-07, binary=, calctol=0, cw=, floatcompare=, ignorecase=, obiwan=, reltol=, skipabstol=, skipobiwan=, skipreltol=, skiptol=
comparing 'solution-14.gmv' with abstol=1e-07, binary=, calctol=0, cw=, floatcompare=, ignorecase=, obiwan=, reltol=, skipabstol=, skipobiwan=, skipreltol=, skiptol=
comparing 'solution-15.gmv' with abstol=1e-07, binary=, calctol=0, cw=, floatcompare=, ignorecase=, obiwan=, reltol=, skipabstol=, skipobiwan=, skipreltol=, skiptol=
comparing 'solution-16.gmv' with abstol=1e-07, binary=, calctol=0, cw=, floatcompare=, ignorecase=, obiwan=, reltol=, skipabstol=, skipobiwan=, skipreltol=, skiptol=
comparing 'solution-17.gmv' with abstol=1e-07, binary=, calctol=0, cw=, floatcompare=, ignorecase=, obiwan=, reltol=, skipabstol=, skipobiwan=, skipreltol=, skiptol=
comparing 'solution-18.gmv' with abstol=1e-07, binary=, calctol=0, cw=, floatcompare=, ignorecase=, obiwan=, reltol=, skipabstol=, skipobiwan=, skipreltol=, skiptol=
comparing 'solution-19.gmv' with abstol=1e-07, binary=, calctol=0, cw=, floatcompare=, ignorecase=, obiwan=, reltol=, skipabstol=, skipobiwan=, skipreltol=, skiptol=
comparing 'solution-20.gmv' with abstol=1e-07, binary=, calctol=0, cw=, floatcompare=, ignorecase=, obiwan=, reltol=, skipabstol=, skipobiwan=, skipreltol=, skiptol=
comparing 'solution-21.gmv' with abstol=1e-07, binary=, calctol=0, cw=, floatcompare=, ignorecase=, obiwan=, reltol=, skipabstol=, skipobiwan=, skipreltol=, skiptol=
comparing 'solution-22.gmv' with abstol=1e-07, binary=, calctol=0, cw=, floatcompare=, ignorecase=, obiwan=, reltol=, skipabstol=, skipobiwan=, skipreltol=, skiptol=
comparing 'solution-23.gmv' with abstol=1e-07, binary=, calctol=0, cw=, floatcompare=, ignorecase=, obiwan=, reltol=, skipabstol=, skipobiwan=, skipreltol=, skiptol=
comparing 'solution-9.gmv' with abstol=1e-07, binary=, calctol=0, cw=, floatcompare=, ignorecase=, obiwan=, reltol=, skipabstol=, skipobiwan=, skipreltol=, skiptol=
Specinvoke: /media/hahafish/Data/ForUbuntu/speccpu2006/bin/specinvoke -E -d /media/hahafish/Data/ForUbuntu/speccpu2006/benchspec/CPU2006/447.dealII/run/run_base_ref_infra-baseline_O2.0000 -c 1 -e compare.err -o compare.stdout -f compare.cmd
Issuing command '/media/hahafish/Data/ForUbuntu/speccpu2006/bin/specinvoke -E -d /media/hahafish/Data/ForUbuntu/speccpu2006/benchspec/CPU2006/447.dealII/run/run_base_ref_infra-baseline_O2.0000 -c 1 -e compare.err -o compare.stdout -f compare.cmd'
Start command: Wed Jul  1 01:34:05 2026 (1782840845)
Stop command: Wed Jul  1 01:34:19 2026 (1782840859)
Elapsed time for command: 00:00:14 (14)
Benchmark Times:
  Start:    Wed Jul  1 01:32:17 2026 (1782840737)
  Stop:     Wed Jul  1 01:34:05 2026 (1782840845)
  Elapsed:  00:01:48 (108)
  Reported: 99 469789000 99.469789
 Success 447.dealII base ref ratio=115.01, runtime=99.469789

-----------------------------------
  Running (#2) 450.soplex ref base infra-baseline_O2 default
Commands to run: 
    -C /media/hahafish/Data/ForUbuntu/speccpu2006/benchspec/CPU2006/450.soplex/run/run_base_ref_infra-baseline_O2.0000
    -o pds-50.mps.out -e pds-50.mps.stderr ../run_base_ref_infra-baseline_O2.0000/soplex_base.infra-baseline_O2 -s1 -e -m45000 pds-50.mps
    -o ref.out -e ref.stderr ../run_base_ref_infra-baseline_O2.0000/soplex_base.infra-baseline_O2 -m3500 ref.mps
Specinvoke: /media/hahafish/Data/ForUbuntu/speccpu2006/bin/specinvoke -d /media/hahafish/Data/ForUbuntu/speccpu2006/benchspec/CPU2006/450.soplex/run/run_base_ref_infra-baseline_O2.0000 -e speccmds.err -o speccmds.stdout -f speccmds.cmd -C
Issuing command '/media/hahafish/Data/ForUbuntu/speccpu2006/bin/specinvoke -d /media/hahafish/Data/ForUbuntu/speccpu2006/benchspec/CPU2006/450.soplex/run/run_base_ref_infra-baseline_O2.0000 -e speccmds.err -o speccmds.stdout -f speccmds.cmd -C'
Start command: Wed Jul  1 01:34:19 2026 (1782840859)
Stop command: Wed Jul  1 01:36:17 2026 (1782840977)
Elapsed time for command: 00:01:58 (118)
Workload elapsed time (0:1) = 49.401852 seconds
Workload elapsed time (0:2) = 60.661173 seconds
copy 0 finished @ Wed Jul  1 01:36:09 2026.  Total elapsed time: 110.063025
comparing files in '/media/hahafish/Data/ForUbuntu/speccpu2006/benchspec/CPU2006/450.soplex/run/run_base_ref_infra-baseline_O2.0000'
comparing 'pds-50.mps.out' with abstol=1e-05, binary=, calctol=0, cw=, floatcompare=, ignorecase=, obiwan=1, reltol=0.02, skipabstol=, skipobiwan=, skipreltol=, skiptol=
comparing 'pds-50.mps.stderr' with abstol=20, binary=, calctol=0, cw=, floatcompare=, ignorecase=, obiwan=1, reltol=0.0001, skipabstol=, skipobiwan=, skipreltol=, skiptol=
comparing 'ref.out' with abstol=1e-05, binary=, calctol=0, cw=, floatcompare=, ignorecase=, obiwan=1, reltol=0.02, skipabstol=, skipobiwan=, skipreltol=, skiptol=
comparing 'ref.stderr' with abstol=20, binary=, calctol=0, cw=, floatcompare=, ignorecase=, obiwan=1, reltol=0.0001, skipabstol=, skipobiwan=, skipreltol=, skiptol=
Specinvoke: /media/hahafish/Data/ForUbuntu/speccpu2006/bin/specinvoke -E -d /media/hahafish/Data/ForUbuntu/speccpu2006/benchspec/CPU2006/450.soplex/run/run_base_ref_infra-baseline_O2.0000 -c 1 -e compare.err -o compare.stdout -f compare.cmd
Issuing command '/media/hahafish/Data/ForUbuntu/speccpu2006/bin/specinvoke -E -d /media/hahafish/Data/ForUbuntu/speccpu2006/benchspec/CPU2006/450.soplex/run/run_base_ref_infra-baseline_O2.0000 -c 1 -e compare.err -o compare.stdout -f compare.cmd'
Start command: Wed Jul  1 01:36:17 2026 (1782840977)
Stop command: Wed Jul  1 01:36:19 2026 (1782840979)
Elapsed time for command: 00:00:02 (2)
Error with '/media/hahafish/Data/ForUbuntu/speccpu2006/bin/specinvoke -E -d /media/hahafish/Data/ForUbuntu/speccpu2006/benchspec/CPU2006/450.soplex/run/run_base_ref_infra-baseline_O2.0000 -c 1 -e compare.err -o compare.stdout -f compare.cmd': check file '/media/hahafish/Data/ForUbuntu/speccpu2006/benchspec/CPU2006/450.soplex/run/run_base_ref_infra-baseline_O2.0000/.err'
*** Miscompare of pds-50.mps.stderr, see /media/hahafish/Data/ForUbuntu/speccpu2006/benchspec/CPU2006/450.soplex/run/run_base_ref_infra-baseline_O2.0000/pds-50.mps.stderr.mis
'pds-50.mps.stderr' long
*** Miscompare of ref.stderr, see /media/hahafish/Data/ForUbuntu/speccpu2006/benchspec/CPU2006/450.soplex/run/run_base_ref_infra-baseline_O2.0000/ref.stderr.mis
'ref.stderr' long
Benchmark Times:
  Start:    Wed Jul  1 01:34:19 2026 (1782840859)
  Stop:     Wed Jul  1 01:36:17 2026 (1782840977)
  Elapsed:  00:01:58 (118)
  Reported: 110 63073000 110.063073
 Error 450.soplex base ref ratio=75.77, runtime=110.063073

-----------------------------------
  Running (#2) 453.povray ref base infra-baseline_O2 default
Commands to run: 
    -C /media/hahafish/Data/ForUbuntu/speccpu2006/benchspec/CPU2006/453.povray/run/run_base_ref_infra-baseline_O2.0000
    -o SPEC-benchmark-ref.stdout -e SPEC-benchmark-ref.stderr ../run_base_ref_infra-baseline_O2.0000/povray_base.infra-baseline_O2 SPEC-benchmark-ref.ini
Specinvoke: /media/hahafish/Data/ForUbuntu/speccpu2006/bin/specinvoke -d /media/hahafish/Data/ForUbuntu/speccpu2006/benchspec/CPU2006/453.povray/run/run_base_ref_infra-baseline_O2.0000 -e speccmds.err -o speccmds.stdout -f speccmds.cmd -C
Issuing command '/media/hahafish/Data/ForUbuntu/speccpu2006/bin/specinvoke -d /media/hahafish/Data/ForUbuntu/speccpu2006/benchspec/CPU2006/453.povray/run/run_base_ref_infra-baseline_O2.0000 -e speccmds.err -o speccmds.stdout -f speccmds.cmd -C'
Start command: Wed Jul  1 01:36:19 2026 (1782840979)
Stop command: Wed Jul  1 01:37:05 2026 (1782841025)
Elapsed time for command: 00:00:46 (46)
Workload elapsed time (0:1) = 37.826191 seconds
copy 0 finished @ Wed Jul  1 01:36:57 2026.  Total elapsed time: 37.826191
comparing files in '/media/hahafish/Data/ForUbuntu/speccpu2006/benchspec/CPU2006/453.povray/run/run_base_ref_infra-baseline_O2.0000'
comparing 'SPEC-benchmark.log' with abstol=0, binary=, calctol=0, cw=, floatcompare=, ignorecase=, obiwan=, reltol=5e-05, skipabstol=, skipobiwan=, skipreltol=, skiptol=
comparing 'SPEC-benchmark.tga' with abstol=0, binary=1, calctol=0, cw=, floatcompare=, ignorecase=, obiwan=, reltol=5e-05, skipabstol=, skipobiwan=, skipreltol=, skiptol=50
Specinvoke: /media/hahafish/Data/ForUbuntu/speccpu2006/bin/specinvoke -E -d /media/hahafish/Data/ForUbuntu/speccpu2006/benchspec/CPU2006/453.povray/run/run_base_ref_infra-baseline_O2.0000 -c 1 -e compare.err -o compare.stdout -f compare.cmd
Issuing command '/media/hahafish/Data/ForUbuntu/speccpu2006/bin/specinvoke -E -d /media/hahafish/Data/ForUbuntu/speccpu2006/benchspec/CPU2006/453.povray/run/run_base_ref_infra-baseline_O2.0000 -c 1 -e compare.err -o compare.stdout -f compare.cmd'
Start command: Wed Jul  1 01:37:05 2026 (1782841025)
Stop command: Wed Jul  1 01:37:11 2026 (1782841031)
Elapsed time for command: 00:00:06 (6)
Benchmark Times:
  Start:    Wed Jul  1 01:36:19 2026 (1782840979)
  Stop:     Wed Jul  1 01:37:05 2026 (1782841025)
  Elapsed:  00:00:46 (46)
  Reported: 37 826228000 37.826228
 Success 453.povray base ref ratio=140.64, runtime=37.826228

-----------------------------------
  Running (#2) 456.hmmer ref base infra-baseline_O2 default
Commands to run: 
    -C /media/hahafish/Data/ForUbuntu/speccpu2006/benchspec/CPU2006/456.hmmer/run/run_base_ref_infra-baseline_O2.0002
    -o nph3.out -e nph3.err ../run_base_ref_infra-baseline_O2.0002/hmmer_base.infra-baseline_O2 nph3.hmm swiss41
    -o retro.out -e retro.err ../run_base_ref_infra-baseline_O2.0002/hmmer_base.infra-baseline_O2 --fixed 0 --mean 500 --num 500000 --sd 350 --seed 0 retro.hmm
Specinvoke: /media/hahafish/Data/ForUbuntu/speccpu2006/bin/specinvoke -d /media/hahafish/Data/ForUbuntu/speccpu2006/benchspec/CPU2006/456.hmmer/run/run_base_ref_infra-baseline_O2.0002 -e speccmds.err -o speccmds.stdout -f speccmds.cmd -C
Issuing command '/media/hahafish/Data/ForUbuntu/speccpu2006/bin/specinvoke -d /media/hahafish/Data/ForUbuntu/speccpu2006/benchspec/CPU2006/456.hmmer/run/run_base_ref_infra-baseline_O2.0002 -e speccmds.err -o speccmds.stdout -f speccmds.cmd -C'
Start command: Wed Jul  1 01:37:11 2026 (1782841031)
Stop command: Wed Jul  1 01:39:15 2026 (1782841155)
Elapsed time for command: 00:02:04 (124)
Workload elapsed time (0:1) = 34.924192 seconds
Workload elapsed time (0:2) = 81.221881 seconds
copy 0 finished @ Wed Jul  1 01:39:07 2026.  Total elapsed time: 116.146073
comparing files in '/media/hahafish/Data/ForUbuntu/speccpu2006/benchspec/CPU2006/456.hmmer/run/run_base_ref_infra-baseline_O2.0002'
comparing 'nph3.out' with abstol=1e-05, binary=, calctol=0, cw=, floatcompare=, ignorecase=, obiwan=, reltol=0.002, skipabstol=, skipobiwan=, skipreltol=, skiptol=10
comparing 'retro.out' with abstol=1e-05, binary=, calctol=0, cw=, floatcompare=, ignorecase=, obiwan=, reltol=0.002, skipabstol=, skipobiwan=, skipreltol=, skiptol=10
Specinvoke: /media/hahafish/Data/ForUbuntu/speccpu2006/bin/specinvoke -E -d /media/hahafish/Data/ForUbuntu/speccpu2006/benchspec/CPU2006/456.hmmer/run/run_base_ref_infra-baseline_O2.0002 -c 1 -e compare.err -o compare.stdout -f compare.cmd
Issuing command '/media/hahafish/Data/ForUbuntu/speccpu2006/bin/specinvoke -E -d /media/hahafish/Data/ForUbuntu/speccpu2006/benchspec/CPU2006/456.hmmer/run/run_base_ref_infra-baseline_O2.0002 -c 1 -e compare.err -o compare.stdout -f compare.cmd'
Start command: Wed Jul  1 01:39:15 2026 (1782841155)
Stop command: Wed Jul  1 01:39:17 2026 (1782841157)
Elapsed time for command: 00:00:02 (2)
Benchmark Times:
  Start:    Wed Jul  1 01:37:11 2026 (1782841031)
  Stop:     Wed Jul  1 01:39:15 2026 (1782841155)
  Elapsed:  00:02:04 (124)
  Reported: 116 146114000 116.146114
 Success 456.hmmer base ref ratio=80.33, runtime=116.146114

-----------------------------------
  Running (#2) 458.sjeng ref base infra-baseline_O2 default
Commands to run: 
    -C /media/hahafish/Data/ForUbuntu/speccpu2006/benchspec/CPU2006/458.sjeng/run/run_base_ref_infra-baseline_O2.0000
    -o ref.out -e ref.err ../run_base_ref_infra-baseline_O2.0000/sjeng_base.infra-baseline_O2 ref.txt
Specinvoke: /media/hahafish/Data/ForUbuntu/speccpu2006/bin/specinvoke -d /media/hahafish/Data/ForUbuntu/speccpu2006/benchspec/CPU2006/458.sjeng/run/run_base_ref_infra-baseline_O2.0000 -e speccmds.err -o speccmds.stdout -f speccmds.cmd -C
Issuing command '/media/hahafish/Data/ForUbuntu/speccpu2006/bin/specinvoke -d /media/hahafish/Data/ForUbuntu/speccpu2006/benchspec/CPU2006/458.sjeng/run/run_base_ref_infra-baseline_O2.0000 -e speccmds.err -o speccmds.stdout -f speccmds.cmd -C'
Start command: Wed Jul  1 01:39:17 2026 (1782841157)
Stop command: Wed Jul  1 01:43:06 2026 (1782841386)
Elapsed time for command: 00:03:49 (229)
Workload elapsed time (0:1) = 220.733088 seconds
copy 0 finished @ Wed Jul  1 01:42:58 2026.  Total elapsed time: 220.733088
comparing files in '/media/hahafish/Data/ForUbuntu/speccpu2006/benchspec/CPU2006/458.sjeng/run/run_base_ref_infra-baseline_O2.0000'
comparing 'ref.out' with abstol=, binary=, calctol=0, cw=, floatcompare=, ignorecase=, obiwan=, reltol=, skipabstol=, skipobiwan=, skipreltol=, skiptol=
Specinvoke: /media/hahafish/Data/ForUbuntu/speccpu2006/bin/specinvoke -E -d /media/hahafish/Data/ForUbuntu/speccpu2006/benchspec/CPU2006/458.sjeng/run/run_base_ref_infra-baseline_O2.0000 -c 1 -e compare.err -o compare.stdout -f compare.cmd
Issuing command '/media/hahafish/Data/ForUbuntu/speccpu2006/bin/specinvoke -E -d /media/hahafish/Data/ForUbuntu/speccpu2006/benchspec/CPU2006/458.sjeng/run/run_base_ref_infra-baseline_O2.0000 -c 1 -e compare.err -o compare.stdout -f compare.cmd'
Start command: Wed Jul  1 01:43:06 2026 (1782841386)
Stop command: Wed Jul  1 01:43:08 2026 (1782841388)
Elapsed time for command: 00:00:02 (2)
Benchmark Times:
  Start:    Wed Jul  1 01:39:17 2026 (1782841157)
  Stop:     Wed Jul  1 01:43:06 2026 (1782841386)
  Elapsed:  00:03:49 (229)
  Reported: 220 733125000 220.733125
 Success 458.sjeng base ref ratio=54.82, runtime=220.733125

-----------------------------------
  Running (#2) 462.libquantum ref base infra-baseline_O2 default
Commands to run: 
    -C /media/hahafish/Data/ForUbuntu/speccpu2006/benchspec/CPU2006/462.libquantum/run/run_base_ref_infra-baseline_O2.0002
    -o ref.out -e ref.err ../run_base_ref_infra-baseline_O2.0002/libquantum_base.infra-baseline_O2 1397 8
Specinvoke: /media/hahafish/Data/ForUbuntu/speccpu2006/bin/specinvoke -d /media/hahafish/Data/ForUbuntu/speccpu2006/benchspec/CPU2006/462.libquantum/run/run_base_ref_infra-baseline_O2.0002 -e speccmds.err -o speccmds.stdout -f speccmds.cmd -C
Issuing command '/media/hahafish/Data/ForUbuntu/speccpu2006/bin/specinvoke -d /media/hahafish/Data/ForUbuntu/speccpu2006/benchspec/CPU2006/462.libquantum/run/run_base_ref_infra-baseline_O2.0002 -e speccmds.err -o speccmds.stdout -f speccmds.cmd -C'
Start command: Wed Jul  1 01:43:08 2026 (1782841388)
Stop command: Wed Jul  1 01:46:30 2026 (1782841590)
Elapsed time for command: 00:03:22 (202)
Workload elapsed time (0:1) = 194.266355 seconds
copy 0 finished @ Wed Jul  1 01:46:22 2026.  Total elapsed time: 194.266355
comparing files in '/media/hahafish/Data/ForUbuntu/speccpu2006/benchspec/CPU2006/462.libquantum/run/run_base_ref_infra-baseline_O2.0002'
comparing 'ref.out' with abstol=, binary=, calctol=0, cw=, floatcompare=, ignorecase=, obiwan=1, reltol=, skipabstol=, skipobiwan=, skipreltol=, skiptol=
Specinvoke: /media/hahafish/Data/ForUbuntu/speccpu2006/bin/specinvoke -E -d /media/hahafish/Data/ForUbuntu/speccpu2006/benchspec/CPU2006/462.libquantum/run/run_base_ref_infra-baseline_O2.0002 -c 1 -e compare.err -o compare.stdout -f compare.cmd
Issuing command '/media/hahafish/Data/ForUbuntu/speccpu2006/bin/specinvoke -E -d /media/hahafish/Data/ForUbuntu/speccpu2006/benchspec/CPU2006/462.libquantum/run/run_base_ref_infra-baseline_O2.0002 -c 1 -e compare.err -o compare.stdout -f compare.cmd'
Start command: Wed Jul  1 01:46:30 2026 (1782841590)
Stop command: Wed Jul  1 01:46:32 2026 (1782841592)
Elapsed time for command: 00:00:02 (2)
Benchmark Times:
  Start:    Wed Jul  1 01:43:08 2026 (1782841388)
  Stop:     Wed Jul  1 01:46:30 2026 (1782841590)
  Elapsed:  00:03:22 (202)
  Reported: 194 266392000 194.266392
 Success 462.libquantum base ref ratio=106.66, runtime=194.266392

-----------------------------------
  Running (#2) 464.h264ref ref base infra-baseline_O2 default
Commands to run: 
    -C /media/hahafish/Data/ForUbuntu/speccpu2006/benchspec/CPU2006/464.h264ref/run/run_base_ref_infra-baseline_O2.0000
    -o foreman_ref_baseline_encodelog.out -e foreman_ref_baseline_encodelog.err ../run_base_ref_infra-baseline_O2.0000/h264ref_base.infra-baseline_O2 -d foreman_ref_encoder_baseline.cfg
    -o foreman_ref_main_encodelog.out -e foreman_ref_main_encodelog.err ../run_base_ref_infra-baseline_O2.0000/h264ref_base.infra-baseline_O2 -d foreman_ref_encoder_main.cfg
    -o sss_main_encodelog.out -e sss_main_encodelog.err ../run_base_ref_infra-baseline_O2.0000/h264ref_base.infra-baseline_O2 -d sss_encoder_main.cfg
Specinvoke: /media/hahafish/Data/ForUbuntu/speccpu2006/bin/specinvoke -d /media/hahafish/Data/ForUbuntu/speccpu2006/benchspec/CPU2006/464.h264ref/run/run_base_ref_infra-baseline_O2.0000 -e speccmds.err -o speccmds.stdout -f speccmds.cmd -C
Issuing command '/media/hahafish/Data/ForUbuntu/speccpu2006/bin/specinvoke -d /media/hahafish/Data/ForUbuntu/speccpu2006/benchspec/CPU2006/464.h264ref/run/run_base_ref_infra-baseline_O2.0000 -e speccmds.err -o speccmds.stdout -f speccmds.cmd -C'
Start command: Wed Jul  1 01:46:32 2026 (1782841592)
Stop command: Wed Jul  1 01:49:14 2026 (1782841754)
Elapsed time for command: 00:02:42 (162)
Workload elapsed time (0:1) = 21.12705 seconds
Workload elapsed time (0:2) = 14.029611 seconds
Workload elapsed time (0:3) = 119.194061 seconds
copy 0 finished @ Wed Jul  1 01:49:06 2026.  Total elapsed time: 154.350722
comparing files in '/media/hahafish/Data/ForUbuntu/speccpu2006/benchspec/CPU2006/464.h264ref/run/run_base_ref_infra-baseline_O2.0000'
comparing 'foreman_ref_baseline_encodelog.out' with abstol=, binary=, calctol=0, cw=1, floatcompare=1, ignorecase=, obiwan=, reltol=, skipabstol=, skipobiwan=, skipreltol=, skiptol=
comparing 'foreman_ref_baseline_leakybucketparam.cfg' with abstol=, binary=1, calctol=0, cw=1, floatcompare=1, ignorecase=, obiwan=, reltol=, skipabstol=, skipobiwan=, skipreltol=, skiptol=
comparing 'foreman_ref_main_encodelog.out' with abstol=, binary=, calctol=0, cw=1, floatcompare=1, ignorecase=, obiwan=, reltol=, skipabstol=, skipobiwan=, skipreltol=, skiptol=
comparing 'foreman_ref_main_leakybucketparam.cfg' with abstol=, binary=1, calctol=0, cw=1, floatcompare=1, ignorecase=, obiwan=, reltol=, skipabstol=, skipobiwan=, skipreltol=, skiptol=
comparing 'sss_main_encodelog.out' with abstol=, binary=, calctol=0, cw=1, floatcompare=1, ignorecase=, obiwan=, reltol=, skipabstol=, skipobiwan=, skipreltol=, skiptol=
comparing 'sss_main_leakybucketparam.cfg' with abstol=, binary=1, calctol=0, cw=1, floatcompare=1, ignorecase=, obiwan=, reltol=, skipabstol=, skipobiwan=, skipreltol=, skiptol=
Specinvoke: /media/hahafish/Data/ForUbuntu/speccpu2006/bin/specinvoke -E -d /media/hahafish/Data/ForUbuntu/speccpu2006/benchspec/CPU2006/464.h264ref/run/run_base_ref_infra-baseline_O2.0000 -c 1 -e compare.err -o compare.stdout -f compare.cmd
Issuing command '/media/hahafish/Data/ForUbuntu/speccpu2006/bin/specinvoke -E -d /media/hahafish/Data/ForUbuntu/speccpu2006/benchspec/CPU2006/464.h264ref/run/run_base_ref_infra-baseline_O2.0000 -c 1 -e compare.err -o compare.stdout -f compare.cmd'
Start command: Wed Jul  1 01:49:14 2026 (1782841754)
Stop command: Wed Jul  1 01:49:17 2026 (1782841757)
Elapsed time for command: 00:00:03 (3)
Benchmark Times:
  Start:    Wed Jul  1 01:46:32 2026 (1782841592)
  Stop:     Wed Jul  1 01:49:14 2026 (1782841754)
  Elapsed:  00:02:42 (162)
  Reported: 154 350767000 154.350767
 Success 464.h264ref base ref ratio=143.37, runtime=154.350767

-----------------------------------
  Running (#2) 470.lbm ref base infra-baseline_O2 default
Commands to run: 
    -C /media/hahafish/Data/ForUbuntu/speccpu2006/benchspec/CPU2006/470.lbm/run/run_base_ref_infra-baseline_O2.0001
    -o lbm.out -e lbm.err ../run_base_ref_infra-baseline_O2.0001/lbm_base.infra-baseline_O2 3000 reference.dat 0 0 100_100_130_ldc.of
Specinvoke: /media/hahafish/Data/ForUbuntu/speccpu2006/bin/specinvoke -d /media/hahafish/Data/ForUbuntu/speccpu2006/benchspec/CPU2006/470.lbm/run/run_base_ref_infra-baseline_O2.0001 -e speccmds.err -o speccmds.stdout -f speccmds.cmd -C
Issuing command '/media/hahafish/Data/ForUbuntu/speccpu2006/bin/specinvoke -d /media/hahafish/Data/ForUbuntu/speccpu2006/benchspec/CPU2006/470.lbm/run/run_base_ref_infra-baseline_O2.0001 -e speccmds.err -o speccmds.stdout -f speccmds.cmd -C'
Start command: Wed Jul  1 01:49:17 2026 (1782841757)
Stop command: Wed Jul  1 01:50:55 2026 (1782841855)
Elapsed time for command: 00:01:38 (98)
Workload elapsed time (0:1) = 90.400934 seconds
copy 0 finished @ Wed Jul  1 01:50:47 2026.  Total elapsed time: 90.400934
comparing files in '/media/hahafish/Data/ForUbuntu/speccpu2006/benchspec/CPU2006/470.lbm/run/run_base_ref_infra-baseline_O2.0001'
comparing 'lbm.out' with abstol=1e-07, binary=, calctol=0, cw=, floatcompare=, ignorecase=, obiwan=, reltol=, skipabstol=, skipobiwan=, skipreltol=, skiptol=
Specinvoke: /media/hahafish/Data/ForUbuntu/speccpu2006/bin/specinvoke -E -d /media/hahafish/Data/ForUbuntu/speccpu2006/benchspec/CPU2006/470.lbm/run/run_base_ref_infra-baseline_O2.0001 -c 1 -e compare.err -o compare.stdout -f compare.cmd
Issuing command '/media/hahafish/Data/ForUbuntu/speccpu2006/bin/specinvoke -E -d /media/hahafish/Data/ForUbuntu/speccpu2006/benchspec/CPU2006/470.lbm/run/run_base_ref_infra-baseline_O2.0001 -c 1 -e compare.err -o compare.stdout -f compare.cmd'
Start command: Wed Jul  1 01:50:55 2026 (1782841855)
Stop command: Wed Jul  1 01:50:57 2026 (1782841857)
Elapsed time for command: 00:00:02 (2)
Benchmark Times:
  Start:    Wed Jul  1 01:49:17 2026 (1782841757)
  Stop:     Wed Jul  1 01:50:55 2026 (1782841855)
  Elapsed:  00:01:38 (98)
  Reported: 90 400976000 90.400976
 Success 470.lbm base ref ratio=151.99, runtime=90.400976

-----------------------------------
  Running (#2) 471.omnetpp ref base infra-baseline_O2 default
Commands to run: 
    -C /media/hahafish/Data/ForUbuntu/speccpu2006/benchspec/CPU2006/471.omnetpp/run/run_base_ref_infra-baseline_O2.0000
    -o omnetpp.log -e omnetpp.err ../run_base_ref_infra-baseline_O2.0000/omnetpp_base.infra-baseline_O2 omnetpp.ini
Specinvoke: /media/hahafish/Data/ForUbuntu/speccpu2006/bin/specinvoke -d /media/hahafish/Data/ForUbuntu/speccpu2006/benchspec/CPU2006/471.omnetpp/run/run_base_ref_infra-baseline_O2.0000 -e speccmds.err -o speccmds.stdout -f speccmds.cmd -C
Issuing command '/media/hahafish/Data/ForUbuntu/speccpu2006/bin/specinvoke -d /media/hahafish/Data/ForUbuntu/speccpu2006/benchspec/CPU2006/471.omnetpp/run/run_base_ref_infra-baseline_O2.0000 -e speccmds.err -o speccmds.stdout -f speccmds.cmd -C'
Start command: Wed Jul  1 01:50:57 2026 (1782841857)
Stop command: Wed Jul  1 01:53:01 2026 (1782841981)
Elapsed time for command: 00:02:04 (124)
Workload elapsed time (0:1) = 115.808664 seconds
copy 0 finished @ Wed Jul  1 01:52:53 2026.  Total elapsed time: 115.808664
comparing files in '/media/hahafish/Data/ForUbuntu/speccpu2006/benchspec/CPU2006/471.omnetpp/run/run_base_ref_infra-baseline_O2.0000'
comparing 'omnetpp.log' with abstol=1e-06, binary=, calctol=0, cw=, floatcompare=, ignorecase=, obiwan=, reltol=1e-05, skipabstol=, skipobiwan=, skipreltol=, skiptol=
comparing 'omnetpp.sca' with abstol=1e-06, binary=, calctol=0, cw=, floatcompare=, ignorecase=, obiwan=, reltol=1e-05, skipabstol=, skipobiwan=, skipreltol=, skiptol=
Specinvoke: /media/hahafish/Data/ForUbuntu/speccpu2006/bin/specinvoke -E -d /media/hahafish/Data/ForUbuntu/speccpu2006/benchspec/CPU2006/471.omnetpp/run/run_base_ref_infra-baseline_O2.0000 -c 1 -e compare.err -o compare.stdout -f compare.cmd
Issuing command '/media/hahafish/Data/ForUbuntu/speccpu2006/bin/specinvoke -E -d /media/hahafish/Data/ForUbuntu/speccpu2006/benchspec/CPU2006/471.omnetpp/run/run_base_ref_infra-baseline_O2.0000 -c 1 -e compare.err -o compare.stdout -f compare.cmd'
Start command: Wed Jul  1 01:53:01 2026 (1782841981)
Stop command: Wed Jul  1 01:53:03 2026 (1782841983)
Elapsed time for command: 00:00:02 (2)
Benchmark Times:
  Start:    Wed Jul  1 01:50:57 2026 (1782841857)
  Stop:     Wed Jul  1 01:53:01 2026 (1782841981)
  Elapsed:  00:02:04 (124)
  Reported: 115 808703000 115.808703
 Success 471.omnetpp base ref ratio=53.97, runtime=115.808703

-----------------------------------
  Running (#2) 473.astar ref base infra-baseline_O2 default
Commands to run: 
    -C /home/hahafish/speccpu2006/benchspec/CPU2006/473.astar/run/run_base_ref_infra-baseline_O2.0001
    -o BigLakes2048.out -e BigLakes2048.err ../run_base_ref_infra-baseline_O2.0001/astar_base.infra-baseline_O2 BigLakes2048.cfg
    -o rivers.out -e rivers.err ../run_base_ref_infra-baseline_O2.0001/astar_base.infra-baseline_O2 rivers.cfg
Specinvoke: /media/hahafish/Data/ForUbuntu/speccpu2006/bin/specinvoke -d /home/hahafish/speccpu2006/benchspec/CPU2006/473.astar/run/run_base_ref_infra-baseline_O2.0001 -e speccmds.err -o speccmds.stdout -f speccmds.cmd -C
Issuing command '/media/hahafish/Data/ForUbuntu/speccpu2006/bin/specinvoke -d /home/hahafish/speccpu2006/benchspec/CPU2006/473.astar/run/run_base_ref_infra-baseline_O2.0001 -e speccmds.err -o speccmds.stdout -f speccmds.cmd -C'
Start command: Wed Jul  1 01:53:03 2026 (1782841983)
Stop command: Wed Jul  1 01:55:54 2026 (1782842154)
Elapsed time for command: 00:02:51 (171)
Workload elapsed time (0:1) = 54.69857 seconds
Workload elapsed time (0:2) = 107.965197 seconds
copy 0 finished @ Wed Jul  1 01:55:46 2026.  Total elapsed time: 162.663767
comparing files in '/home/hahafish/speccpu2006/benchspec/CPU2006/473.astar/run/run_base_ref_infra-baseline_O2.0001'
comparing 'BigLakes2048.out' with abstol=, binary=, calctol=0, cw=, floatcompare=, ignorecase=, obiwan=, reltol=0.001, skipabstol=, skipobiwan=, skipreltol=, skiptol=
comparing 'rivers.out' with abstol=, binary=, calctol=0, cw=, floatcompare=, ignorecase=, obiwan=, reltol=0.001, skipabstol=, skipobiwan=, skipreltol=, skiptol=
Specinvoke: /media/hahafish/Data/ForUbuntu/speccpu2006/bin/specinvoke -E -d /home/hahafish/speccpu2006/benchspec/CPU2006/473.astar/run/run_base_ref_infra-baseline_O2.0001 -c 1 -e compare.err -o compare.stdout -f compare.cmd
Issuing command '/media/hahafish/Data/ForUbuntu/speccpu2006/bin/specinvoke -E -d /home/hahafish/speccpu2006/benchspec/CPU2006/473.astar/run/run_base_ref_infra-baseline_O2.0001 -c 1 -e compare.err -o compare.stdout -f compare.cmd'
Start command: Wed Jul  1 01:55:54 2026 (1782842154)
Stop command: Wed Jul  1 01:55:56 2026 (1782842156)
Elapsed time for command: 00:00:02 (2)
Benchmark Times:
  Start:    Wed Jul  1 01:53:03 2026 (1782841983)
  Stop:     Wed Jul  1 01:55:54 2026 (1782842154)
  Elapsed:  00:02:51 (171)
  Reported: 162 663807000 162.663807
 Success 473.astar base ref ratio=43.16, runtime=162.663807

-----------------------------------
  Running (#2) 482.sphinx3 ref base infra-baseline_O2 default
Commands to run: 
    -C /home/hahafish/speccpu2006/benchspec/CPU2006/482.sphinx3/run/run_base_ref_infra-baseline_O2.0001
    -o an4.log -e an4.err ../run_base_ref_infra-baseline_O2.0001/sphinx_livepretend_base.infra-baseline_O2 ctlfile . args.an4
Specinvoke: /media/hahafish/Data/ForUbuntu/speccpu2006/bin/specinvoke -d /home/hahafish/speccpu2006/benchspec/CPU2006/482.sphinx3/run/run_base_ref_infra-baseline_O2.0001 -e speccmds.err -o speccmds.stdout -f speccmds.cmd -C
Issuing command '/media/hahafish/Data/ForUbuntu/speccpu2006/bin/specinvoke -d /home/hahafish/speccpu2006/benchspec/CPU2006/482.sphinx3/run/run_base_ref_infra-baseline_O2.0001 -e speccmds.err -o speccmds.stdout -f speccmds.cmd -C'
Start command: Wed Jul  1 01:55:56 2026 (1782842156)
Stop command: Wed Jul  1 01:58:36 2026 (1782842316)
Elapsed time for command: 00:02:40 (160)
Workload elapsed time (0:1) = 152.419469 seconds
copy 0 finished @ Wed Jul  1 01:58:28 2026.  Total elapsed time: 152.419469
comparing files in '/home/hahafish/speccpu2006/benchspec/CPU2006/482.sphinx3/run/run_base_ref_infra-baseline_O2.0001'
comparing 'an4.log' with abstol=, binary=, calctol=0, cw=, floatcompare=1, ignorecase=, obiwan=, reltol=0.001, skipabstol=, skipobiwan=, skipreltol=, skiptol=
comparing 'considered.out' with abstol=, binary=, calctol=0, cw=, floatcompare=1, ignorecase=, obiwan=, reltol=0.0004, skipabstol=, skipobiwan=, skipreltol=, skiptol=
comparing 'total_considered.out' with abstol=, binary=, calctol=0, cw=, floatcompare=1, ignorecase=, obiwan=, reltol=1e-06, skipabstol=, skipobiwan=, skipreltol=, skiptol=
Specinvoke: /media/hahafish/Data/ForUbuntu/speccpu2006/bin/specinvoke -E -d /home/hahafish/speccpu2006/benchspec/CPU2006/482.sphinx3/run/run_base_ref_infra-baseline_O2.0001 -c 1 -e compare.err -o compare.stdout -f compare.cmd
Issuing command '/media/hahafish/Data/ForUbuntu/speccpu2006/bin/specinvoke -E -d /home/hahafish/speccpu2006/benchspec/CPU2006/482.sphinx3/run/run_base_ref_infra-baseline_O2.0001 -c 1 -e compare.err -o compare.stdout -f compare.cmd'
Start command: Wed Jul  1 01:58:36 2026 (1782842316)
Stop command: Wed Jul  1 01:58:38 2026 (1782842318)
Elapsed time for command: 00:00:02 (2)
Benchmark Times:
  Start:    Wed Jul  1 01:55:56 2026 (1782842156)
  Stop:     Wed Jul  1 01:58:36 2026 (1782842316)
  Elapsed:  00:02:40 (160)
  Reported: 152 419506000 152.419506
 Success 482.sphinx3 base ref ratio=127.87, runtime=152.419506

-----------------------------------
  Running (#2) 483.xalancbmk ref base infra-baseline_O2 default
Commands to run: 
    -C /media/hahafish/Data/ForUbuntu/speccpu2006/benchspec/CPU2006/483.xalancbmk/run/run_base_ref_infra-baseline_O2.0000
    -o ref.out -e ref.err ../run_base_ref_infra-baseline_O2.0000/Xalan_base.infra-baseline_O2 -v t5.xml xalanc.xsl
Specinvoke: /media/hahafish/Data/ForUbuntu/speccpu2006/bin/specinvoke -d /media/hahafish/Data/ForUbuntu/speccpu2006/benchspec/CPU2006/483.xalancbmk/run/run_base_ref_infra-baseline_O2.0000 -e speccmds.err -o speccmds.stdout -f speccmds.cmd -C
Issuing command '/media/hahafish/Data/ForUbuntu/speccpu2006/bin/specinvoke -d /media/hahafish/Data/ForUbuntu/speccpu2006/benchspec/CPU2006/483.xalancbmk/run/run_base_ref_infra-baseline_O2.0000 -e speccmds.err -o speccmds.stdout -f speccmds.cmd -C'
Start command: Wed Jul  1 01:58:38 2026 (1782842318)
Stop command: Wed Jul  1 01:59:31 2026 (1782842371)
Elapsed time for command: 00:00:53 (53)
Workload elapsed time (0:1) = 44.742314 seconds
copy 0 finished @ Wed Jul  1 01:59:23 2026.  Total elapsed time: 44.742314
comparing files in '/media/hahafish/Data/ForUbuntu/speccpu2006/benchspec/CPU2006/483.xalancbmk/run/run_base_ref_infra-baseline_O2.0000'
comparing 'ref.out' with abstol=, binary=, calctol=0, cw=, floatcompare=, ignorecase=, obiwan=, reltol=, skipabstol=, skipobiwan=, skipreltol=, skiptol=
Specinvoke: /media/hahafish/Data/ForUbuntu/speccpu2006/bin/specinvoke -E -d /media/hahafish/Data/ForUbuntu/speccpu2006/benchspec/CPU2006/483.xalancbmk/run/run_base_ref_infra-baseline_O2.0000 -c 1 -e compare.err -o compare.stdout -f compare.cmd
Issuing command '/media/hahafish/Data/ForUbuntu/speccpu2006/bin/specinvoke -E -d /media/hahafish/Data/ForUbuntu/speccpu2006/benchspec/CPU2006/483.xalancbmk/run/run_base_ref_infra-baseline_O2.0000 -c 1 -e compare.err -o compare.stdout -f compare.cmd'
Start command: Wed Jul  1 01:59:31 2026 (1782842371)
Stop command: Wed Jul  1 01:59:33 2026 (1782842373)
Elapsed time for command: 00:00:02 (2)
Benchmark Times:
  Start:    Wed Jul  1 01:58:38 2026 (1782842318)
  Stop:     Wed Jul  1 01:59:31 2026 (1782842371)
  Elapsed:  00:00:53 (53)
  Reported: 44 742354000 44.742354
 Success 483.xalancbmk base ref ratio=154.22, runtime=44.742354

-----------------------------------
  Running (#3) 400.perlbench ref base infra-baseline_O2 default
Commands to run: 
    -C /media/hahafish/Data/ForUbuntu/speccpu2006/benchspec/CPU2006/400.perlbench/run/run_base_ref_infra-baseline_O2.0000
    -o checkspam.2500.5.25.11.150.1.1.1.1.out -e checkspam.2500.5.25.11.150.1.1.1.1.err ../run_base_ref_infra-baseline_O2.0000/perlbench_base.infra-baseline_O2 -I./lib checkspam.pl 2500 5 25 11 150 1 1 1 1
    -o diffmail.4.800.10.17.19.300.out -e diffmail.4.800.10.17.19.300.err ../run_base_ref_infra-baseline_O2.0000/perlbench_base.infra-baseline_O2 -I./lib diffmail.pl 4 800 10 17 19 300
    -o splitmail.1600.12.26.16.4500.out -e splitmail.1600.12.26.16.4500.err ../run_base_ref_infra-baseline_O2.0000/perlbench_base.infra-baseline_O2 -I./lib splitmail.pl 1600 12 26 16 4500
Specinvoke: /media/hahafish/Data/ForUbuntu/speccpu2006/bin/specinvoke -d /media/hahafish/Data/ForUbuntu/speccpu2006/benchspec/CPU2006/400.perlbench/run/run_base_ref_infra-baseline_O2.0000 -e speccmds.err -o speccmds.stdout -f speccmds.cmd -C
Issuing command '/media/hahafish/Data/ForUbuntu/speccpu2006/bin/specinvoke -d /media/hahafish/Data/ForUbuntu/speccpu2006/benchspec/CPU2006/400.perlbench/run/run_base_ref_infra-baseline_O2.0000 -e speccmds.err -o speccmds.stdout -f speccmds.cmd -C'
Start command: Wed Jul  1 01:59:34 2026 (1782842374)
Stop command: Wed Jul  1 02:01:24 2026 (1782842484)
Elapsed time for command: 00:01:50 (110)
Workload elapsed time (0:1) = 56.542222 seconds
Workload elapsed time (0:2) = 16.185317 seconds
Workload elapsed time (0:3) = 29.971523 seconds
copy 0 finished @ Wed Jul  1 02:01:16 2026.  Total elapsed time: 102.699062
comparing files in '/media/hahafish/Data/ForUbuntu/speccpu2006/benchspec/CPU2006/400.perlbench/run/run_base_ref_infra-baseline_O2.0000'
comparing 'checkspam.2500.5.25.11.150.1.1.1.1.out' with abstol=, binary=, calctol=0, cw=, floatcompare=, ignorecase=, obiwan=, reltol=, skipabstol=, skipobiwan=, skipreltol=, skiptol=
comparing 'diffmail.4.800.10.17.19.300.out' with abstol=, binary=, calctol=0, cw=, floatcompare=, ignorecase=, obiwan=, reltol=, skipabstol=, skipobiwan=, skipreltol=, skiptol=
comparing 'splitmail.1600.12.26.16.4500.out' with abstol=, binary=, calctol=0, cw=, floatcompare=, ignorecase=, obiwan=, reltol=, skipabstol=, skipobiwan=, skipreltol=, skiptol=
Specinvoke: /media/hahafish/Data/ForUbuntu/speccpu2006/bin/specinvoke -E -d /media/hahafish/Data/ForUbuntu/speccpu2006/benchspec/CPU2006/400.perlbench/run/run_base_ref_infra-baseline_O2.0000 -c 1 -e compare.err -o compare.stdout -f compare.cmd
Issuing command '/media/hahafish/Data/ForUbuntu/speccpu2006/bin/specinvoke -E -d /media/hahafish/Data/ForUbuntu/speccpu2006/benchspec/CPU2006/400.perlbench/run/run_base_ref_infra-baseline_O2.0000 -c 1 -e compare.err -o compare.stdout -f compare.cmd'
Start command: Wed Jul  1 02:01:24 2026 (1782842484)
Stop command: Wed Jul  1 02:01:26 2026 (1782842486)
Elapsed time for command: 00:00:02 (2)
Benchmark Times:
  Start:    Wed Jul  1 01:59:34 2026 (1782842374)
  Stop:     Wed Jul  1 02:01:24 2026 (1782842484)
  Elapsed:  00:01:50 (110)
  Reported: 102 699118000 102.699118
 Success 400.perlbench base ref ratio=95.13, runtime=102.699118

-----------------------------------
  Running (#3) 401.bzip2 ref base infra-baseline_O2 default
Commands to run: 
    -C /media/hahafish/Data/ForUbuntu/speccpu2006/benchspec/CPU2006/401.bzip2/run/run_base_ref_infra-baseline_O2.0000
    -o input.source.out -e input.source.err ../run_base_ref_infra-baseline_O2.0000/bzip2_base.infra-baseline_O2 input.source 280
    -o chicken.jpg.out -e chicken.jpg.err ../run_base_ref_infra-baseline_O2.0000/bzip2_base.infra-baseline_O2 chicken.jpg 30
    -o liberty.jpg.out -e liberty.jpg.err ../run_base_ref_infra-baseline_O2.0000/bzip2_base.infra-baseline_O2 liberty.jpg 30
    -o input.program.out -e input.program.err ../run_base_ref_infra-baseline_O2.0000/bzip2_base.infra-baseline_O2 input.program 280
    -o text.html.out -e text.html.err ../run_base_ref_infra-baseline_O2.0000/bzip2_base.infra-baseline_O2 text.html 280
    -o input.combined.out -e input.combined.err ../run_base_ref_infra-baseline_O2.0000/bzip2_base.infra-baseline_O2 input.combined 200
Specinvoke: /media/hahafish/Data/ForUbuntu/speccpu2006/bin/specinvoke -d /media/hahafish/Data/ForUbuntu/speccpu2006/benchspec/CPU2006/401.bzip2/run/run_base_ref_infra-baseline_O2.0000 -e speccmds.err -o speccmds.stdout -f speccmds.cmd -C
Issuing command '/media/hahafish/Data/ForUbuntu/speccpu2006/bin/specinvoke -d /media/hahafish/Data/ForUbuntu/speccpu2006/benchspec/CPU2006/401.bzip2/run/run_base_ref_infra-baseline_O2.0000 -e speccmds.err -o speccmds.stdout -f speccmds.cmd -C'
Start command: Wed Jul  1 02:01:26 2026 (1782842486)
Stop command: Wed Jul  1 02:05:01 2026 (1782842701)
Elapsed time for command: 00:03:35 (215)
Workload elapsed time (0:1) = 45.778255 seconds
Workload elapsed time (0:2) = 12.626656 seconds
Workload elapsed time (0:3) = 19.871814 seconds
Workload elapsed time (0:4) = 45.945578 seconds
Workload elapsed time (0:5) = 47.925591 seconds
Workload elapsed time (0:6) = 34.885163 seconds
copy 0 finished @ Wed Jul  1 02:04:53 2026.  Total elapsed time: 207.033057
comparing files in '/media/hahafish/Data/ForUbuntu/speccpu2006/benchspec/CPU2006/401.bzip2/run/run_base_ref_infra-baseline_O2.0000'
comparing 'chicken.jpg.out' with abstol=, binary=, calctol=0, cw=, floatcompare=, ignorecase=, obiwan=, reltol=, skipabstol=, skipobiwan=, skipreltol=, skiptol=
comparing 'input.combined.out' with abstol=, binary=, calctol=0, cw=, floatcompare=, ignorecase=, obiwan=, reltol=, skipabstol=, skipobiwan=, skipreltol=, skiptol=
comparing 'input.program.out' with abstol=, binary=, calctol=0, cw=, floatcompare=, ignorecase=, obiwan=, reltol=, skipabstol=, skipobiwan=, skipreltol=, skiptol=
comparing 'input.source.out' with abstol=, binary=, calctol=0, cw=, floatcompare=, ignorecase=, obiwan=, reltol=, skipabstol=, skipobiwan=, skipreltol=, skiptol=
comparing 'liberty.jpg.out' with abstol=, binary=, calctol=0, cw=, floatcompare=, ignorecase=, obiwan=, reltol=, skipabstol=, skipobiwan=, skipreltol=, skiptol=
comparing 'text.html.out' with abstol=, binary=, calctol=0, cw=, floatcompare=, ignorecase=, obiwan=, reltol=, skipabstol=, skipobiwan=, skipreltol=, skiptol=
Specinvoke: /media/hahafish/Data/ForUbuntu/speccpu2006/bin/specinvoke -E -d /media/hahafish/Data/ForUbuntu/speccpu2006/benchspec/CPU2006/401.bzip2/run/run_base_ref_infra-baseline_O2.0000 -c 1 -e compare.err -o compare.stdout -f compare.cmd
Issuing command '/media/hahafish/Data/ForUbuntu/speccpu2006/bin/specinvoke -E -d /media/hahafish/Data/ForUbuntu/speccpu2006/benchspec/CPU2006/401.bzip2/run/run_base_ref_infra-baseline_O2.0000 -c 1 -e compare.err -o compare.stdout -f compare.cmd'
Start command: Wed Jul  1 02:05:01 2026 (1782842701)
Stop command: Wed Jul  1 02:05:04 2026 (1782842704)
Elapsed time for command: 00:00:03 (3)
Benchmark Times:
  Start:    Wed Jul  1 02:01:26 2026 (1782842486)
  Stop:     Wed Jul  1 02:05:01 2026 (1782842701)
  Elapsed:  00:03:35 (215)
  Reported: 207 33138000 207.033138
 Success 401.bzip2 base ref ratio=46.61, runtime=207.033138

-----------------------------------
  Running (#3) 403.gcc ref base infra-baseline_O2 default
Commands to run: 
    -C /media/hahafish/Data/ForUbuntu/speccpu2006/benchspec/CPU2006/403.gcc/run/run_base_ref_infra-baseline_O2.0000
    -o 166.out -e 166.err ../run_base_ref_infra-baseline_O2.0000/gcc_base.infra-baseline_O2 166.i -o 166.s
    -o 200.out -e 200.err ../run_base_ref_infra-baseline_O2.0000/gcc_base.infra-baseline_O2 200.i -o 200.s
    -o c-typeck.out -e c-typeck.err ../run_base_ref_infra-baseline_O2.0000/gcc_base.infra-baseline_O2 c-typeck.i -o c-typeck.s
    -o cp-decl.out -e cp-decl.err ../run_base_ref_infra-baseline_O2.0000/gcc_base.infra-baseline_O2 cp-decl.i -o cp-decl.s
    -o expr.out -e expr.err ../run_base_ref_infra-baseline_O2.0000/gcc_base.infra-baseline_O2 expr.i -o expr.s
    -o expr2.out -e expr2.err ../run_base_ref_infra-baseline_O2.0000/gcc_base.infra-baseline_O2 expr2.i -o expr2.s
    -o g23.out -e g23.err ../run_base_ref_infra-baseline_O2.0000/gcc_base.infra-baseline_O2 g23.i -o g23.s
    -o s04.out -e s04.err ../run_base_ref_infra-baseline_O2.0000/gcc_base.infra-baseline_O2 s04.i -o s04.s
    -o scilab.out -e scilab.err ../run_base_ref_infra-baseline_O2.0000/gcc_base.infra-baseline_O2 scilab.i -o scilab.s
Specinvoke: /media/hahafish/Data/ForUbuntu/speccpu2006/bin/specinvoke -d /media/hahafish/Data/ForUbuntu/speccpu2006/benchspec/CPU2006/403.gcc/run/run_base_ref_infra-baseline_O2.0000 -e speccmds.err -o speccmds.stdout -f speccmds.cmd -C
Issuing command '/media/hahafish/Data/ForUbuntu/speccpu2006/bin/specinvoke -d /media/hahafish/Data/ForUbuntu/speccpu2006/benchspec/CPU2006/403.gcc/run/run_base_ref_infra-baseline_O2.0000 -e speccmds.err -o speccmds.stdout -f speccmds.cmd -C'
Start command: Wed Jul  1 02:05:04 2026 (1782842704)
Stop command: Wed Jul  1 02:06:44 2026 (1782842804)
Elapsed time for command: 00:01:40 (100)
Workload elapsed time (0:1) = 6.384805 seconds
Workload elapsed time (0:2) = 11.907836 seconds
Workload elapsed time (0:3) = 9.67006 seconds
Workload elapsed time (0:4) = 6.989829 seconds
Workload elapsed time (0:5) = 8.268747 seconds
Workload elapsed time (0:6) = 12.033925 seconds
Workload elapsed time (0:7) = 18.993525 seconds
Workload elapsed time (0:8) = 13.959381 seconds
Workload elapsed time (0:9) = 4.408744 seconds
copy 0 finished @ Wed Jul  1 02:06:36 2026.  Total elapsed time: 92.616852
comparing files in '/media/hahafish/Data/ForUbuntu/speccpu2006/benchspec/CPU2006/403.gcc/run/run_base_ref_infra-baseline_O2.0000'
comparing '166.s' with abstol=, binary=, calctol=0, cw=, floatcompare=, ignorecase=, obiwan=, reltol=, skipabstol=, skipobiwan=, skipreltol=, skiptol=
comparing '200.s' with abstol=, binary=, calctol=0, cw=, floatcompare=, ignorecase=, obiwan=, reltol=, skipabstol=, skipobiwan=, skipreltol=, skiptol=
comparing 'c-typeck.s' with abstol=, binary=, calctol=0, cw=, floatcompare=, ignorecase=, obiwan=, reltol=, skipabstol=, skipobiwan=, skipreltol=, skiptol=
comparing 'cp-decl.s' with abstol=, binary=, calctol=0, cw=, floatcompare=, ignorecase=, obiwan=, reltol=, skipabstol=, skipobiwan=, skipreltol=, skiptol=
comparing 'expr.s' with abstol=, binary=, calctol=0, cw=, floatcompare=, ignorecase=, obiwan=, reltol=, skipabstol=, skipobiwan=, skipreltol=, skiptol=
comparing 'expr2.s' with abstol=, binary=, calctol=0, cw=, floatcompare=, ignorecase=, obiwan=, reltol=, skipabstol=, skipobiwan=, skipreltol=, skiptol=
comparing 'g23.s' with abstol=, binary=, calctol=0, cw=, floatcompare=, ignorecase=, obiwan=, reltol=, skipabstol=, skipobiwan=, skipreltol=, skiptol=
comparing 's04.s' with abstol=, binary=, calctol=0, cw=, floatcompare=, ignorecase=, obiwan=, reltol=, skipabstol=, skipobiwan=, skipreltol=, skiptol=
comparing 'scilab.s' with abstol=, binary=, calctol=0, cw=, floatcompare=, ignorecase=, obiwan=, reltol=, skipabstol=, skipobiwan=, skipreltol=, skiptol=
Specinvoke: /media/hahafish/Data/ForUbuntu/speccpu2006/bin/specinvoke -E -d /media/hahafish/Data/ForUbuntu/speccpu2006/benchspec/CPU2006/403.gcc/run/run_base_ref_infra-baseline_O2.0000 -c 1 -e compare.err -o compare.stdout -f compare.cmd
Issuing command '/media/hahafish/Data/ForUbuntu/speccpu2006/bin/specinvoke -E -d /media/hahafish/Data/ForUbuntu/speccpu2006/benchspec/CPU2006/403.gcc/run/run_base_ref_infra-baseline_O2.0000 -c 1 -e compare.err -o compare.stdout -f compare.cmd'
Start command: Wed Jul  1 02:06:44 2026 (1782842804)
Stop command: Wed Jul  1 02:06:46 2026 (1782842806)
Elapsed time for command: 00:00:02 (2)
Benchmark Times:
  Start:    Wed Jul  1 02:05:04 2026 (1782842704)
  Stop:     Wed Jul  1 02:06:44 2026 (1782842804)
  Elapsed:  00:01:40 (100)
  Reported: 92 616947000 92.616947
 Success 403.gcc base ref ratio=86.92, runtime=92.616947

-----------------------------------
  Running (#3) 429.mcf ref base infra-baseline_O2 default
Commands to run: 
    -C /media/hahafish/Data/ForUbuntu/speccpu2006/benchspec/CPU2006/429.mcf/run/run_base_ref_infra-baseline_O2.0002
    -o inp.out -e inp.err ../run_base_ref_infra-baseline_O2.0002/mcf_base.infra-baseline_O2 inp.in
Specinvoke: /media/hahafish/Data/ForUbuntu/speccpu2006/bin/specinvoke -d /media/hahafish/Data/ForUbuntu/speccpu2006/benchspec/CPU2006/429.mcf/run/run_base_ref_infra-baseline_O2.0002 -e speccmds.err -o speccmds.stdout -f speccmds.cmd -C
Issuing command '/media/hahafish/Data/ForUbuntu/speccpu2006/bin/specinvoke -d /media/hahafish/Data/ForUbuntu/speccpu2006/benchspec/CPU2006/429.mcf/run/run_base_ref_infra-baseline_O2.0002 -e speccmds.err -o speccmds.stdout -f speccmds.cmd -C'
Start command: Wed Jul  1 02:06:46 2026 (1782842806)
Stop command: Wed Jul  1 02:08:50 2026 (1782842930)
Elapsed time for command: 00:02:04 (124)
Workload elapsed time (0:1) = 115.815018 seconds
copy 0 finished @ Wed Jul  1 02:08:42 2026.  Total elapsed time: 115.815018
comparing files in '/media/hahafish/Data/ForUbuntu/speccpu2006/benchspec/CPU2006/429.mcf/run/run_base_ref_infra-baseline_O2.0002'
comparing 'inp.out' with abstol=, binary=, calctol=0, cw=, floatcompare=, ignorecase=, obiwan=, reltol=, skipabstol=, skipobiwan=, skipreltol=, skiptol=
comparing 'mcf.out' with abstol=, binary=, calctol=0, cw=, floatcompare=, ignorecase=, obiwan=, reltol=, skipabstol=, skipobiwan=, skipreltol=, skiptol=
Specinvoke: /media/hahafish/Data/ForUbuntu/speccpu2006/bin/specinvoke -E -d /media/hahafish/Data/ForUbuntu/speccpu2006/benchspec/CPU2006/429.mcf/run/run_base_ref_infra-baseline_O2.0002 -c 1 -e compare.err -o compare.stdout -f compare.cmd
Issuing command '/media/hahafish/Data/ForUbuntu/speccpu2006/bin/specinvoke -E -d /media/hahafish/Data/ForUbuntu/speccpu2006/benchspec/CPU2006/429.mcf/run/run_base_ref_infra-baseline_O2.0002 -c 1 -e compare.err -o compare.stdout -f compare.cmd'
Start command: Wed Jul  1 02:08:50 2026 (1782842930)
Stop command: Wed Jul  1 02:08:52 2026 (1782842932)
Elapsed time for command: 00:00:02 (2)
Benchmark Times:
  Start:    Wed Jul  1 02:06:46 2026 (1782842806)
  Stop:     Wed Jul  1 02:08:50 2026 (1782842930)
  Elapsed:  00:02:04 (124)
  Reported: 115 815061000 115.815061
 Success 429.mcf base ref ratio=78.75, runtime=115.815061

-----------------------------------
  Running (#3) 433.milc ref base infra-baseline_O2 default
Commands to run: 
    -C /media/hahafish/Data/ForUbuntu/speccpu2006/benchspec/CPU2006/433.milc/run/run_base_ref_infra-baseline_O2.0002
    -i su3imp.in -o su3imp.out -e su3imp.err ../run_base_ref_infra-baseline_O2.0002/milc_base.infra-baseline_O2
Specinvoke: /media/hahafish/Data/ForUbuntu/speccpu2006/bin/specinvoke -d /media/hahafish/Data/ForUbuntu/speccpu2006/benchspec/CPU2006/433.milc/run/run_base_ref_infra-baseline_O2.0002 -e speccmds.err -o speccmds.stdout -f speccmds.cmd -C
Issuing command '/media/hahafish/Data/ForUbuntu/speccpu2006/bin/specinvoke -d /media/hahafish/Data/ForUbuntu/speccpu2006/benchspec/CPU2006/433.milc/run/run_base_ref_infra-baseline_O2.0002 -e speccmds.err -o speccmds.stdout -f speccmds.cmd -C'
Start command: Wed Jul  1 02:08:52 2026 (1782842932)
Stop command: Wed Jul  1 02:11:33 2026 (1782843093)
Elapsed time for command: 00:02:41 (161)
Workload elapsed time (0:1) = 152.415817 seconds
copy 0 finished @ Wed Jul  1 02:11:25 2026.  Total elapsed time: 152.415817
comparing files in '/media/hahafish/Data/ForUbuntu/speccpu2006/benchspec/CPU2006/433.milc/run/run_base_ref_infra-baseline_O2.0002'
comparing 'su3imp.out' with abstol=2e-07, binary=, calctol=0, cw=, floatcompare=, ignorecase=, obiwan=, reltol=0.0001, skipabstol=, skipobiwan=, skipreltol=, skiptol=
Specinvoke: /media/hahafish/Data/ForUbuntu/speccpu2006/bin/specinvoke -E -d /media/hahafish/Data/ForUbuntu/speccpu2006/benchspec/CPU2006/433.milc/run/run_base_ref_infra-baseline_O2.0002 -c 1 -e compare.err -o compare.stdout -f compare.cmd
Issuing command '/media/hahafish/Data/ForUbuntu/speccpu2006/bin/specinvoke -E -d /media/hahafish/Data/ForUbuntu/speccpu2006/benchspec/CPU2006/433.milc/run/run_base_ref_infra-baseline_O2.0002 -c 1 -e compare.err -o compare.stdout -f compare.cmd'
Start command: Wed Jul  1 02:11:33 2026 (1782843093)
Stop command: Wed Jul  1 02:11:35 2026 (1782843095)
Elapsed time for command: 00:00:02 (2)
Benchmark Times:
  Start:    Wed Jul  1 02:08:52 2026 (1782842932)
  Stop:     Wed Jul  1 02:11:33 2026 (1782843093)
  Elapsed:  00:02:41 (161)
  Reported: 152 415861000 152.415861
 Success 433.milc base ref ratio=60.23, runtime=152.415861

-----------------------------------
  Running (#3) 444.namd ref base infra-baseline_O2 default
Commands to run: 
    -C /media/hahafish/Data/ForUbuntu/speccpu2006/benchspec/CPU2006/444.namd/run/run_base_ref_infra-baseline_O2.0000
    -o namd.stdout -e namd.err ../run_base_ref_infra-baseline_O2.0000/namd_base.infra-baseline_O2 --input namd.input --iterations 38 --output namd.out 
Specinvoke: /media/hahafish/Data/ForUbuntu/speccpu2006/bin/specinvoke -d /media/hahafish/Data/ForUbuntu/speccpu2006/benchspec/CPU2006/444.namd/run/run_base_ref_infra-baseline_O2.0000 -e speccmds.err -o speccmds.stdout -f speccmds.cmd -C
Issuing command '/media/hahafish/Data/ForUbuntu/speccpu2006/bin/specinvoke -d /media/hahafish/Data/ForUbuntu/speccpu2006/benchspec/CPU2006/444.namd/run/run_base_ref_infra-baseline_O2.0000 -e speccmds.err -o speccmds.stdout -f speccmds.cmd -C'
Start command: Wed Jul  1 02:11:35 2026 (1782843095)
Stop command: Wed Jul  1 02:13:35 2026 (1782843215)
Elapsed time for command: 00:02:00 (120)
Workload elapsed time (0:1) = 112.646713 seconds
copy 0 finished @ Wed Jul  1 02:13:27 2026.  Total elapsed time: 112.646713
comparing files in '/media/hahafish/Data/ForUbuntu/speccpu2006/benchspec/CPU2006/444.namd/run/run_base_ref_infra-baseline_O2.0000'
comparing 'namd.out' with abstol=1e-05, binary=, calctol=0, cw=, floatcompare=, ignorecase=, obiwan=, reltol=, skipabstol=, skipobiwan=, skipreltol=, skiptol=
Specinvoke: /media/hahafish/Data/ForUbuntu/speccpu2006/bin/specinvoke -E -d /media/hahafish/Data/ForUbuntu/speccpu2006/benchspec/CPU2006/444.namd/run/run_base_ref_infra-baseline_O2.0000 -c 1 -e compare.err -o compare.stdout -f compare.cmd
Issuing command '/media/hahafish/Data/ForUbuntu/speccpu2006/bin/specinvoke -E -d /media/hahafish/Data/ForUbuntu/speccpu2006/benchspec/CPU2006/444.namd/run/run_base_ref_infra-baseline_O2.0000 -c 1 -e compare.err -o compare.stdout -f compare.cmd'
Start command: Wed Jul  1 02:13:35 2026 (1782843215)
Stop command: Wed Jul  1 02:13:37 2026 (1782843217)
Elapsed time for command: 00:00:02 (2)
Benchmark Times:
  Start:    Wed Jul  1 02:11:35 2026 (1782843095)
  Stop:     Wed Jul  1 02:13:35 2026 (1782843215)
  Elapsed:  00:02:00 (120)
  Reported: 112 646751000 112.646751
 Success 444.namd base ref ratio=71.20, runtime=112.646751

-----------------------------------
  Running (#3) 445.gobmk ref base infra-baseline_O2 default
Commands to run: 
    -C /home/hahafish/speccpu2006/benchspec/CPU2006/445.gobmk/run/run_base_ref_infra-baseline_O2.0001
    -i 13x13.tst -o 13x13.out -e 13x13.err ../run_base_ref_infra-baseline_O2.0001/gobmk_base.infra-baseline_O2 --quiet --mode gtp
    -i nngs.tst -o nngs.out -e nngs.err ../run_base_ref_infra-baseline_O2.0001/gobmk_base.infra-baseline_O2 --quiet --mode gtp
    -i score2.tst -o score2.out -e score2.err ../run_base_ref_infra-baseline_O2.0001/gobmk_base.infra-baseline_O2 --quiet --mode gtp
    -i trevorc.tst -o trevorc.out -e trevorc.err ../run_base_ref_infra-baseline_O2.0001/gobmk_base.infra-baseline_O2 --quiet --mode gtp
    -i trevord.tst -o trevord.out -e trevord.err ../run_base_ref_infra-baseline_O2.0001/gobmk_base.infra-baseline_O2 --quiet --mode gtp
Specinvoke: /media/hahafish/Data/ForUbuntu/speccpu2006/bin/specinvoke -d /home/hahafish/speccpu2006/benchspec/CPU2006/445.gobmk/run/run_base_ref_infra-baseline_O2.0001 -e speccmds.err -o speccmds.stdout -f speccmds.cmd -C
Issuing command '/media/hahafish/Data/ForUbuntu/speccpu2006/bin/specinvoke -d /home/hahafish/speccpu2006/benchspec/CPU2006/445.gobmk/run/run_base_ref_infra-baseline_O2.0001 -e speccmds.err -o speccmds.stdout -f speccmds.cmd -C'
Start command: Wed Jul  1 02:13:38 2026 (1782843218)
Stop command: Wed Jul  1 02:16:40 2026 (1782843400)
Elapsed time for command: 00:03:02 (182)
Workload elapsed time (0:1) = 24.898892 seconds
Workload elapsed time (0:2) = 62.234276 seconds
Workload elapsed time (0:3) = 31.005571 seconds
Workload elapsed time (0:4) = 24.319643 seconds
Workload elapsed time (0:5) = 31.656658 seconds
copy 0 finished @ Wed Jul  1 02:16:32 2026.  Total elapsed time: 174.11504
comparing files in '/home/hahafish/speccpu2006/benchspec/CPU2006/445.gobmk/run/run_base_ref_infra-baseline_O2.0001'
comparing '13x13.out' with abstol=, binary=, calctol=0, cw=, floatcompare=, ignorecase=, obiwan=, reltol=, skipabstol=, skipobiwan=, skipreltol=, skiptol=
comparing 'nngs.out' with abstol=, binary=, calctol=0, cw=, floatcompare=, ignorecase=, obiwan=, reltol=, skipabstol=, skipobiwan=, skipreltol=, skiptol=
comparing 'score2.out' with abstol=, binary=, calctol=0, cw=, floatcompare=, ignorecase=, obiwan=, reltol=, skipabstol=, skipobiwan=, skipreltol=, skiptol=
comparing 'trevorc.out' with abstol=, binary=, calctol=0, cw=, floatcompare=, ignorecase=, obiwan=, reltol=, skipabstol=, skipobiwan=, skipreltol=, skiptol=
comparing 'trevord.out' with abstol=, binary=, calctol=0, cw=, floatcompare=, ignorecase=, obiwan=, reltol=, skipabstol=, skipobiwan=, skipreltol=, skiptol=
Specinvoke: /media/hahafish/Data/ForUbuntu/speccpu2006/bin/specinvoke -E -d /home/hahafish/speccpu2006/benchspec/CPU2006/445.gobmk/run/run_base_ref_infra-baseline_O2.0001 -c 1 -e compare.err -o compare.stdout -f compare.cmd
Issuing command '/media/hahafish/Data/ForUbuntu/speccpu2006/bin/specinvoke -E -d /home/hahafish/speccpu2006/benchspec/CPU2006/445.gobmk/run/run_base_ref_infra-baseline_O2.0001 -c 1 -e compare.err -o compare.stdout -f compare.cmd'
Start command: Wed Jul  1 02:16:40 2026 (1782843400)
Stop command: Wed Jul  1 02:16:42 2026 (1782843402)
Elapsed time for command: 00:00:02 (2)
Benchmark Times:
  Start:    Wed Jul  1 02:13:38 2026 (1782843218)
  Stop:     Wed Jul  1 02:16:40 2026 (1782843400)
  Elapsed:  00:03:02 (182)
  Reported: 174 115104000 174.115104
 Success 445.gobmk base ref ratio=60.25, runtime=174.115104

-----------------------------------
  Running (#3) 447.dealII ref base infra-baseline_O2 default
Commands to run: 
    -C /media/hahafish/Data/ForUbuntu/speccpu2006/benchspec/CPU2006/447.dealII/run/run_base_ref_infra-baseline_O2.0000
    -o log -e dealII.err ../run_base_ref_infra-baseline_O2.0000/dealII_base.infra-baseline_O2 23
Specinvoke: /media/hahafish/Data/ForUbuntu/speccpu2006/bin/specinvoke -d /media/hahafish/Data/ForUbuntu/speccpu2006/benchspec/CPU2006/447.dealII/run/run_base_ref_infra-baseline_O2.0000 -e speccmds.err -o speccmds.stdout -f speccmds.cmd -C
Issuing command '/media/hahafish/Data/ForUbuntu/speccpu2006/bin/specinvoke -d /media/hahafish/Data/ForUbuntu/speccpu2006/benchspec/CPU2006/447.dealII/run/run_base_ref_infra-baseline_O2.0000 -e speccmds.err -o speccmds.stdout -f speccmds.cmd -C'
Start command: Wed Jul  1 02:16:42 2026 (1782843402)
Stop command: Wed Jul  1 02:18:22 2026 (1782843502)
Elapsed time for command: 00:01:40 (100)
Workload elapsed time (0:1) = 92.540727 seconds
copy 0 finished @ Wed Jul  1 02:18:14 2026.  Total elapsed time: 92.540727
comparing files in '/media/hahafish/Data/ForUbuntu/speccpu2006/benchspec/CPU2006/447.dealII/run/run_base_ref_infra-baseline_O2.0000'
comparing 'grid-0.eps' with abstol=1e-07, binary=, calctol=0, cw=, floatcompare=, ignorecase=, obiwan=, reltol=, skipabstol=, skipobiwan=, skipreltol=, skiptol=
comparing 'grid-1.eps' with abstol=1e-07, binary=, calctol=0, cw=, floatcompare=, ignorecase=, obiwan=, reltol=, skipabstol=, skipobiwan=, skipreltol=, skiptol=
comparing 'grid-2.eps' with abstol=1e-07, binary=, calctol=0, cw=, floatcompare=, ignorecase=, obiwan=, reltol=, skipabstol=, skipobiwan=, skipreltol=, skiptol=
comparing 'grid-3.eps' with abstol=1e-07, binary=, calctol=0, cw=, floatcompare=, ignorecase=, obiwan=, reltol=, skipabstol=, skipobiwan=, skipreltol=, skiptol=
comparing 'grid-4.eps' with abstol=1e-07, binary=, calctol=0, cw=, floatcompare=, ignorecase=, obiwan=, reltol=, skipabstol=, skipobiwan=, skipreltol=, skiptol=
comparing 'grid-5.eps' with abstol=1e-07, binary=, calctol=0, cw=, floatcompare=, ignorecase=, obiwan=, reltol=, skipabstol=, skipobiwan=, skipreltol=, skiptol=
comparing 'grid-6.eps' with abstol=1e-07, binary=, calctol=0, cw=, floatcompare=, ignorecase=, obiwan=, reltol=, skipabstol=, skipobiwan=, skipreltol=, skiptol=
comparing 'grid-7.eps' with abstol=1e-07, binary=, calctol=0, cw=, floatcompare=, ignorecase=, obiwan=, reltol=, skipabstol=, skipobiwan=, skipreltol=, skiptol=
comparing 'grid-8.eps' with abstol=1e-07, binary=, calctol=0, cw=, floatcompare=, ignorecase=, obiwan=, reltol=, skipabstol=, skipobiwan=, skipreltol=, skiptol=
comparing 'solution-0.gmv' with abstol=1e-07, binary=, calctol=0, cw=, floatcompare=, ignorecase=, obiwan=, reltol=, skipabstol=, skipobiwan=, skipreltol=, skiptol=
comparing 'solution-1.gmv' with abstol=1e-07, binary=, calctol=0, cw=, floatcompare=, ignorecase=, obiwan=, reltol=, skipabstol=, skipobiwan=, skipreltol=, skiptol=
comparing 'solution-2.gmv' with abstol=1e-07, binary=, calctol=0, cw=, floatcompare=, ignorecase=, obiwan=, reltol=, skipabstol=, skipobiwan=, skipreltol=, skiptol=
comparing 'solution-3.gmv' with abstol=1e-07, binary=, calctol=0, cw=, floatcompare=, ignorecase=, obiwan=, reltol=, skipabstol=, skipobiwan=, skipreltol=, skiptol=
comparing 'solution-4.gmv' with abstol=1e-07, binary=, calctol=0, cw=, floatcompare=, ignorecase=, obiwan=, reltol=, skipabstol=, skipobiwan=, skipreltol=, skiptol=
comparing 'solution-5.gmv' with abstol=1e-07, binary=, calctol=0, cw=, floatcompare=, ignorecase=, obiwan=, reltol=, skipabstol=, skipobiwan=, skipreltol=, skiptol=
comparing 'solution-6.gmv' with abstol=1e-07, binary=, calctol=0, cw=, floatcompare=, ignorecase=, obiwan=, reltol=, skipabstol=, skipobiwan=, skipreltol=, skiptol=
comparing 'solution-7.gmv' with abstol=1e-07, binary=, calctol=0, cw=, floatcompare=, ignorecase=, obiwan=, reltol=, skipabstol=, skipobiwan=, skipreltol=, skiptol=
comparing 'solution-8.gmv' with abstol=1e-07, binary=, calctol=0, cw=, floatcompare=, ignorecase=, obiwan=, reltol=, skipabstol=, skipobiwan=, skipreltol=, skiptol=
comparing 'grid-10.eps' with abstol=1e-07, binary=, calctol=0, cw=, floatcompare=, ignorecase=, obiwan=, reltol=, skipabstol=, skipobiwan=, skipreltol=, skiptol=
comparing 'grid-11.eps' with abstol=1e-07, binary=, calctol=0, cw=, floatcompare=, ignorecase=, obiwan=, reltol=, skipabstol=, skipobiwan=, skipreltol=, skiptol=
comparing 'grid-12.eps' with abstol=1e-07, binary=, calctol=0, cw=, floatcompare=, ignorecase=, obiwan=, reltol=, skipabstol=, skipobiwan=, skipreltol=, skiptol=
comparing 'grid-13.eps' with abstol=1e-07, binary=, calctol=0, cw=, floatcompare=, ignorecase=, obiwan=, reltol=, skipabstol=, skipobiwan=, skipreltol=, skiptol=
comparing 'grid-14.eps' with abstol=1e-07, binary=, calctol=0, cw=, floatcompare=, ignorecase=, obiwan=, reltol=, skipabstol=, skipobiwan=, skipreltol=, skiptol=
comparing 'grid-15.eps' with abstol=1e-07, binary=, calctol=0, cw=, floatcompare=, ignorecase=, obiwan=, reltol=, skipabstol=, skipobiwan=, skipreltol=, skiptol=
comparing 'grid-16.eps' with abstol=1e-07, binary=, calctol=0, cw=, floatcompare=, ignorecase=, obiwan=, reltol=, skipabstol=, skipobiwan=, skipreltol=, skiptol=
comparing 'grid-17.eps' with abstol=1e-07, binary=, calctol=0, cw=, floatcompare=, ignorecase=, obiwan=, reltol=, skipabstol=, skipobiwan=, skipreltol=, skiptol=
comparing 'grid-18.eps' with abstol=1e-07, binary=, calctol=0, cw=, floatcompare=, ignorecase=, obiwan=, reltol=, skipabstol=, skipobiwan=, skipreltol=, skiptol=
comparing 'grid-19.eps' with abstol=1e-07, binary=, calctol=0, cw=, floatcompare=, ignorecase=, obiwan=, reltol=, skipabstol=, skipobiwan=, skipreltol=, skiptol=
comparing 'grid-20.eps' with abstol=1e-07, binary=, calctol=0, cw=, floatcompare=, ignorecase=, obiwan=, reltol=, skipabstol=, skipobiwan=, skipreltol=, skiptol=
comparing 'grid-21.eps' with abstol=1e-07, binary=, calctol=0, cw=, floatcompare=, ignorecase=, obiwan=, reltol=, skipabstol=, skipobiwan=, skipreltol=, skiptol=
comparing 'grid-22.eps' with abstol=1e-07, binary=, calctol=0, cw=, floatcompare=, ignorecase=, obiwan=, reltol=, skipabstol=, skipobiwan=, skipreltol=, skiptol=
comparing 'grid-23.eps' with abstol=1e-07, binary=, calctol=0, cw=, floatcompare=, ignorecase=, obiwan=, reltol=, skipabstol=, skipobiwan=, skipreltol=, skiptol=
comparing 'grid-9.eps' with abstol=1e-07, binary=, calctol=0, cw=, floatcompare=, ignorecase=, obiwan=, reltol=, skipabstol=, skipobiwan=, skipreltol=, skiptol=
comparing 'log' with abstol=1e-07, binary=, calctol=0, cw=, floatcompare=, ignorecase=, obiwan=, reltol=, skipabstol=, skipobiwan=, skipreltol=, skiptol=
comparing 'solution-10.gmv' with abstol=1e-07, binary=, calctol=0, cw=, floatcompare=, ignorecase=, obiwan=, reltol=, skipabstol=, skipobiwan=, skipreltol=, skiptol=
comparing 'solution-11.gmv' with abstol=1e-07, binary=, calctol=0, cw=, floatcompare=, ignorecase=, obiwan=, reltol=, skipabstol=, skipobiwan=, skipreltol=, skiptol=
comparing 'solution-12.gmv' with abstol=1e-07, binary=, calctol=0, cw=, floatcompare=, ignorecase=, obiwan=, reltol=, skipabstol=, skipobiwan=, skipreltol=, skiptol=
comparing 'solution-13.gmv' with abstol=1e-07, binary=, calctol=0, cw=, floatcompare=, ignorecase=, obiwan=, reltol=, skipabstol=, skipobiwan=, skipreltol=, skiptol=
comparing 'solution-14.gmv' with abstol=1e-07, binary=, calctol=0, cw=, floatcompare=, ignorecase=, obiwan=, reltol=, skipabstol=, skipobiwan=, skipreltol=, skiptol=
comparing 'solution-15.gmv' with abstol=1e-07, binary=, calctol=0, cw=, floatcompare=, ignorecase=, obiwan=, reltol=, skipabstol=, skipobiwan=, skipreltol=, skiptol=
comparing 'solution-16.gmv' with abstol=1e-07, binary=, calctol=0, cw=, floatcompare=, ignorecase=, obiwan=, reltol=, skipabstol=, skipobiwan=, skipreltol=, skiptol=
comparing 'solution-17.gmv' with abstol=1e-07, binary=, calctol=0, cw=, floatcompare=, ignorecase=, obiwan=, reltol=, skipabstol=, skipobiwan=, skipreltol=, skiptol=
comparing 'solution-18.gmv' with abstol=1e-07, binary=, calctol=0, cw=, floatcompare=, ignorecase=, obiwan=, reltol=, skipabstol=, skipobiwan=, skipreltol=, skiptol=
comparing 'solution-19.gmv' with abstol=1e-07, binary=, calctol=0, cw=, floatcompare=, ignorecase=, obiwan=, reltol=, skipabstol=, skipobiwan=, skipreltol=, skiptol=
comparing 'solution-20.gmv' with abstol=1e-07, binary=, calctol=0, cw=, floatcompare=, ignorecase=, obiwan=, reltol=, skipabstol=, skipobiwan=, skipreltol=, skiptol=
comparing 'solution-21.gmv' with abstol=1e-07, binary=, calctol=0, cw=, floatcompare=, ignorecase=, obiwan=, reltol=, skipabstol=, skipobiwan=, skipreltol=, skiptol=
comparing 'solution-22.gmv' with abstol=1e-07, binary=, calctol=0, cw=, floatcompare=, ignorecase=, obiwan=, reltol=, skipabstol=, skipobiwan=, skipreltol=, skiptol=
comparing 'solution-23.gmv' with abstol=1e-07, binary=, calctol=0, cw=, floatcompare=, ignorecase=, obiwan=, reltol=, skipabstol=, skipobiwan=, skipreltol=, skiptol=
comparing 'solution-9.gmv' with abstol=1e-07, binary=, calctol=0, cw=, floatcompare=, ignorecase=, obiwan=, reltol=, skipabstol=, skipobiwan=, skipreltol=, skiptol=
Specinvoke: /media/hahafish/Data/ForUbuntu/speccpu2006/bin/specinvoke -E -d /media/hahafish/Data/ForUbuntu/speccpu2006/benchspec/CPU2006/447.dealII/run/run_base_ref_infra-baseline_O2.0000 -c 1 -e compare.err -o compare.stdout -f compare.cmd
Issuing command '/media/hahafish/Data/ForUbuntu/speccpu2006/bin/specinvoke -E -d /media/hahafish/Data/ForUbuntu/speccpu2006/benchspec/CPU2006/447.dealII/run/run_base_ref_infra-baseline_O2.0000 -c 1 -e compare.err -o compare.stdout -f compare.cmd'
Start command: Wed Jul  1 02:18:22 2026 (1782843502)
Stop command: Wed Jul  1 02:18:37 2026 (1782843517)
Elapsed time for command: 00:00:15 (15)
Benchmark Times:
  Start:    Wed Jul  1 02:16:42 2026 (1782843402)
  Stop:     Wed Jul  1 02:18:22 2026 (1782843502)
  Elapsed:  00:01:40 (100)
  Reported: 92 540772000 92.540772
 Success 447.dealII base ref ratio=123.62, runtime=92.540772

-----------------------------------
  Running (#3) 450.soplex ref base infra-baseline_O2 default
Commands to run: 
    -C /media/hahafish/Data/ForUbuntu/speccpu2006/benchspec/CPU2006/450.soplex/run/run_base_ref_infra-baseline_O2.0000
    -o pds-50.mps.out -e pds-50.mps.stderr ../run_base_ref_infra-baseline_O2.0000/soplex_base.infra-baseline_O2 -s1 -e -m45000 pds-50.mps
    -o ref.out -e ref.stderr ../run_base_ref_infra-baseline_O2.0000/soplex_base.infra-baseline_O2 -m3500 ref.mps
Specinvoke: /media/hahafish/Data/ForUbuntu/speccpu2006/bin/specinvoke -d /media/hahafish/Data/ForUbuntu/speccpu2006/benchspec/CPU2006/450.soplex/run/run_base_ref_infra-baseline_O2.0000 -e speccmds.err -o speccmds.stdout -f speccmds.cmd -C
Issuing command '/media/hahafish/Data/ForUbuntu/speccpu2006/bin/specinvoke -d /media/hahafish/Data/ForUbuntu/speccpu2006/benchspec/CPU2006/450.soplex/run/run_base_ref_infra-baseline_O2.0000 -e speccmds.err -o speccmds.stdout -f speccmds.cmd -C'
Start command: Wed Jul  1 02:18:37 2026 (1782843517)
Stop command: Wed Jul  1 02:20:23 2026 (1782843623)
Elapsed time for command: 00:01:46 (106)
Workload elapsed time (0:1) = 48.965224 seconds
Workload elapsed time (0:2) = 48.954326 seconds
copy 0 finished @ Wed Jul  1 02:20:15 2026.  Total elapsed time: 97.91955
comparing files in '/media/hahafish/Data/ForUbuntu/speccpu2006/benchspec/CPU2006/450.soplex/run/run_base_ref_infra-baseline_O2.0000'
comparing 'pds-50.mps.out' with abstol=1e-05, binary=, calctol=0, cw=, floatcompare=, ignorecase=, obiwan=1, reltol=0.02, skipabstol=, skipobiwan=, skipreltol=, skiptol=
comparing 'pds-50.mps.stderr' with abstol=20, binary=, calctol=0, cw=, floatcompare=, ignorecase=, obiwan=1, reltol=0.0001, skipabstol=, skipobiwan=, skipreltol=, skiptol=
comparing 'ref.out' with abstol=1e-05, binary=, calctol=0, cw=, floatcompare=, ignorecase=, obiwan=1, reltol=0.02, skipabstol=, skipobiwan=, skipreltol=, skiptol=
comparing 'ref.stderr' with abstol=20, binary=, calctol=0, cw=, floatcompare=, ignorecase=, obiwan=1, reltol=0.0001, skipabstol=, skipobiwan=, skipreltol=, skiptol=
Specinvoke: /media/hahafish/Data/ForUbuntu/speccpu2006/bin/specinvoke -E -d /media/hahafish/Data/ForUbuntu/speccpu2006/benchspec/CPU2006/450.soplex/run/run_base_ref_infra-baseline_O2.0000 -c 1 -e compare.err -o compare.stdout -f compare.cmd
Issuing command '/media/hahafish/Data/ForUbuntu/speccpu2006/bin/specinvoke -E -d /media/hahafish/Data/ForUbuntu/speccpu2006/benchspec/CPU2006/450.soplex/run/run_base_ref_infra-baseline_O2.0000 -c 1 -e compare.err -o compare.stdout -f compare.cmd'
Start command: Wed Jul  1 02:20:23 2026 (1782843623)
Stop command: Wed Jul  1 02:20:25 2026 (1782843625)
Elapsed time for command: 00:00:02 (2)
Error with '/media/hahafish/Data/ForUbuntu/speccpu2006/bin/specinvoke -E -d /media/hahafish/Data/ForUbuntu/speccpu2006/benchspec/CPU2006/450.soplex/run/run_base_ref_infra-baseline_O2.0000 -c 1 -e compare.err -o compare.stdout -f compare.cmd': check file '/media/hahafish/Data/ForUbuntu/speccpu2006/benchspec/CPU2006/450.soplex/run/run_base_ref_infra-baseline_O2.0000/.err'
*** Miscompare of pds-50.mps.stderr, see /media/hahafish/Data/ForUbuntu/speccpu2006/benchspec/CPU2006/450.soplex/run/run_base_ref_infra-baseline_O2.0000/pds-50.mps.stderr.mis
'pds-50.mps.stderr' long
*** Miscompare of ref.stderr, see /media/hahafish/Data/ForUbuntu/speccpu2006/benchspec/CPU2006/450.soplex/run/run_base_ref_infra-baseline_O2.0000/ref.stderr.mis
'ref.stderr' long
Benchmark Times:
  Start:    Wed Jul  1 02:18:37 2026 (1782843517)
  Stop:     Wed Jul  1 02:20:23 2026 (1782843623)
  Elapsed:  00:01:46 (106)
  Reported: 97 919600000 97.9196
 Error 450.soplex base ref ratio=85.17, runtime=97.919600

-----------------------------------
  Running (#3) 453.povray ref base infra-baseline_O2 default
Commands to run: 
    -C /media/hahafish/Data/ForUbuntu/speccpu2006/benchspec/CPU2006/453.povray/run/run_base_ref_infra-baseline_O2.0000
    -o SPEC-benchmark-ref.stdout -e SPEC-benchmark-ref.stderr ../run_base_ref_infra-baseline_O2.0000/povray_base.infra-baseline_O2 SPEC-benchmark-ref.ini
Specinvoke: /media/hahafish/Data/ForUbuntu/speccpu2006/bin/specinvoke -d /media/hahafish/Data/ForUbuntu/speccpu2006/benchspec/CPU2006/453.povray/run/run_base_ref_infra-baseline_O2.0000 -e speccmds.err -o speccmds.stdout -f speccmds.cmd -C
Issuing command '/media/hahafish/Data/ForUbuntu/speccpu2006/bin/specinvoke -d /media/hahafish/Data/ForUbuntu/speccpu2006/benchspec/CPU2006/453.povray/run/run_base_ref_infra-baseline_O2.0000 -e speccmds.err -o speccmds.stdout -f speccmds.cmd -C'
Start command: Wed Jul  1 02:20:25 2026 (1782843625)
Stop command: Wed Jul  1 02:21:10 2026 (1782843670)
Elapsed time for command: 00:00:45 (45)
Workload elapsed time (0:1) = 37.664517 seconds
copy 0 finished @ Wed Jul  1 02:21:02 2026.  Total elapsed time: 37.664517
comparing files in '/media/hahafish/Data/ForUbuntu/speccpu2006/benchspec/CPU2006/453.povray/run/run_base_ref_infra-baseline_O2.0000'
comparing 'SPEC-benchmark.log' with abstol=0, binary=, calctol=0, cw=, floatcompare=, ignorecase=, obiwan=, reltol=5e-05, skipabstol=, skipobiwan=, skipreltol=, skiptol=
comparing 'SPEC-benchmark.tga' with abstol=0, binary=1, calctol=0, cw=, floatcompare=, ignorecase=, obiwan=, reltol=5e-05, skipabstol=, skipobiwan=, skipreltol=, skiptol=50
Specinvoke: /media/hahafish/Data/ForUbuntu/speccpu2006/bin/specinvoke -E -d /media/hahafish/Data/ForUbuntu/speccpu2006/benchspec/CPU2006/453.povray/run/run_base_ref_infra-baseline_O2.0000 -c 1 -e compare.err -o compare.stdout -f compare.cmd
Issuing command '/media/hahafish/Data/ForUbuntu/speccpu2006/bin/specinvoke -E -d /media/hahafish/Data/ForUbuntu/speccpu2006/benchspec/CPU2006/453.povray/run/run_base_ref_infra-baseline_O2.0000 -c 1 -e compare.err -o compare.stdout -f compare.cmd'
Start command: Wed Jul  1 02:21:10 2026 (1782843670)
Stop command: Wed Jul  1 02:21:16 2026 (1782843676)
Elapsed time for command: 00:00:06 (6)
Benchmark Times:
  Start:    Wed Jul  1 02:20:25 2026 (1782843625)
  Stop:     Wed Jul  1 02:21:10 2026 (1782843670)
  Elapsed:  00:00:45 (45)
  Reported: 37 664552000 37.664552
 Success 453.povray base ref ratio=141.25, runtime=37.664552

-----------------------------------
  Running (#3) 456.hmmer ref base infra-baseline_O2 default
Commands to run: 
    -C /media/hahafish/Data/ForUbuntu/speccpu2006/benchspec/CPU2006/456.hmmer/run/run_base_ref_infra-baseline_O2.0002
    -o nph3.out -e nph3.err ../run_base_ref_infra-baseline_O2.0002/hmmer_base.infra-baseline_O2 nph3.hmm swiss41
    -o retro.out -e retro.err ../run_base_ref_infra-baseline_O2.0002/hmmer_base.infra-baseline_O2 --fixed 0 --mean 500 --num 500000 --sd 350 --seed 0 retro.hmm
Specinvoke: /media/hahafish/Data/ForUbuntu/speccpu2006/bin/specinvoke -d /media/hahafish/Data/ForUbuntu/speccpu2006/benchspec/CPU2006/456.hmmer/run/run_base_ref_infra-baseline_O2.0002 -e speccmds.err -o speccmds.stdout -f speccmds.cmd -C
Issuing command '/media/hahafish/Data/ForUbuntu/speccpu2006/bin/specinvoke -d /media/hahafish/Data/ForUbuntu/speccpu2006/benchspec/CPU2006/456.hmmer/run/run_base_ref_infra-baseline_O2.0002 -e speccmds.err -o speccmds.stdout -f speccmds.cmd -C'
Start command: Wed Jul  1 02:21:16 2026 (1782843676)
Stop command: Wed Jul  1 02:23:16 2026 (1782843796)
Elapsed time for command: 00:02:00 (120)
Workload elapsed time (0:1) = 34.771287 seconds
Workload elapsed time (0:2) = 77.27054 seconds
copy 0 finished @ Wed Jul  1 02:23:08 2026.  Total elapsed time: 112.041827
comparing files in '/media/hahafish/Data/ForUbuntu/speccpu2006/benchspec/CPU2006/456.hmmer/run/run_base_ref_infra-baseline_O2.0002'
comparing 'nph3.out' with abstol=1e-05, binary=, calctol=0, cw=, floatcompare=, ignorecase=, obiwan=, reltol=0.002, skipabstol=, skipobiwan=, skipreltol=, skiptol=10
comparing 'retro.out' with abstol=1e-05, binary=, calctol=0, cw=, floatcompare=, ignorecase=, obiwan=, reltol=0.002, skipabstol=, skipobiwan=, skipreltol=, skiptol=10
Specinvoke: /media/hahafish/Data/ForUbuntu/speccpu2006/bin/specinvoke -E -d /media/hahafish/Data/ForUbuntu/speccpu2006/benchspec/CPU2006/456.hmmer/run/run_base_ref_infra-baseline_O2.0002 -c 1 -e compare.err -o compare.stdout -f compare.cmd
Issuing command '/media/hahafish/Data/ForUbuntu/speccpu2006/bin/specinvoke -E -d /media/hahafish/Data/ForUbuntu/speccpu2006/benchspec/CPU2006/456.hmmer/run/run_base_ref_infra-baseline_O2.0002 -c 1 -e compare.err -o compare.stdout -f compare.cmd'
Start command: Wed Jul  1 02:23:16 2026 (1782843796)
Stop command: Wed Jul  1 02:23:18 2026 (1782843798)
Elapsed time for command: 00:00:02 (2)
Benchmark Times:
  Start:    Wed Jul  1 02:21:16 2026 (1782843676)
  Stop:     Wed Jul  1 02:23:16 2026 (1782843796)
  Elapsed:  00:02:00 (120)
  Reported: 112 41866000 112.041866
 Success 456.hmmer base ref ratio=83.27, runtime=112.041866

-----------------------------------
  Running (#3) 458.sjeng ref base infra-baseline_O2 default
Commands to run: 
    -C /media/hahafish/Data/ForUbuntu/speccpu2006/benchspec/CPU2006/458.sjeng/run/run_base_ref_infra-baseline_O2.0000
    -o ref.out -e ref.err ../run_base_ref_infra-baseline_O2.0000/sjeng_base.infra-baseline_O2 ref.txt
Specinvoke: /media/hahafish/Data/ForUbuntu/speccpu2006/bin/specinvoke -d /media/hahafish/Data/ForUbuntu/speccpu2006/benchspec/CPU2006/458.sjeng/run/run_base_ref_infra-baseline_O2.0000 -e speccmds.err -o speccmds.stdout -f speccmds.cmd -C
Issuing command '/media/hahafish/Data/ForUbuntu/speccpu2006/bin/specinvoke -d /media/hahafish/Data/ForUbuntu/speccpu2006/benchspec/CPU2006/458.sjeng/run/run_base_ref_infra-baseline_O2.0000 -e speccmds.err -o speccmds.stdout -f speccmds.cmd -C'
Start command: Wed Jul  1 02:23:18 2026 (1782843798)
Stop command: Wed Jul  1 02:27:07 2026 (1782844027)
Elapsed time for command: 00:03:49 (229)
Workload elapsed time (0:1) = 220.470825 seconds
copy 0 finished @ Wed Jul  1 02:26:59 2026.  Total elapsed time: 220.470825
comparing files in '/media/hahafish/Data/ForUbuntu/speccpu2006/benchspec/CPU2006/458.sjeng/run/run_base_ref_infra-baseline_O2.0000'
comparing 'ref.out' with abstol=, binary=, calctol=0, cw=, floatcompare=, ignorecase=, obiwan=, reltol=, skipabstol=, skipobiwan=, skipreltol=, skiptol=
Specinvoke: /media/hahafish/Data/ForUbuntu/speccpu2006/bin/specinvoke -E -d /media/hahafish/Data/ForUbuntu/speccpu2006/benchspec/CPU2006/458.sjeng/run/run_base_ref_infra-baseline_O2.0000 -c 1 -e compare.err -o compare.stdout -f compare.cmd
Issuing command '/media/hahafish/Data/ForUbuntu/speccpu2006/bin/specinvoke -E -d /media/hahafish/Data/ForUbuntu/speccpu2006/benchspec/CPU2006/458.sjeng/run/run_base_ref_infra-baseline_O2.0000 -c 1 -e compare.err -o compare.stdout -f compare.cmd'
Start command: Wed Jul  1 02:27:07 2026 (1782844027)
Stop command: Wed Jul  1 02:27:09 2026 (1782844029)
Elapsed time for command: 00:00:02 (2)
Benchmark Times:
  Start:    Wed Jul  1 02:23:18 2026 (1782843798)
  Stop:     Wed Jul  1 02:27:07 2026 (1782844027)
  Elapsed:  00:03:49 (229)
  Reported: 220 470870000 220.47087
 Success 458.sjeng base ref ratio=54.88, runtime=220.470870

-----------------------------------
  Running (#3) 462.libquantum ref base infra-baseline_O2 default
Commands to run: 
    -C /media/hahafish/Data/ForUbuntu/speccpu2006/benchspec/CPU2006/462.libquantum/run/run_base_ref_infra-baseline_O2.0002
    -o ref.out -e ref.err ../run_base_ref_infra-baseline_O2.0002/libquantum_base.infra-baseline_O2 1397 8
Specinvoke: /media/hahafish/Data/ForUbuntu/speccpu2006/bin/specinvoke -d /media/hahafish/Data/ForUbuntu/speccpu2006/benchspec/CPU2006/462.libquantum/run/run_base_ref_infra-baseline_O2.0002 -e speccmds.err -o speccmds.stdout -f speccmds.cmd -C
Issuing command '/media/hahafish/Data/ForUbuntu/speccpu2006/bin/specinvoke -d /media/hahafish/Data/ForUbuntu/speccpu2006/benchspec/CPU2006/462.libquantum/run/run_base_ref_infra-baseline_O2.0002 -e speccmds.err -o speccmds.stdout -f speccmds.cmd -C'
Start command: Wed Jul  1 02:27:09 2026 (1782844029)
Stop command: Wed Jul  1 02:30:51 2026 (1782844251)
Elapsed time for command: 00:03:42 (222)
Workload elapsed time (0:1) = 214.520263 seconds
copy 0 finished @ Wed Jul  1 02:30:43 2026.  Total elapsed time: 214.520263
comparing files in '/media/hahafish/Data/ForUbuntu/speccpu2006/benchspec/CPU2006/462.libquantum/run/run_base_ref_infra-baseline_O2.0002'
comparing 'ref.out' with abstol=, binary=, calctol=0, cw=, floatcompare=, ignorecase=, obiwan=1, reltol=, skipabstol=, skipobiwan=, skipreltol=, skiptol=
Specinvoke: /media/hahafish/Data/ForUbuntu/speccpu2006/bin/specinvoke -E -d /media/hahafish/Data/ForUbuntu/speccpu2006/benchspec/CPU2006/462.libquantum/run/run_base_ref_infra-baseline_O2.0002 -c 1 -e compare.err -o compare.stdout -f compare.cmd
Issuing command '/media/hahafish/Data/ForUbuntu/speccpu2006/bin/specinvoke -E -d /media/hahafish/Data/ForUbuntu/speccpu2006/benchspec/CPU2006/462.libquantum/run/run_base_ref_infra-baseline_O2.0002 -c 1 -e compare.err -o compare.stdout -f compare.cmd'
Start command: Wed Jul  1 02:30:51 2026 (1782844251)
Stop command: Wed Jul  1 02:30:53 2026 (1782844253)
Elapsed time for command: 00:00:02 (2)
Benchmark Times:
  Start:    Wed Jul  1 02:27:09 2026 (1782844029)
  Stop:     Wed Jul  1 02:30:51 2026 (1782844251)
  Elapsed:  00:03:42 (222)
  Reported: 214 520303000 214.520303
 Success 462.libquantum base ref ratio=96.59, runtime=214.520303

-----------------------------------
  Running (#3) 464.h264ref ref base infra-baseline_O2 default
Commands to run: 
    -C /media/hahafish/Data/ForUbuntu/speccpu2006/benchspec/CPU2006/464.h264ref/run/run_base_ref_infra-baseline_O2.0000
    -o foreman_ref_baseline_encodelog.out -e foreman_ref_baseline_encodelog.err ../run_base_ref_infra-baseline_O2.0000/h264ref_base.infra-baseline_O2 -d foreman_ref_encoder_baseline.cfg
    -o foreman_ref_main_encodelog.out -e foreman_ref_main_encodelog.err ../run_base_ref_infra-baseline_O2.0000/h264ref_base.infra-baseline_O2 -d foreman_ref_encoder_main.cfg
    -o sss_main_encodelog.out -e sss_main_encodelog.err ../run_base_ref_infra-baseline_O2.0000/h264ref_base.infra-baseline_O2 -d sss_encoder_main.cfg
Specinvoke: /media/hahafish/Data/ForUbuntu/speccpu2006/bin/specinvoke -d /media/hahafish/Data/ForUbuntu/speccpu2006/benchspec/CPU2006/464.h264ref/run/run_base_ref_infra-baseline_O2.0000 -e speccmds.err -o speccmds.stdout -f speccmds.cmd -C
Issuing command '/media/hahafish/Data/ForUbuntu/speccpu2006/bin/specinvoke -d /media/hahafish/Data/ForUbuntu/speccpu2006/benchspec/CPU2006/464.h264ref/run/run_base_ref_infra-baseline_O2.0000 -e speccmds.err -o speccmds.stdout -f speccmds.cmd -C'
Start command: Wed Jul  1 02:30:53 2026 (1782844253)
Stop command: Wed Jul  1 02:33:36 2026 (1782844416)
Elapsed time for command: 00:02:43 (163)
Workload elapsed time (0:1) = 21.152309 seconds
Workload elapsed time (0:2) = 14.030178 seconds
Workload elapsed time (0:3) = 119.274225 seconds
copy 0 finished @ Wed Jul  1 02:33:28 2026.  Total elapsed time: 154.456712
comparing files in '/media/hahafish/Data/ForUbuntu/speccpu2006/benchspec/CPU2006/464.h264ref/run/run_base_ref_infra-baseline_O2.0000'
comparing 'foreman_ref_baseline_encodelog.out' with abstol=, binary=, calctol=0, cw=1, floatcompare=1, ignorecase=, obiwan=, reltol=, skipabstol=, skipobiwan=, skipreltol=, skiptol=
comparing 'foreman_ref_baseline_leakybucketparam.cfg' with abstol=, binary=1, calctol=0, cw=1, floatcompare=1, ignorecase=, obiwan=, reltol=, skipabstol=, skipobiwan=, skipreltol=, skiptol=
comparing 'foreman_ref_main_encodelog.out' with abstol=, binary=, calctol=0, cw=1, floatcompare=1, ignorecase=, obiwan=, reltol=, skipabstol=, skipobiwan=, skipreltol=, skiptol=
comparing 'foreman_ref_main_leakybucketparam.cfg' with abstol=, binary=1, calctol=0, cw=1, floatcompare=1, ignorecase=, obiwan=, reltol=, skipabstol=, skipobiwan=, skipreltol=, skiptol=
comparing 'sss_main_encodelog.out' with abstol=, binary=, calctol=0, cw=1, floatcompare=1, ignorecase=, obiwan=, reltol=, skipabstol=, skipobiwan=, skipreltol=, skiptol=
comparing 'sss_main_leakybucketparam.cfg' with abstol=, binary=1, calctol=0, cw=1, floatcompare=1, ignorecase=, obiwan=, reltol=, skipabstol=, skipobiwan=, skipreltol=, skiptol=
Specinvoke: /media/hahafish/Data/ForUbuntu/speccpu2006/bin/specinvoke -E -d /media/hahafish/Data/ForUbuntu/speccpu2006/benchspec/CPU2006/464.h264ref/run/run_base_ref_infra-baseline_O2.0000 -c 1 -e compare.err -o compare.stdout -f compare.cmd
Issuing command '/media/hahafish/Data/ForUbuntu/speccpu2006/bin/specinvoke -E -d /media/hahafish/Data/ForUbuntu/speccpu2006/benchspec/CPU2006/464.h264ref/run/run_base_ref_infra-baseline_O2.0000 -c 1 -e compare.err -o compare.stdout -f compare.cmd'
Start command: Wed Jul  1 02:33:36 2026 (1782844416)
Stop command: Wed Jul  1 02:33:38 2026 (1782844418)
Elapsed time for command: 00:00:02 (2)
Benchmark Times:
  Start:    Wed Jul  1 02:30:53 2026 (1782844253)
  Stop:     Wed Jul  1 02:33:36 2026 (1782844416)
  Elapsed:  00:02:43 (163)
  Reported: 154 456760000 154.45676
 Success 464.h264ref base ref ratio=143.28, runtime=154.456760

-----------------------------------
  Running (#3) 470.lbm ref base infra-baseline_O2 default
Commands to run: 
    -C /media/hahafish/Data/ForUbuntu/speccpu2006/benchspec/CPU2006/470.lbm/run/run_base_ref_infra-baseline_O2.0001
    -o lbm.out -e lbm.err ../run_base_ref_infra-baseline_O2.0001/lbm_base.infra-baseline_O2 3000 reference.dat 0 0 100_100_130_ldc.of
Specinvoke: /media/hahafish/Data/ForUbuntu/speccpu2006/bin/specinvoke -d /media/hahafish/Data/ForUbuntu/speccpu2006/benchspec/CPU2006/470.lbm/run/run_base_ref_infra-baseline_O2.0001 -e speccmds.err -o speccmds.stdout -f speccmds.cmd -C
Issuing command '/media/hahafish/Data/ForUbuntu/speccpu2006/bin/specinvoke -d /media/hahafish/Data/ForUbuntu/speccpu2006/benchspec/CPU2006/470.lbm/run/run_base_ref_infra-baseline_O2.0001 -e speccmds.err -o speccmds.stdout -f speccmds.cmd -C'
Start command: Wed Jul  1 02:33:38 2026 (1782844418)
Stop command: Wed Jul  1 02:35:16 2026 (1782844516)
Elapsed time for command: 00:01:38 (98)
Workload elapsed time (0:1) = 89.934031 seconds
copy 0 finished @ Wed Jul  1 02:35:08 2026.  Total elapsed time: 89.934031
comparing files in '/media/hahafish/Data/ForUbuntu/speccpu2006/benchspec/CPU2006/470.lbm/run/run_base_ref_infra-baseline_O2.0001'
comparing 'lbm.out' with abstol=1e-07, binary=, calctol=0, cw=, floatcompare=, ignorecase=, obiwan=, reltol=, skipabstol=, skipobiwan=, skipreltol=, skiptol=
Specinvoke: /media/hahafish/Data/ForUbuntu/speccpu2006/bin/specinvoke -E -d /media/hahafish/Data/ForUbuntu/speccpu2006/benchspec/CPU2006/470.lbm/run/run_base_ref_infra-baseline_O2.0001 -c 1 -e compare.err -o compare.stdout -f compare.cmd
Issuing command '/media/hahafish/Data/ForUbuntu/speccpu2006/bin/specinvoke -E -d /media/hahafish/Data/ForUbuntu/speccpu2006/benchspec/CPU2006/470.lbm/run/run_base_ref_infra-baseline_O2.0001 -c 1 -e compare.err -o compare.stdout -f compare.cmd'
Start command: Wed Jul  1 02:35:16 2026 (1782844516)
Stop command: Wed Jul  1 02:35:18 2026 (1782844518)
Elapsed time for command: 00:00:02 (2)
Benchmark Times:
  Start:    Wed Jul  1 02:33:38 2026 (1782844418)
  Stop:     Wed Jul  1 02:35:16 2026 (1782844516)
  Elapsed:  00:01:38 (98)
  Reported: 89 934074000 89.934074
 Success 470.lbm base ref ratio=152.78, runtime=89.934074

-----------------------------------
  Running (#3) 471.omnetpp ref base infra-baseline_O2 default
Commands to run: 
    -C /media/hahafish/Data/ForUbuntu/speccpu2006/benchspec/CPU2006/471.omnetpp/run/run_base_ref_infra-baseline_O2.0000
    -o omnetpp.log -e omnetpp.err ../run_base_ref_infra-baseline_O2.0000/omnetpp_base.infra-baseline_O2 omnetpp.ini
Specinvoke: /media/hahafish/Data/ForUbuntu/speccpu2006/bin/specinvoke -d /media/hahafish/Data/ForUbuntu/speccpu2006/benchspec/CPU2006/471.omnetpp/run/run_base_ref_infra-baseline_O2.0000 -e speccmds.err -o speccmds.stdout -f speccmds.cmd -C
Issuing command '/media/hahafish/Data/ForUbuntu/speccpu2006/bin/specinvoke -d /media/hahafish/Data/ForUbuntu/speccpu2006/benchspec/CPU2006/471.omnetpp/run/run_base_ref_infra-baseline_O2.0000 -e speccmds.err -o speccmds.stdout -f speccmds.cmd -C'
Start command: Wed Jul  1 02:35:18 2026 (1782844518)
Stop command: Wed Jul  1 02:37:23 2026 (1782844643)
Elapsed time for command: 00:02:05 (125)
Workload elapsed time (0:1) = 117.506808 seconds
copy 0 finished @ Wed Jul  1 02:37:15 2026.  Total elapsed time: 117.506808
comparing files in '/media/hahafish/Data/ForUbuntu/speccpu2006/benchspec/CPU2006/471.omnetpp/run/run_base_ref_infra-baseline_O2.0000'
comparing 'omnetpp.log' with abstol=1e-06, binary=, calctol=0, cw=, floatcompare=, ignorecase=, obiwan=, reltol=1e-05, skipabstol=, skipobiwan=, skipreltol=, skiptol=
comparing 'omnetpp.sca' with abstol=1e-06, binary=, calctol=0, cw=, floatcompare=, ignorecase=, obiwan=, reltol=1e-05, skipabstol=, skipobiwan=, skipreltol=, skiptol=
Specinvoke: /media/hahafish/Data/ForUbuntu/speccpu2006/bin/specinvoke -E -d /media/hahafish/Data/ForUbuntu/speccpu2006/benchspec/CPU2006/471.omnetpp/run/run_base_ref_infra-baseline_O2.0000 -c 1 -e compare.err -o compare.stdout -f compare.cmd
Issuing command '/media/hahafish/Data/ForUbuntu/speccpu2006/bin/specinvoke -E -d /media/hahafish/Data/ForUbuntu/speccpu2006/benchspec/CPU2006/471.omnetpp/run/run_base_ref_infra-baseline_O2.0000 -c 1 -e compare.err -o compare.stdout -f compare.cmd'
Start command: Wed Jul  1 02:37:23 2026 (1782844643)
Stop command: Wed Jul  1 02:37:25 2026 (1782844645)
Elapsed time for command: 00:00:02 (2)
Benchmark Times:
  Start:    Wed Jul  1 02:35:18 2026 (1782844518)
  Stop:     Wed Jul  1 02:37:23 2026 (1782844643)
  Elapsed:  00:02:05 (125)
  Reported: 117 506850000 117.50685
 Success 471.omnetpp base ref ratio=53.19, runtime=117.506850

-----------------------------------
  Running (#3) 473.astar ref base infra-baseline_O2 default
Commands to run: 
    -C /home/hahafish/speccpu2006/benchspec/CPU2006/473.astar/run/run_base_ref_infra-baseline_O2.0001
    -o BigLakes2048.out -e BigLakes2048.err ../run_base_ref_infra-baseline_O2.0001/astar_base.infra-baseline_O2 BigLakes2048.cfg
    -o rivers.out -e rivers.err ../run_base_ref_infra-baseline_O2.0001/astar_base.infra-baseline_O2 rivers.cfg
Specinvoke: /media/hahafish/Data/ForUbuntu/speccpu2006/bin/specinvoke -d /home/hahafish/speccpu2006/benchspec/CPU2006/473.astar/run/run_base_ref_infra-baseline_O2.0001 -e speccmds.err -o speccmds.stdout -f speccmds.cmd -C
Issuing command '/media/hahafish/Data/ForUbuntu/speccpu2006/bin/specinvoke -d /home/hahafish/speccpu2006/benchspec/CPU2006/473.astar/run/run_base_ref_infra-baseline_O2.0001 -e speccmds.err -o speccmds.stdout -f speccmds.cmd -C'
Start command: Wed Jul  1 02:37:25 2026 (1782844645)
Stop command: Wed Jul  1 02:40:17 2026 (1782844817)
Elapsed time for command: 00:02:52 (172)
Workload elapsed time (0:1) = 55.003924 seconds
Workload elapsed time (0:2) = 108.394011 seconds
copy 0 finished @ Wed Jul  1 02:40:09 2026.  Total elapsed time: 163.397935
comparing files in '/home/hahafish/speccpu2006/benchspec/CPU2006/473.astar/run/run_base_ref_infra-baseline_O2.0001'
comparing 'BigLakes2048.out' with abstol=, binary=, calctol=0, cw=, floatcompare=, ignorecase=, obiwan=, reltol=0.001, skipabstol=, skipobiwan=, skipreltol=, skiptol=
comparing 'rivers.out' with abstol=, binary=, calctol=0, cw=, floatcompare=, ignorecase=, obiwan=, reltol=0.001, skipabstol=, skipobiwan=, skipreltol=, skiptol=
Specinvoke: /media/hahafish/Data/ForUbuntu/speccpu2006/bin/specinvoke -E -d /home/hahafish/speccpu2006/benchspec/CPU2006/473.astar/run/run_base_ref_infra-baseline_O2.0001 -c 1 -e compare.err -o compare.stdout -f compare.cmd
Issuing command '/media/hahafish/Data/ForUbuntu/speccpu2006/bin/specinvoke -E -d /home/hahafish/speccpu2006/benchspec/CPU2006/473.astar/run/run_base_ref_infra-baseline_O2.0001 -c 1 -e compare.err -o compare.stdout -f compare.cmd'
Start command: Wed Jul  1 02:40:17 2026 (1782844817)
Stop command: Wed Jul  1 02:40:19 2026 (1782844819)
Elapsed time for command: 00:00:02 (2)
Benchmark Times:
  Start:    Wed Jul  1 02:37:25 2026 (1782844645)
  Stop:     Wed Jul  1 02:40:17 2026 (1782844817)
  Elapsed:  00:02:52 (172)
  Reported: 163 397984000 163.397984
 Success 473.astar base ref ratio=42.96, runtime=163.397984

-----------------------------------
  Running (#3) 482.sphinx3 ref base infra-baseline_O2 default
Commands to run: 
    -C /home/hahafish/speccpu2006/benchspec/CPU2006/482.sphinx3/run/run_base_ref_infra-baseline_O2.0001
    -o an4.log -e an4.err ../run_base_ref_infra-baseline_O2.0001/sphinx_livepretend_base.infra-baseline_O2 ctlfile . args.an4
Specinvoke: /media/hahafish/Data/ForUbuntu/speccpu2006/bin/specinvoke -d /home/hahafish/speccpu2006/benchspec/CPU2006/482.sphinx3/run/run_base_ref_infra-baseline_O2.0001 -e speccmds.err -o speccmds.stdout -f speccmds.cmd -C
Issuing command '/media/hahafish/Data/ForUbuntu/speccpu2006/bin/specinvoke -d /home/hahafish/speccpu2006/benchspec/CPU2006/482.sphinx3/run/run_base_ref_infra-baseline_O2.0001 -e speccmds.err -o speccmds.stdout -f speccmds.cmd -C'
Start command: Wed Jul  1 02:40:19 2026 (1782844819)
Stop command: Wed Jul  1 02:42:59 2026 (1782844979)
Elapsed time for command: 00:02:40 (160)
Workload elapsed time (0:1) = 152.368152 seconds
copy 0 finished @ Wed Jul  1 02:42:51 2026.  Total elapsed time: 152.368152
comparing files in '/home/hahafish/speccpu2006/benchspec/CPU2006/482.sphinx3/run/run_base_ref_infra-baseline_O2.0001'
comparing 'an4.log' with abstol=, binary=, calctol=0, cw=, floatcompare=1, ignorecase=, obiwan=, reltol=0.001, skipabstol=, skipobiwan=, skipreltol=, skiptol=
comparing 'considered.out' with abstol=, binary=, calctol=0, cw=, floatcompare=1, ignorecase=, obiwan=, reltol=0.0004, skipabstol=, skipobiwan=, skipreltol=, skiptol=
comparing 'total_considered.out' with abstol=, binary=, calctol=0, cw=, floatcompare=1, ignorecase=, obiwan=, reltol=1e-06, skipabstol=, skipobiwan=, skipreltol=, skiptol=
Specinvoke: /media/hahafish/Data/ForUbuntu/speccpu2006/bin/specinvoke -E -d /home/hahafish/speccpu2006/benchspec/CPU2006/482.sphinx3/run/run_base_ref_infra-baseline_O2.0001 -c 1 -e compare.err -o compare.stdout -f compare.cmd
Issuing command '/media/hahafish/Data/ForUbuntu/speccpu2006/bin/specinvoke -E -d /home/hahafish/speccpu2006/benchspec/CPU2006/482.sphinx3/run/run_base_ref_infra-baseline_O2.0001 -c 1 -e compare.err -o compare.stdout -f compare.cmd'
Start command: Wed Jul  1 02:42:59 2026 (1782844979)
Stop command: Wed Jul  1 02:43:02 2026 (1782844982)
Elapsed time for command: 00:00:03 (3)
Benchmark Times:
  Start:    Wed Jul  1 02:40:19 2026 (1782844819)
  Stop:     Wed Jul  1 02:42:59 2026 (1782844979)
  Elapsed:  00:02:40 (160)
  Reported: 152 368190000 152.36819
 Success 482.sphinx3 base ref ratio=127.91, runtime=152.368190

-----------------------------------
  Running (#3) 483.xalancbmk ref base infra-baseline_O2 default
Commands to run: 
    -C /media/hahafish/Data/ForUbuntu/speccpu2006/benchspec/CPU2006/483.xalancbmk/run/run_base_ref_infra-baseline_O2.0000
    -o ref.out -e ref.err ../run_base_ref_infra-baseline_O2.0000/Xalan_base.infra-baseline_O2 -v t5.xml xalanc.xsl
Specinvoke: /media/hahafish/Data/ForUbuntu/speccpu2006/bin/specinvoke -d /media/hahafish/Data/ForUbuntu/speccpu2006/benchspec/CPU2006/483.xalancbmk/run/run_base_ref_infra-baseline_O2.0000 -e speccmds.err -o speccmds.stdout -f speccmds.cmd -C
Issuing command '/media/hahafish/Data/ForUbuntu/speccpu2006/bin/specinvoke -d /media/hahafish/Data/ForUbuntu/speccpu2006/benchspec/CPU2006/483.xalancbmk/run/run_base_ref_infra-baseline_O2.0000 -e speccmds.err -o speccmds.stdout -f speccmds.cmd -C'
Start command: Wed Jul  1 02:43:02 2026 (1782844982)
Stop command: Wed Jul  1 02:43:54 2026 (1782845034)
Elapsed time for command: 00:00:52 (52)
Workload elapsed time (0:1) = 44.438276 seconds
copy 0 finished @ Wed Jul  1 02:43:46 2026.  Total elapsed time: 44.438276
comparing files in '/media/hahafish/Data/ForUbuntu/speccpu2006/benchspec/CPU2006/483.xalancbmk/run/run_base_ref_infra-baseline_O2.0000'
comparing 'ref.out' with abstol=, binary=, calctol=0, cw=, floatcompare=, ignorecase=, obiwan=, reltol=, skipabstol=, skipobiwan=, skipreltol=, skiptol=
Specinvoke: /media/hahafish/Data/ForUbuntu/speccpu2006/bin/specinvoke -E -d /media/hahafish/Data/ForUbuntu/speccpu2006/benchspec/CPU2006/483.xalancbmk/run/run_base_ref_infra-baseline_O2.0000 -c 1 -e compare.err -o compare.stdout -f compare.cmd
Issuing command '/media/hahafish/Data/ForUbuntu/speccpu2006/bin/specinvoke -E -d /media/hahafish/Data/ForUbuntu/speccpu2006/benchspec/CPU2006/483.xalancbmk/run/run_base_ref_infra-baseline_O2.0000 -c 1 -e compare.err -o compare.stdout -f compare.cmd'
Start command: Wed Jul  1 02:43:54 2026 (1782845034)
Stop command: Wed Jul  1 02:43:56 2026 (1782845036)
Elapsed time for command: 00:00:02 (2)
Benchmark Times:
  Start:    Wed Jul  1 02:43:02 2026 (1782844982)
  Stop:     Wed Jul  1 02:43:54 2026 (1782845034)
  Elapsed:  00:00:52 (52)
  Reported: 44 438321000 44.438321
 Success 483.xalancbmk base ref ratio=155.27, runtime=44.438321
Error: 3x450.soplex
Success: 3x400.perlbench 3x401.bzip2 3x403.gcc 3x429.mcf 3x433.milc 3x444.namd 3x445.gobmk 3x447.dealII 3x453.povray 3x456.hmmer 3x458.sjeng 3x462.libquantum 3x464.h264ref 3x470.lbm 3x471.omnetpp 3x473.astar 3x482.sphinx3 3x483.xalancbmk
Producing Reports
mach: default
  ext: infra-baseline_O2
    size: ref
      set: int
           Flag reduction took 0.0022380s
        format: raw -> /media/hahafish/Data/ForUbuntu/speccpu2006/result/CINT2006.1860.rsf
        format: flags -> /media/hahafish/Data/ForUbuntu/speccpu2006/result/CINT2006.1860.flags.html
        format: ASCII -> /media/hahafish/Data/ForUbuntu/speccpu2006/result/CINT2006.1860.txt
        format: HTML -> /media/hahafish/Data/ForUbuntu/speccpu2006/result/CINT2006.1860.html, CINT2006.1860.gif
      set: fp
           Flag reduction took 0.0012610s
        format: raw -> /media/hahafish/Data/ForUbuntu/speccpu2006/result/CFP2006.1860.rsf
        format: flags -> /media/hahafish/Data/ForUbuntu/speccpu2006/result/CFP2006.1860.flags.html
        format: ASCII -> /media/hahafish/Data/ForUbuntu/speccpu2006/result/CFP2006.1860.txt
        format: HTML -> /media/hahafish/Data/ForUbuntu/speccpu2006/result/CFP2006.1860.html, CFP2006.1860.gif

The log for this run is in /media/hahafish/Data/ForUbuntu/speccpu2006/result/CPU2006.1860.log

runspec finished at Wed Jul  1 02:43:56 2026; 8060 total seconds elapsed
