runspec started at Wed Jul  1 08:27:41 2026 on "Ubuntu"
runspec is: /media/hahafish/Data/ForUbuntu/speccpu2006/bin/runspec
runspec: runspec --config=infra-rsan-orig_O2 --nobuild --iterations 3 --ignore_errors 400.perlbench 401.bzip2 403.gcc 429.mcf 433.milc 444.namd 445.gobmk 447.dealII 450.soplex 453.povray 456.hmmer 458.sjeng 462.libquantum 464.h264ref 470.lbm 471.omnetpp 473.astar 482.sphinx3 483.xalancbmk

Locating benchmarks...found 31 benchmarks in 12 benchsets.
Locating output formats: ASCII, config, CSV, flags, HTML, mail, PDF, PostScript, raw, Screen, Submission Check
Reading config file '/media/hahafish/Data/ForUbuntu/speccpu2006/config/infra-rsan-orig_O2.cfg'
Verbosity = 5
Action    = validate
Tune      = base
Ext       = infra-rsan-orig_O2
Size      = ref
Machine   = default
benchmarks= 400.perlbench,401.bzip2,403.gcc,429.mcf,433.milc,444.namd,445.gobmk,447.dealII,450.soplex,453.povray,456.hmmer,458.sjeng,462.libquantum,464.h264ref,470.lbm,471.omnetpp,473.astar,482.sphinx3,483.xalancbmk
outputs   = raw,flags,ASCII,HTML
username  = hahafish
Benchmarks selected: 400.perlbench, 401.bzip2, 403.gcc, 429.mcf, 433.milc, 444.namd, 445.gobmk, 447.dealII, 450.soplex, 453.povray, 456.hmmer, 458.sjeng, 462.libquantum, 464.h264ref, 470.lbm, 471.omnetpp, 473.astar, 482.sphinx3, 483.xalancbmk
Compiling Binaries

------------------------------------------------------------------------
  Up to date 400.perlbench ref base infra-rsan-orig_O2 default

------------------------------------------------------------------------
  Up to date 401.bzip2 ref base infra-rsan-orig_O2 default

------------------------------------------------------------------------
  Up to date 403.gcc ref base infra-rsan-orig_O2 default

------------------------------------------------------------------------
  Up to date 429.mcf ref base infra-rsan-orig_O2 default

------------------------------------------------------------------------
  Up to date 433.milc ref base infra-rsan-orig_O2 default

------------------------------------------------------------------------
  Up to date 444.namd ref base infra-rsan-orig_O2 default

------------------------------------------------------------------------
  Up to date 445.gobmk ref base infra-rsan-orig_O2 default

------------------------------------------------------------------------
  Up to date 447.dealII ref base infra-rsan-orig_O2 default

------------------------------------------------------------------------
  Up to date 450.soplex ref base infra-rsan-orig_O2 default

------------------------------------------------------------------------
  Up to date 453.povray ref base infra-rsan-orig_O2 default

------------------------------------------------------------------------
  Up to date 456.hmmer ref base infra-rsan-orig_O2 default

------------------------------------------------------------------------
  Up to date 458.sjeng ref base infra-rsan-orig_O2 default

------------------------------------------------------------------------
  Up to date 462.libquantum ref base infra-rsan-orig_O2 default

------------------------------------------------------------------------
  Up to date 464.h264ref ref base infra-rsan-orig_O2 default

------------------------------------------------------------------------
  Up to date 470.lbm ref base infra-rsan-orig_O2 default

------------------------------------------------------------------------
  Up to date 471.omnetpp ref base infra-rsan-orig_O2 default

------------------------------------------------------------------------
  Up to date 473.astar ref base infra-rsan-orig_O2 default

------------------------------------------------------------------------
  Up to date 482.sphinx3 ref base infra-rsan-orig_O2 default

------------------------------------------------------------------------
  Up to date 483.xalancbmk ref base infra-rsan-orig_O2 default


Parsing Flags
  Looking at 400.perlbench base infra-rsan-orig_O2 default: done
  Looking at 401.bzip2 base infra-rsan-orig_O2 default: done
  Looking at 403.gcc base infra-rsan-orig_O2 default: done
  Looking at 429.mcf base infra-rsan-orig_O2 default: done
  Looking at 433.milc base infra-rsan-orig_O2 default: done
  Looking at 444.namd base infra-rsan-orig_O2 default: done
  Looking at 445.gobmk base infra-rsan-orig_O2 default: done
  Looking at 447.dealII base infra-rsan-orig_O2 default: done
  Looking at 450.soplex base infra-rsan-orig_O2 default: done
  Looking at 453.povray base infra-rsan-orig_O2 default: done
  Looking at 456.hmmer base infra-rsan-orig_O2 default: done
  Looking at 458.sjeng base infra-rsan-orig_O2 default: done
  Looking at 462.libquantum base infra-rsan-orig_O2 default: done
  Looking at 464.h264ref base infra-rsan-orig_O2 default: done
  Looking at 470.lbm base infra-rsan-orig_O2 default: done
  Looking at 471.omnetpp base infra-rsan-orig_O2 default: done
  Looking at 473.astar base infra-rsan-orig_O2 default: done
  Looking at 482.sphinx3 base infra-rsan-orig_O2 default: done
  Looking at 483.xalancbmk base infra-rsan-orig_O2 default: done
Flag Parsing Complete

Setting Up Run Directories
  Setting up 400.perlbench ref base infra-rsan-orig_O2 default: existing (run_base_ref_infra-rsan-orig_O2.0000)
  Setting up 401.bzip2 ref base infra-rsan-orig_O2 default: 
Notice: Unusable path detected in run directory list file.
  /media/hahafish/Data/ForUbuntu/speccpu2006/benchspec/CPU2006/401.bzip2/run/list
references one or more paths which will be ignored, because they are
not subdirectories of this run directory.  This condition may be a
result of having moved your SPEC benchmark tree.  If that's what happened,
and if you don't need the old run directories, you can just remove
them, along with the list file.  (Usually it's safe to delete old
run directories, as they are automatically re-created when needed.)


created (run_base_ref_infra-rsan-orig_O2.0000)
  Setting up 403.gcc ref base infra-rsan-orig_O2 default: existing (run_base_ref_infra-rsan-orig_O2.0000)
  Setting up 429.mcf ref base infra-rsan-orig_O2 default: 
Notice: Unusable path detected in run directory list file.
  /media/hahafish/Data/ForUbuntu/speccpu2006/benchspec/CPU2006/429.mcf/run/list
references one or more paths which will be ignored, because they are
not subdirectories of this run directory.  This condition may be a
result of having moved your SPEC benchmark tree.  If that's what happened,
and if you don't need the old run directories, you can just remove
them, along with the list file.  (Usually it's safe to delete old
run directories, as they are automatically re-created when needed.)


existing (run_base_ref_infra-rsan-orig_O2.0003)
  Setting up 433.milc ref base infra-rsan-orig_O2 default: 
Notice: Unusable path detected in run directory list file.
  /media/hahafish/Data/ForUbuntu/speccpu2006/benchspec/CPU2006/433.milc/run/list
references one or more paths which will be ignored, because they are
not subdirectories of this run directory.  This condition may be a
result of having moved your SPEC benchmark tree.  If that's what happened,
and if you don't need the old run directories, you can just remove
them, along with the list file.  (Usually it's safe to delete old
run directories, as they are automatically re-created when needed.)


existing (run_base_ref_infra-rsan-orig_O2.0003)
  Setting up 444.namd ref base infra-rsan-orig_O2 default: existing (run_base_ref_infra-rsan-orig_O2.0000)
  Setting up 445.gobmk ref base infra-rsan-orig_O2 default: 
Notice: Unusable path detected in run directory list file.
  /media/hahafish/Data/ForUbuntu/speccpu2006/benchspec/CPU2006/445.gobmk/run/list
references one or more paths which will be ignored, because they are
not subdirectories of this run directory.  This condition may be a
result of having moved your SPEC benchmark tree.  If that's what happened,
and if you don't need the old run directories, you can just remove
them, along with the list file.  (Usually it's safe to delete old
run directories, as they are automatically re-created when needed.)


existing (run_base_ref_infra-rsan-orig_O2.0003)
  Setting up 447.dealII ref base infra-rsan-orig_O2 default: existing (run_base_ref_infra-rsan-orig_O2.0000)
  Setting up 450.soplex ref base infra-rsan-orig_O2 default: existing (run_base_ref_infra-rsan-orig_O2.0000)
  Setting up 453.povray ref base infra-rsan-orig_O2 default: 
Notice: Unusable path detected in run directory list file.
  /media/hahafish/Data/ForUbuntu/speccpu2006/benchspec/CPU2006/453.povray/run/list
references one or more paths which will be ignored, because they are
not subdirectories of this run directory.  This condition may be a
result of having moved your SPEC benchmark tree.  If that's what happened,
and if you don't need the old run directories, you can just remove
them, along with the list file.  (Usually it's safe to delete old
run directories, as they are automatically re-created when needed.)


created (run_base_ref_infra-rsan-orig_O2.0000)
  Setting up 456.hmmer ref base infra-rsan-orig_O2 default: 
Notice: Unusable path detected in run directory list file.
  /media/hahafish/Data/ForUbuntu/speccpu2006/benchspec/CPU2006/456.hmmer/run/list
references one or more paths which will be ignored, because they are
not subdirectories of this run directory.  This condition may be a
result of having moved your SPEC benchmark tree.  If that's what happened,
and if you don't need the old run directories, you can just remove
them, along with the list file.  (Usually it's safe to delete old
run directories, as they are automatically re-created when needed.)


existing (run_base_ref_infra-rsan-orig_O2.0003)
  Setting up 458.sjeng ref base infra-rsan-orig_O2 default: 
Notice: Unusable path detected in run directory list file.
  /media/hahafish/Data/ForUbuntu/speccpu2006/benchspec/CPU2006/458.sjeng/run/list
references one or more paths which will be ignored, because they are
not subdirectories of this run directory.  This condition may be a
result of having moved your SPEC benchmark tree.  If that's what happened,
and if you don't need the old run directories, you can just remove
them, along with the list file.  (Usually it's safe to delete old
run directories, as they are automatically re-created when needed.)


created (run_base_ref_infra-rsan-orig_O2.0000)
  Setting up 462.libquantum ref base infra-rsan-orig_O2 default: 
Notice: Unusable path detected in run directory list file.
  /media/hahafish/Data/ForUbuntu/speccpu2006/benchspec/CPU2006/462.libquantum/run/list
references one or more paths which will be ignored, because they are
not subdirectories of this run directory.  This condition may be a
result of having moved your SPEC benchmark tree.  If that's what happened,
and if you don't need the old run directories, you can just remove
them, along with the list file.  (Usually it's safe to delete old
run directories, as they are automatically re-created when needed.)


existing (run_base_ref_infra-rsan-orig_O2.0003)
  Setting up 464.h264ref ref base infra-rsan-orig_O2 default: 
Notice: Unusable path detected in run directory list file.
  /media/hahafish/Data/ForUbuntu/speccpu2006/benchspec/CPU2006/464.h264ref/run/list
references one or more paths which will be ignored, because they are
not subdirectories of this run directory.  This condition may be a
result of having moved your SPEC benchmark tree.  If that's what happened,
and if you don't need the old run directories, you can just remove
them, along with the list file.  (Usually it's safe to delete old
run directories, as they are automatically re-created when needed.)


created (run_base_ref_infra-rsan-orig_O2.0000)
  Setting up 470.lbm ref base infra-rsan-orig_O2 default: existing (run_base_ref_infra-rsan-orig_O2.0000)
  Setting up 471.omnetpp ref base infra-rsan-orig_O2 default: existing (run_base_ref_infra-rsan-orig_O2.0000)
  Setting up 473.astar ref base infra-rsan-orig_O2 default: 
Notice: Unusable path detected in run directory list file.
  /media/hahafish/Data/ForUbuntu/speccpu2006/benchspec/CPU2006/473.astar/run/list
references one or more paths which will be ignored, because they are
not subdirectories of this run directory.  This condition may be a
result of having moved your SPEC benchmark tree.  If that's what happened,
and if you don't need the old run directories, you can just remove
them, along with the list file.  (Usually it's safe to delete old
run directories, as they are automatically re-created when needed.)


existing (run_base_ref_infra-rsan-orig_O2.0003)
  Setting up 482.sphinx3 ref base infra-rsan-orig_O2 default: 
Notice: Unusable path detected in run directory list file.
  /media/hahafish/Data/ForUbuntu/speccpu2006/benchspec/CPU2006/482.sphinx3/run/list
references one or more paths which will be ignored, because they are
not subdirectories of this run directory.  This condition may be a
result of having moved your SPEC benchmark tree.  If that's what happened,
and if you don't need the old run directories, you can just remove
them, along with the list file.  (Usually it's safe to delete old
run directories, as they are automatically re-created when needed.)


existing (run_base_ref_infra-rsan-orig_O2.0003)
  Setting up 483.xalancbmk ref base infra-rsan-orig_O2 default: existing (run_base_ref_infra-rsan-orig_O2.0000)

-----------------------------------
Running Benchmarks

-----------------------------------
  Running (#1) 400.perlbench ref base infra-rsan-orig_O2 default
Commands to run: 
    -C /media/hahafish/Data/ForUbuntu/speccpu2006/benchspec/CPU2006/400.perlbench/run/run_base_ref_infra-rsan-orig_O2.0000
    -o checkspam.2500.5.25.11.150.1.1.1.1.out -e checkspam.2500.5.25.11.150.1.1.1.1.err ../run_base_ref_infra-rsan-orig_O2.0000/perlbench_base.infra-rsan-orig_O2 -I./lib checkspam.pl 2500 5 25 11 150 1 1 1 1
    -o diffmail.4.800.10.17.19.300.out -e diffmail.4.800.10.17.19.300.err ../run_base_ref_infra-rsan-orig_O2.0000/perlbench_base.infra-rsan-orig_O2 -I./lib diffmail.pl 4 800 10 17 19 300
    -o splitmail.1600.12.26.16.4500.out -e splitmail.1600.12.26.16.4500.err ../run_base_ref_infra-rsan-orig_O2.0000/perlbench_base.infra-rsan-orig_O2 -I./lib splitmail.pl 1600 12 26 16 4500
Specinvoke: /media/hahafish/Data/ForUbuntu/speccpu2006/bin/specinvoke -d /media/hahafish/Data/ForUbuntu/speccpu2006/benchspec/CPU2006/400.perlbench/run/run_base_ref_infra-rsan-orig_O2.0000 -e speccmds.err -o speccmds.stdout -f speccmds.cmd -C
Issuing command '/media/hahafish/Data/ForUbuntu/speccpu2006/bin/specinvoke -d /media/hahafish/Data/ForUbuntu/speccpu2006/benchspec/CPU2006/400.perlbench/run/run_base_ref_infra-rsan-orig_O2.0000 -e speccmds.err -o speccmds.stdout -f speccmds.cmd -C'
Start command: Wed Jul  1 08:27:45 2026 (1782865665)
Stop command: Wed Jul  1 08:31:47 2026 (1782865907)
Elapsed time for command: 00:04:02 (242)
Workload elapsed time (0:1) = 100.84164 seconds
Workload elapsed time (0:2) = 54.318869 seconds
Workload elapsed time (0:3) = 78.557821 seconds
copy 0 finished @ Wed Jul  1 08:31:39 2026.  Total elapsed time: 233.71833
comparing files in '/media/hahafish/Data/ForUbuntu/speccpu2006/benchspec/CPU2006/400.perlbench/run/run_base_ref_infra-rsan-orig_O2.0000'
comparing 'checkspam.2500.5.25.11.150.1.1.1.1.out' with abstol=, binary=, calctol=0, cw=, floatcompare=, ignorecase=, obiwan=, reltol=, skipabstol=, skipobiwan=, skipreltol=, skiptol=
comparing 'diffmail.4.800.10.17.19.300.out' with abstol=, binary=, calctol=0, cw=, floatcompare=, ignorecase=, obiwan=, reltol=, skipabstol=, skipobiwan=, skipreltol=, skiptol=
comparing 'splitmail.1600.12.26.16.4500.out' with abstol=, binary=, calctol=0, cw=, floatcompare=, ignorecase=, obiwan=, reltol=, skipabstol=, skipobiwan=, skipreltol=, skiptol=
Specinvoke: /media/hahafish/Data/ForUbuntu/speccpu2006/bin/specinvoke -E -d /media/hahafish/Data/ForUbuntu/speccpu2006/benchspec/CPU2006/400.perlbench/run/run_base_ref_infra-rsan-orig_O2.0000 -c 1 -e compare.err -o compare.stdout -f compare.cmd
Issuing command '/media/hahafish/Data/ForUbuntu/speccpu2006/bin/specinvoke -E -d /media/hahafish/Data/ForUbuntu/speccpu2006/benchspec/CPU2006/400.perlbench/run/run_base_ref_infra-rsan-orig_O2.0000 -c 1 -e compare.err -o compare.stdout -f compare.cmd'
Start command: Wed Jul  1 08:31:47 2026 (1782865907)
Stop command: Wed Jul  1 08:31:49 2026 (1782865909)
Elapsed time for command: 00:00:02 (2)
Benchmark Times:
  Start:    Wed Jul  1 08:27:45 2026 (1782865665)
  Stop:     Wed Jul  1 08:31:47 2026 (1782865907)
  Elapsed:  00:04:02 (242)
  Reported: 233 718397000 233.718397
 Success 400.perlbench base ref ratio=41.80, runtime=233.718397

-----------------------------------
  Running (#1) 401.bzip2 ref base infra-rsan-orig_O2 default
Commands to run: 
    -C /media/hahafish/Data/ForUbuntu/speccpu2006/benchspec/CPU2006/401.bzip2/run/run_base_ref_infra-rsan-orig_O2.0000
    -o input.source.out -e input.source.err ../run_base_ref_infra-rsan-orig_O2.0000/bzip2_base.infra-rsan-orig_O2 input.source 280
    -o chicken.jpg.out -e chicken.jpg.err ../run_base_ref_infra-rsan-orig_O2.0000/bzip2_base.infra-rsan-orig_O2 chicken.jpg 30
    -o liberty.jpg.out -e liberty.jpg.err ../run_base_ref_infra-rsan-orig_O2.0000/bzip2_base.infra-rsan-orig_O2 liberty.jpg 30
    -o input.program.out -e input.program.err ../run_base_ref_infra-rsan-orig_O2.0000/bzip2_base.infra-rsan-orig_O2 input.program 280
    -o text.html.out -e text.html.err ../run_base_ref_infra-rsan-orig_O2.0000/bzip2_base.infra-rsan-orig_O2 text.html 280
    -o input.combined.out -e input.combined.err ../run_base_ref_infra-rsan-orig_O2.0000/bzip2_base.infra-rsan-orig_O2 input.combined 200
Specinvoke: /media/hahafish/Data/ForUbuntu/speccpu2006/bin/specinvoke -d /media/hahafish/Data/ForUbuntu/speccpu2006/benchspec/CPU2006/401.bzip2/run/run_base_ref_infra-rsan-orig_O2.0000 -e speccmds.err -o speccmds.stdout -f speccmds.cmd -C
Issuing command '/media/hahafish/Data/ForUbuntu/speccpu2006/bin/specinvoke -d /media/hahafish/Data/ForUbuntu/speccpu2006/benchspec/CPU2006/401.bzip2/run/run_base_ref_infra-rsan-orig_O2.0000 -e speccmds.err -o speccmds.stdout -f speccmds.cmd -C'
Start command: Wed Jul  1 08:31:49 2026 (1782865909)
Stop command: Wed Jul  1 08:36:56 2026 (1782866216)
Elapsed time for command: 00:05:07 (307)
Workload elapsed time (0:1) = 60.822384 seconds
Workload elapsed time (0:2) = 18.315817 seconds
Workload elapsed time (0:3) = 30.263163 seconds
Workload elapsed time (0:4) = 63.855236 seconds
Workload elapsed time (0:5) = 78.29762 seconds
Workload elapsed time (0:6) = 46.805526 seconds
copy 0 finished @ Wed Jul  1 08:36:48 2026.  Total elapsed time: 298.359746
comparing files in '/media/hahafish/Data/ForUbuntu/speccpu2006/benchspec/CPU2006/401.bzip2/run/run_base_ref_infra-rsan-orig_O2.0000'
comparing 'chicken.jpg.out' with abstol=, binary=, calctol=0, cw=, floatcompare=, ignorecase=, obiwan=, reltol=, skipabstol=, skipobiwan=, skipreltol=, skiptol=
comparing 'input.combined.out' with abstol=, binary=, calctol=0, cw=, floatcompare=, ignorecase=, obiwan=, reltol=, skipabstol=, skipobiwan=, skipreltol=, skiptol=
comparing 'input.program.out' with abstol=, binary=, calctol=0, cw=, floatcompare=, ignorecase=, obiwan=, reltol=, skipabstol=, skipobiwan=, skipreltol=, skiptol=
comparing 'input.source.out' with abstol=, binary=, calctol=0, cw=, floatcompare=, ignorecase=, obiwan=, reltol=, skipabstol=, skipobiwan=, skipreltol=, skiptol=
comparing 'liberty.jpg.out' with abstol=, binary=, calctol=0, cw=, floatcompare=, ignorecase=, obiwan=, reltol=, skipabstol=, skipobiwan=, skipreltol=, skiptol=
comparing 'text.html.out' with abstol=, binary=, calctol=0, cw=, floatcompare=, ignorecase=, obiwan=, reltol=, skipabstol=, skipobiwan=, skipreltol=, skiptol=
Specinvoke: /media/hahafish/Data/ForUbuntu/speccpu2006/bin/specinvoke -E -d /media/hahafish/Data/ForUbuntu/speccpu2006/benchspec/CPU2006/401.bzip2/run/run_base_ref_infra-rsan-orig_O2.0000 -c 1 -e compare.err -o compare.stdout -f compare.cmd
Issuing command '/media/hahafish/Data/ForUbuntu/speccpu2006/bin/specinvoke -E -d /media/hahafish/Data/ForUbuntu/speccpu2006/benchspec/CPU2006/401.bzip2/run/run_base_ref_infra-rsan-orig_O2.0000 -c 1 -e compare.err -o compare.stdout -f compare.cmd'
Start command: Wed Jul  1 08:36:56 2026 (1782866216)
Stop command: Wed Jul  1 08:36:58 2026 (1782866218)
Elapsed time for command: 00:00:02 (2)
Benchmark Times:
  Start:    Wed Jul  1 08:31:49 2026 (1782865909)
  Stop:     Wed Jul  1 08:36:56 2026 (1782866216)
  Elapsed:  00:05:07 (307)
  Reported: 298 359830000 298.35983
 Success 401.bzip2 base ref ratio=32.34, runtime=298.359830

-----------------------------------
  Running (#1) 403.gcc ref base infra-rsan-orig_O2 default
Commands to run: 
    -C /media/hahafish/Data/ForUbuntu/speccpu2006/benchspec/CPU2006/403.gcc/run/run_base_ref_infra-rsan-orig_O2.0000
    -o 166.out -e 166.err ../run_base_ref_infra-rsan-orig_O2.0000/gcc_base.infra-rsan-orig_O2 166.i -o 166.s
    -o 200.out -e 200.err ../run_base_ref_infra-rsan-orig_O2.0000/gcc_base.infra-rsan-orig_O2 200.i -o 200.s
    -o c-typeck.out -e c-typeck.err ../run_base_ref_infra-rsan-orig_O2.0000/gcc_base.infra-rsan-orig_O2 c-typeck.i -o c-typeck.s
    -o cp-decl.out -e cp-decl.err ../run_base_ref_infra-rsan-orig_O2.0000/gcc_base.infra-rsan-orig_O2 cp-decl.i -o cp-decl.s
    -o expr.out -e expr.err ../run_base_ref_infra-rsan-orig_O2.0000/gcc_base.infra-rsan-orig_O2 expr.i -o expr.s
    -o expr2.out -e expr2.err ../run_base_ref_infra-rsan-orig_O2.0000/gcc_base.infra-rsan-orig_O2 expr2.i -o expr2.s
    -o g23.out -e g23.err ../run_base_ref_infra-rsan-orig_O2.0000/gcc_base.infra-rsan-orig_O2 g23.i -o g23.s
    -o s04.out -e s04.err ../run_base_ref_infra-rsan-orig_O2.0000/gcc_base.infra-rsan-orig_O2 s04.i -o s04.s
    -o scilab.out -e scilab.err ../run_base_ref_infra-rsan-orig_O2.0000/gcc_base.infra-rsan-orig_O2 scilab.i -o scilab.s
Specinvoke: /media/hahafish/Data/ForUbuntu/speccpu2006/bin/specinvoke -d /media/hahafish/Data/ForUbuntu/speccpu2006/benchspec/CPU2006/403.gcc/run/run_base_ref_infra-rsan-orig_O2.0000 -e speccmds.err -o speccmds.stdout -f speccmds.cmd -C
Issuing command '/media/hahafish/Data/ForUbuntu/speccpu2006/bin/specinvoke -d /media/hahafish/Data/ForUbuntu/speccpu2006/benchspec/CPU2006/403.gcc/run/run_base_ref_infra-rsan-orig_O2.0000 -e speccmds.err -o speccmds.stdout -f speccmds.cmd -C'
Start command: Wed Jul  1 08:36:58 2026 (1782866218)
Stop command: Wed Jul  1 08:42:33 2026 (1782866553)
Elapsed time for command: 00:05:35 (335)
Workload elapsed time (0:1) = 13.104504 seconds
Workload elapsed time (0:2) = 23.34729 seconds
Workload elapsed time (0:3) = 26.422516 seconds
Workload elapsed time (0:4) = 29.748602 seconds
Workload elapsed time (0:5) = 31.272556 seconds
Workload elapsed time (0:6) = 52.173194 seconds
Workload elapsed time (0:7) = 57.02015 seconds
Workload elapsed time (0:8) = 85.458759 seconds
Workload elapsed time (0:9) = 8.0917 seconds
copy 0 finished @ Wed Jul  1 08:42:25 2026.  Total elapsed time: 326.639271
comparing files in '/media/hahafish/Data/ForUbuntu/speccpu2006/benchspec/CPU2006/403.gcc/run/run_base_ref_infra-rsan-orig_O2.0000'
comparing '166.s' with abstol=, binary=, calctol=0, cw=, floatcompare=, ignorecase=, obiwan=, reltol=, skipabstol=, skipobiwan=, skipreltol=, skiptol=
comparing '200.s' with abstol=, binary=, calctol=0, cw=, floatcompare=, ignorecase=, obiwan=, reltol=, skipabstol=, skipobiwan=, skipreltol=, skiptol=
comparing 'c-typeck.s' with abstol=, binary=, calctol=0, cw=, floatcompare=, ignorecase=, obiwan=, reltol=, skipabstol=, skipobiwan=, skipreltol=, skiptol=
comparing 'cp-decl.s' with abstol=, binary=, calctol=0, cw=, floatcompare=, ignorecase=, obiwan=, reltol=, skipabstol=, skipobiwan=, skipreltol=, skiptol=
comparing 'expr.s' with abstol=, binary=, calctol=0, cw=, floatcompare=, ignorecase=, obiwan=, reltol=, skipabstol=, skipobiwan=, skipreltol=, skiptol=
comparing 'expr2.s' with abstol=, binary=, calctol=0, cw=, floatcompare=, ignorecase=, obiwan=, reltol=, skipabstol=, skipobiwan=, skipreltol=, skiptol=
comparing 'g23.s' with abstol=, binary=, calctol=0, cw=, floatcompare=, ignorecase=, obiwan=, reltol=, skipabstol=, skipobiwan=, skipreltol=, skiptol=
comparing 's04.s' with abstol=, binary=, calctol=0, cw=, floatcompare=, ignorecase=, obiwan=, reltol=, skipabstol=, skipobiwan=, skipreltol=, skiptol=
comparing 'scilab.s' with abstol=, binary=, calctol=0, cw=, floatcompare=, ignorecase=, obiwan=, reltol=, skipabstol=, skipobiwan=, skipreltol=, skiptol=
Specinvoke: /media/hahafish/Data/ForUbuntu/speccpu2006/bin/specinvoke -E -d /media/hahafish/Data/ForUbuntu/speccpu2006/benchspec/CPU2006/403.gcc/run/run_base_ref_infra-rsan-orig_O2.0000 -c 1 -e compare.err -o compare.stdout -f compare.cmd
Issuing command '/media/hahafish/Data/ForUbuntu/speccpu2006/bin/specinvoke -E -d /media/hahafish/Data/ForUbuntu/speccpu2006/benchspec/CPU2006/403.gcc/run/run_base_ref_infra-rsan-orig_O2.0000 -c 1 -e compare.err -o compare.stdout -f compare.cmd'
Start command: Wed Jul  1 08:42:33 2026 (1782866553)
Stop command: Wed Jul  1 08:42:35 2026 (1782866555)
Elapsed time for command: 00:00:02 (2)
Benchmark Times:
  Start:    Wed Jul  1 08:36:58 2026 (1782866218)
  Stop:     Wed Jul  1 08:42:33 2026 (1782866553)
  Elapsed:  00:05:35 (335)
  Reported: 326 639391000 326.639391
 Success 403.gcc base ref ratio=24.64, runtime=326.639391

-----------------------------------
  Running (#1) 429.mcf ref base infra-rsan-orig_O2 default
Commands to run: 
    -C /home/hahafish/speccpu2006/benchspec/CPU2006/429.mcf/run/run_base_ref_infra-rsan-orig_O2.0003
    -o inp.out -e inp.err ../run_base_ref_infra-rsan-orig_O2.0003/mcf_base.infra-rsan-orig_O2 inp.in
Specinvoke: /media/hahafish/Data/ForUbuntu/speccpu2006/bin/specinvoke -d /home/hahafish/speccpu2006/benchspec/CPU2006/429.mcf/run/run_base_ref_infra-rsan-orig_O2.0003 -e speccmds.err -o speccmds.stdout -f speccmds.cmd -C
Issuing command '/media/hahafish/Data/ForUbuntu/speccpu2006/bin/specinvoke -d /home/hahafish/speccpu2006/benchspec/CPU2006/429.mcf/run/run_base_ref_infra-rsan-orig_O2.0003 -e speccmds.err -o speccmds.stdout -f speccmds.cmd -C'
Start command: Wed Jul  1 08:42:35 2026 (1782866555)
Stop command: Wed Jul  1 08:45:58 2026 (1782866758)
Elapsed time for command: 00:03:23 (203)
Workload elapsed time (0:1) = 194.756394 seconds
copy 0 finished @ Wed Jul  1 08:45:50 2026.  Total elapsed time: 194.756394
comparing files in '/home/hahafish/speccpu2006/benchspec/CPU2006/429.mcf/run/run_base_ref_infra-rsan-orig_O2.0003'
comparing 'inp.out' with abstol=, binary=, calctol=0, cw=, floatcompare=, ignorecase=, obiwan=, reltol=, skipabstol=, skipobiwan=, skipreltol=, skiptol=
comparing 'mcf.out' with abstol=, binary=, calctol=0, cw=, floatcompare=, ignorecase=, obiwan=, reltol=, skipabstol=, skipobiwan=, skipreltol=, skiptol=
Specinvoke: /media/hahafish/Data/ForUbuntu/speccpu2006/bin/specinvoke -E -d /home/hahafish/speccpu2006/benchspec/CPU2006/429.mcf/run/run_base_ref_infra-rsan-orig_O2.0003 -c 1 -e compare.err -o compare.stdout -f compare.cmd
Issuing command '/media/hahafish/Data/ForUbuntu/speccpu2006/bin/specinvoke -E -d /home/hahafish/speccpu2006/benchspec/CPU2006/429.mcf/run/run_base_ref_infra-rsan-orig_O2.0003 -c 1 -e compare.err -o compare.stdout -f compare.cmd'
Start command: Wed Jul  1 08:45:58 2026 (1782866758)
Stop command: Wed Jul  1 08:46:00 2026 (1782866760)
Elapsed time for command: 00:00:02 (2)
Benchmark Times:
  Start:    Wed Jul  1 08:42:35 2026 (1782866555)
  Stop:     Wed Jul  1 08:45:58 2026 (1782866758)
  Elapsed:  00:03:23 (203)
  Reported: 194 756439000 194.756439
 Success 429.mcf base ref ratio=46.83, runtime=194.756439

-----------------------------------
  Running (#1) 433.milc ref base infra-rsan-orig_O2 default
Commands to run: 
    -C /home/hahafish/speccpu2006/benchspec/CPU2006/433.milc/run/run_base_ref_infra-rsan-orig_O2.0003
    -i su3imp.in -o su3imp.out -e su3imp.err ../run_base_ref_infra-rsan-orig_O2.0003/milc_base.infra-rsan-orig_O2
Specinvoke: /media/hahafish/Data/ForUbuntu/speccpu2006/bin/specinvoke -d /home/hahafish/speccpu2006/benchspec/CPU2006/433.milc/run/run_base_ref_infra-rsan-orig_O2.0003 -e speccmds.err -o speccmds.stdout -f speccmds.cmd -C
Issuing command '/media/hahafish/Data/ForUbuntu/speccpu2006/bin/specinvoke -d /home/hahafish/speccpu2006/benchspec/CPU2006/433.milc/run/run_base_ref_infra-rsan-orig_O2.0003 -e speccmds.err -o speccmds.stdout -f speccmds.cmd -C'
Start command: Wed Jul  1 08:46:00 2026 (1782866760)
Stop command: Wed Jul  1 08:49:02 2026 (1782866942)
Elapsed time for command: 00:03:02 (182)
Workload elapsed time (0:1) = 174.325196 seconds
copy 0 finished @ Wed Jul  1 08:48:54 2026.  Total elapsed time: 174.325196
comparing files in '/home/hahafish/speccpu2006/benchspec/CPU2006/433.milc/run/run_base_ref_infra-rsan-orig_O2.0003'
comparing 'su3imp.out' with abstol=2e-07, binary=, calctol=0, cw=, floatcompare=, ignorecase=, obiwan=, reltol=0.0001, skipabstol=, skipobiwan=, skipreltol=, skiptol=
Specinvoke: /media/hahafish/Data/ForUbuntu/speccpu2006/bin/specinvoke -E -d /home/hahafish/speccpu2006/benchspec/CPU2006/433.milc/run/run_base_ref_infra-rsan-orig_O2.0003 -c 1 -e compare.err -o compare.stdout -f compare.cmd
Issuing command '/media/hahafish/Data/ForUbuntu/speccpu2006/bin/specinvoke -E -d /home/hahafish/speccpu2006/benchspec/CPU2006/433.milc/run/run_base_ref_infra-rsan-orig_O2.0003 -c 1 -e compare.err -o compare.stdout -f compare.cmd'
Start command: Wed Jul  1 08:49:02 2026 (1782866942)
Stop command: Wed Jul  1 08:49:04 2026 (1782866944)
Elapsed time for command: 00:00:02 (2)
Benchmark Times:
  Start:    Wed Jul  1 08:46:00 2026 (1782866760)
  Stop:     Wed Jul  1 08:49:02 2026 (1782866942)
  Elapsed:  00:03:02 (182)
  Reported: 174 325241000 174.325241
 Success 433.milc base ref ratio=52.66, runtime=174.325241

-----------------------------------
  Running (#1) 444.namd ref base infra-rsan-orig_O2 default
Commands to run: 
    -C /media/hahafish/Data/ForUbuntu/speccpu2006/benchspec/CPU2006/444.namd/run/run_base_ref_infra-rsan-orig_O2.0000
    -o namd.stdout -e namd.err ../run_base_ref_infra-rsan-orig_O2.0000/namd_base.infra-rsan-orig_O2 --input namd.input --iterations 38 --output namd.out 
Specinvoke: /media/hahafish/Data/ForUbuntu/speccpu2006/bin/specinvoke -d /media/hahafish/Data/ForUbuntu/speccpu2006/benchspec/CPU2006/444.namd/run/run_base_ref_infra-rsan-orig_O2.0000 -e speccmds.err -o speccmds.stdout -f speccmds.cmd -C
Issuing command '/media/hahafish/Data/ForUbuntu/speccpu2006/bin/specinvoke -d /media/hahafish/Data/ForUbuntu/speccpu2006/benchspec/CPU2006/444.namd/run/run_base_ref_infra-rsan-orig_O2.0000 -e speccmds.err -o speccmds.stdout -f speccmds.cmd -C'
Start command: Wed Jul  1 08:49:04 2026 (1782866944)
Stop command: Wed Jul  1 08:51:42 2026 (1782867102)
Elapsed time for command: 00:02:38 (158)
Workload elapsed time (0:1) = 149.821098 seconds
copy 0 finished @ Wed Jul  1 08:51:34 2026.  Total elapsed time: 149.821098
comparing files in '/media/hahafish/Data/ForUbuntu/speccpu2006/benchspec/CPU2006/444.namd/run/run_base_ref_infra-rsan-orig_O2.0000'
comparing 'namd.out' with abstol=1e-05, binary=, calctol=0, cw=, floatcompare=, ignorecase=, obiwan=, reltol=, skipabstol=, skipobiwan=, skipreltol=, skiptol=
Specinvoke: /media/hahafish/Data/ForUbuntu/speccpu2006/bin/specinvoke -E -d /media/hahafish/Data/ForUbuntu/speccpu2006/benchspec/CPU2006/444.namd/run/run_base_ref_infra-rsan-orig_O2.0000 -c 1 -e compare.err -o compare.stdout -f compare.cmd
Issuing command '/media/hahafish/Data/ForUbuntu/speccpu2006/bin/specinvoke -E -d /media/hahafish/Data/ForUbuntu/speccpu2006/benchspec/CPU2006/444.namd/run/run_base_ref_infra-rsan-orig_O2.0000 -c 1 -e compare.err -o compare.stdout -f compare.cmd'
Start command: Wed Jul  1 08:51:42 2026 (1782867102)
Stop command: Wed Jul  1 08:51:44 2026 (1782867104)
Elapsed time for command: 00:00:02 (2)
Benchmark Times:
  Start:    Wed Jul  1 08:49:04 2026 (1782866944)
  Stop:     Wed Jul  1 08:51:42 2026 (1782867102)
  Elapsed:  00:02:38 (158)
  Reported: 149 821139000 149.821139
 Success 444.namd base ref ratio=53.53, runtime=149.821139

-----------------------------------
  Running (#1) 445.gobmk ref base infra-rsan-orig_O2 default
Commands to run: 
    -C /home/hahafish/speccpu2006/benchspec/CPU2006/445.gobmk/run/run_base_ref_infra-rsan-orig_O2.0003
    -i 13x13.tst -o 13x13.out -e 13x13.err ../run_base_ref_infra-rsan-orig_O2.0003/gobmk_base.infra-rsan-orig_O2 --quiet --mode gtp
    -i nngs.tst -o nngs.out -e nngs.err ../run_base_ref_infra-rsan-orig_O2.0003/gobmk_base.infra-rsan-orig_O2 --quiet --mode gtp
    -i score2.tst -o score2.out -e score2.err ../run_base_ref_infra-rsan-orig_O2.0003/gobmk_base.infra-rsan-orig_O2 --quiet --mode gtp
    -i trevorc.tst -o trevorc.out -e trevorc.err ../run_base_ref_infra-rsan-orig_O2.0003/gobmk_base.infra-rsan-orig_O2 --quiet --mode gtp
    -i trevord.tst -o trevord.out -e trevord.err ../run_base_ref_infra-rsan-orig_O2.0003/gobmk_base.infra-rsan-orig_O2 --quiet --mode gtp
Specinvoke: /media/hahafish/Data/ForUbuntu/speccpu2006/bin/specinvoke -d /home/hahafish/speccpu2006/benchspec/CPU2006/445.gobmk/run/run_base_ref_infra-rsan-orig_O2.0003 -e speccmds.err -o speccmds.stdout -f speccmds.cmd -C
Issuing command '/media/hahafish/Data/ForUbuntu/speccpu2006/bin/specinvoke -d /home/hahafish/speccpu2006/benchspec/CPU2006/445.gobmk/run/run_base_ref_infra-rsan-orig_O2.0003 -e speccmds.err -o speccmds.stdout -f speccmds.cmd -C'
Start command: Wed Jul  1 08:51:44 2026 (1782867104)
Stop command: Wed Jul  1 08:56:09 2026 (1782867369)
Elapsed time for command: 00:04:25 (265)
Workload elapsed time (0:1) = 36.356686 seconds
Workload elapsed time (0:2) = 91.890269 seconds
Workload elapsed time (0:3) = 45.92001 seconds
Workload elapsed time (0:4) = 36.262698 seconds
Workload elapsed time (0:5) = 46.217327 seconds
copy 0 finished @ Wed Jul  1 08:56:01 2026.  Total elapsed time: 256.64699
comparing files in '/home/hahafish/speccpu2006/benchspec/CPU2006/445.gobmk/run/run_base_ref_infra-rsan-orig_O2.0003'
comparing '13x13.out' with abstol=, binary=, calctol=0, cw=, floatcompare=, ignorecase=, obiwan=, reltol=, skipabstol=, skipobiwan=, skipreltol=, skiptol=
comparing 'nngs.out' with abstol=, binary=, calctol=0, cw=, floatcompare=, ignorecase=, obiwan=, reltol=, skipabstol=, skipobiwan=, skipreltol=, skiptol=
comparing 'score2.out' with abstol=, binary=, calctol=0, cw=, floatcompare=, ignorecase=, obiwan=, reltol=, skipabstol=, skipobiwan=, skipreltol=, skiptol=
comparing 'trevorc.out' with abstol=, binary=, calctol=0, cw=, floatcompare=, ignorecase=, obiwan=, reltol=, skipabstol=, skipobiwan=, skipreltol=, skiptol=
comparing 'trevord.out' with abstol=, binary=, calctol=0, cw=, floatcompare=, ignorecase=, obiwan=, reltol=, skipabstol=, skipobiwan=, skipreltol=, skiptol=
Specinvoke: /media/hahafish/Data/ForUbuntu/speccpu2006/bin/specinvoke -E -d /home/hahafish/speccpu2006/benchspec/CPU2006/445.gobmk/run/run_base_ref_infra-rsan-orig_O2.0003 -c 1 -e compare.err -o compare.stdout -f compare.cmd
Issuing command '/media/hahafish/Data/ForUbuntu/speccpu2006/bin/specinvoke -E -d /home/hahafish/speccpu2006/benchspec/CPU2006/445.gobmk/run/run_base_ref_infra-rsan-orig_O2.0003 -c 1 -e compare.err -o compare.stdout -f compare.cmd'
Start command: Wed Jul  1 08:56:09 2026 (1782867369)
Stop command: Wed Jul  1 08:56:11 2026 (1782867371)
Elapsed time for command: 00:00:02 (2)
Benchmark Times:
  Start:    Wed Jul  1 08:51:44 2026 (1782867104)
  Stop:     Wed Jul  1 08:56:09 2026 (1782867369)
  Elapsed:  00:04:25 (265)
  Reported: 256 647058000 256.647058
 Success 445.gobmk base ref ratio=40.87, runtime=256.647058

-----------------------------------
  Running (#1) 447.dealII ref base infra-rsan-orig_O2 default
Commands to run: 
    -C /media/hahafish/Data/ForUbuntu/speccpu2006/benchspec/CPU2006/447.dealII/run/run_base_ref_infra-rsan-orig_O2.0000
    -o log -e dealII.err ../run_base_ref_infra-rsan-orig_O2.0000/dealII_base.infra-rsan-orig_O2 23
Specinvoke: /media/hahafish/Data/ForUbuntu/speccpu2006/bin/specinvoke -d /media/hahafish/Data/ForUbuntu/speccpu2006/benchspec/CPU2006/447.dealII/run/run_base_ref_infra-rsan-orig_O2.0000 -e speccmds.err -o speccmds.stdout -f speccmds.cmd -C
Issuing command '/media/hahafish/Data/ForUbuntu/speccpu2006/bin/specinvoke -d /media/hahafish/Data/ForUbuntu/speccpu2006/benchspec/CPU2006/447.dealII/run/run_base_ref_infra-rsan-orig_O2.0000 -e speccmds.err -o speccmds.stdout -f speccmds.cmd -C'
Start command: Wed Jul  1 08:56:11 2026 (1782867371)
Stop command: Wed Jul  1 08:58:33 2026 (1782867513)
Elapsed time for command: 00:02:22 (142)
Workload elapsed time (0:1) = 134.054156 seconds
copy 0 finished @ Wed Jul  1 08:58:25 2026.  Total elapsed time: 134.054156
comparing files in '/media/hahafish/Data/ForUbuntu/speccpu2006/benchspec/CPU2006/447.dealII/run/run_base_ref_infra-rsan-orig_O2.0000'
comparing 'grid-0.eps' with abstol=1e-07, binary=, calctol=0, cw=, floatcompare=, ignorecase=, obiwan=, reltol=, skipabstol=, skipobiwan=, skipreltol=, skiptol=
comparing 'grid-1.eps' with abstol=1e-07, binary=, calctol=0, cw=, floatcompare=, ignorecase=, obiwan=, reltol=, skipabstol=, skipobiwan=, skipreltol=, skiptol=
comparing 'grid-2.eps' with abstol=1e-07, binary=, calctol=0, cw=, floatcompare=, ignorecase=, obiwan=, reltol=, skipabstol=, skipobiwan=, skipreltol=, skiptol=
comparing 'grid-3.eps' with abstol=1e-07, binary=, calctol=0, cw=, floatcompare=, ignorecase=, obiwan=, reltol=, skipabstol=, skipobiwan=, skipreltol=, skiptol=
comparing 'grid-4.eps' with abstol=1e-07, binary=, calctol=0, cw=, floatcompare=, ignorecase=, obiwan=, reltol=, skipabstol=, skipobiwan=, skipreltol=, skiptol=
comparing 'grid-5.eps' with abstol=1e-07, binary=, calctol=0, cw=, floatcompare=, ignorecase=, obiwan=, reltol=, skipabstol=, skipobiwan=, skipreltol=, skiptol=
comparing 'grid-6.eps' with abstol=1e-07, binary=, calctol=0, cw=, floatcompare=, ignorecase=, obiwan=, reltol=, skipabstol=, skipobiwan=, skipreltol=, skiptol=
comparing 'grid-7.eps' with abstol=1e-07, binary=, calctol=0, cw=, floatcompare=, ignorecase=, obiwan=, reltol=, skipabstol=, skipobiwan=, skipreltol=, skiptol=
comparing 'grid-8.eps' with abstol=1e-07, binary=, calctol=0, cw=, floatcompare=, ignorecase=, obiwan=, reltol=, skipabstol=, skipobiwan=, skipreltol=, skiptol=
comparing 'solution-0.gmv' with abstol=1e-07, binary=, calctol=0, cw=, floatcompare=, ignorecase=, obiwan=, reltol=, skipabstol=, skipobiwan=, skipreltol=, skiptol=
comparing 'solution-1.gmv' with abstol=1e-07, binary=, calctol=0, cw=, floatcompare=, ignorecase=, obiwan=, reltol=, skipabstol=, skipobiwan=, skipreltol=, skiptol=
comparing 'solution-2.gmv' with abstol=1e-07, binary=, calctol=0, cw=, floatcompare=, ignorecase=, obiwan=, reltol=, skipabstol=, skipobiwan=, skipreltol=, skiptol=
comparing 'solution-3.gmv' with abstol=1e-07, binary=, calctol=0, cw=, floatcompare=, ignorecase=, obiwan=, reltol=, skipabstol=, skipobiwan=, skipreltol=, skiptol=
comparing 'solution-4.gmv' with abstol=1e-07, binary=, calctol=0, cw=, floatcompare=, ignorecase=, obiwan=, reltol=, skipabstol=, skipobiwan=, skipreltol=, skiptol=
comparing 'solution-5.gmv' with abstol=1e-07, binary=, calctol=0, cw=, floatcompare=, ignorecase=, obiwan=, reltol=, skipabstol=, skipobiwan=, skipreltol=, skiptol=
comparing 'solution-6.gmv' with abstol=1e-07, binary=, calctol=0, cw=, floatcompare=, ignorecase=, obiwan=, reltol=, skipabstol=, skipobiwan=, skipreltol=, skiptol=
comparing 'solution-7.gmv' with abstol=1e-07, binary=, calctol=0, cw=, floatcompare=, ignorecase=, obiwan=, reltol=, skipabstol=, skipobiwan=, skipreltol=, skiptol=
comparing 'solution-8.gmv' with abstol=1e-07, binary=, calctol=0, cw=, floatcompare=, ignorecase=, obiwan=, reltol=, skipabstol=, skipobiwan=, skipreltol=, skiptol=
comparing 'grid-10.eps' with abstol=1e-07, binary=, calctol=0, cw=, floatcompare=, ignorecase=, obiwan=, reltol=, skipabstol=, skipobiwan=, skipreltol=, skiptol=
comparing 'grid-11.eps' with abstol=1e-07, binary=, calctol=0, cw=, floatcompare=, ignorecase=, obiwan=, reltol=, skipabstol=, skipobiwan=, skipreltol=, skiptol=
comparing 'grid-12.eps' with abstol=1e-07, binary=, calctol=0, cw=, floatcompare=, ignorecase=, obiwan=, reltol=, skipabstol=, skipobiwan=, skipreltol=, skiptol=
comparing 'grid-13.eps' with abstol=1e-07, binary=, calctol=0, cw=, floatcompare=, ignorecase=, obiwan=, reltol=, skipabstol=, skipobiwan=, skipreltol=, skiptol=
comparing 'grid-14.eps' with abstol=1e-07, binary=, calctol=0, cw=, floatcompare=, ignorecase=, obiwan=, reltol=, skipabstol=, skipobiwan=, skipreltol=, skiptol=
comparing 'grid-15.eps' with abstol=1e-07, binary=, calctol=0, cw=, floatcompare=, ignorecase=, obiwan=, reltol=, skipabstol=, skipobiwan=, skipreltol=, skiptol=
comparing 'grid-16.eps' with abstol=1e-07, binary=, calctol=0, cw=, floatcompare=, ignorecase=, obiwan=, reltol=, skipabstol=, skipobiwan=, skipreltol=, skiptol=
comparing 'grid-17.eps' with abstol=1e-07, binary=, calctol=0, cw=, floatcompare=, ignorecase=, obiwan=, reltol=, skipabstol=, skipobiwan=, skipreltol=, skiptol=
comparing 'grid-18.eps' with abstol=1e-07, binary=, calctol=0, cw=, floatcompare=, ignorecase=, obiwan=, reltol=, skipabstol=, skipobiwan=, skipreltol=, skiptol=
comparing 'grid-19.eps' with abstol=1e-07, binary=, calctol=0, cw=, floatcompare=, ignorecase=, obiwan=, reltol=, skipabstol=, skipobiwan=, skipreltol=, skiptol=
comparing 'grid-20.eps' with abstol=1e-07, binary=, calctol=0, cw=, floatcompare=, ignorecase=, obiwan=, reltol=, skipabstol=, skipobiwan=, skipreltol=, skiptol=
comparing 'grid-21.eps' with abstol=1e-07, binary=, calctol=0, cw=, floatcompare=, ignorecase=, obiwan=, reltol=, skipabstol=, skipobiwan=, skipreltol=, skiptol=
comparing 'grid-22.eps' with abstol=1e-07, binary=, calctol=0, cw=, floatcompare=, ignorecase=, obiwan=, reltol=, skipabstol=, skipobiwan=, skipreltol=, skiptol=
comparing 'grid-23.eps' with abstol=1e-07, binary=, calctol=0, cw=, floatcompare=, ignorecase=, obiwan=, reltol=, skipabstol=, skipobiwan=, skipreltol=, skiptol=
comparing 'grid-9.eps' with abstol=1e-07, binary=, calctol=0, cw=, floatcompare=, ignorecase=, obiwan=, reltol=, skipabstol=, skipobiwan=, skipreltol=, skiptol=
comparing 'log' with abstol=1e-07, binary=, calctol=0, cw=, floatcompare=, ignorecase=, obiwan=, reltol=, skipabstol=, skipobiwan=, skipreltol=, skiptol=
comparing 'solution-10.gmv' with abstol=1e-07, binary=, calctol=0, cw=, floatcompare=, ignorecase=, obiwan=, reltol=, skipabstol=, skipobiwan=, skipreltol=, skiptol=
comparing 'solution-11.gmv' with abstol=1e-07, binary=, calctol=0, cw=, floatcompare=, ignorecase=, obiwan=, reltol=, skipabstol=, skipobiwan=, skipreltol=, skiptol=
comparing 'solution-12.gmv' with abstol=1e-07, binary=, calctol=0, cw=, floatcompare=, ignorecase=, obiwan=, reltol=, skipabstol=, skipobiwan=, skipreltol=, skiptol=
comparing 'solution-13.gmv' with abstol=1e-07, binary=, calctol=0, cw=, floatcompare=, ignorecase=, obiwan=, reltol=, skipabstol=, skipobiwan=, skipreltol=, skiptol=
comparing 'solution-14.gmv' with abstol=1e-07, binary=, calctol=0, cw=, floatcompare=, ignorecase=, obiwan=, reltol=, skipabstol=, skipobiwan=, skipreltol=, skiptol=
comparing 'solution-15.gmv' with abstol=1e-07, binary=, calctol=0, cw=, floatcompare=, ignorecase=, obiwan=, reltol=, skipabstol=, skipobiwan=, skipreltol=, skiptol=
comparing 'solution-16.gmv' with abstol=1e-07, binary=, calctol=0, cw=, floatcompare=, ignorecase=, obiwan=, reltol=, skipabstol=, skipobiwan=, skipreltol=, skiptol=
comparing 'solution-17.gmv' with abstol=1e-07, binary=, calctol=0, cw=, floatcompare=, ignorecase=, obiwan=, reltol=, skipabstol=, skipobiwan=, skipreltol=, skiptol=
comparing 'solution-18.gmv' with abstol=1e-07, binary=, calctol=0, cw=, floatcompare=, ignorecase=, obiwan=, reltol=, skipabstol=, skipobiwan=, skipreltol=, skiptol=
comparing 'solution-19.gmv' with abstol=1e-07, binary=, calctol=0, cw=, floatcompare=, ignorecase=, obiwan=, reltol=, skipabstol=, skipobiwan=, skipreltol=, skiptol=
comparing 'solution-20.gmv' with abstol=1e-07, binary=, calctol=0, cw=, floatcompare=, ignorecase=, obiwan=, reltol=, skipabstol=, skipobiwan=, skipreltol=, skiptol=
comparing 'solution-21.gmv' with abstol=1e-07, binary=, calctol=0, cw=, floatcompare=, ignorecase=, obiwan=, reltol=, skipabstol=, skipobiwan=, skipreltol=, skiptol=
comparing 'solution-22.gmv' with abstol=1e-07, binary=, calctol=0, cw=, floatcompare=, ignorecase=, obiwan=, reltol=, skipabstol=, skipobiwan=, skipreltol=, skiptol=
comparing 'solution-23.gmv' with abstol=1e-07, binary=, calctol=0, cw=, floatcompare=, ignorecase=, obiwan=, reltol=, skipabstol=, skipobiwan=, skipreltol=, skiptol=
comparing 'solution-9.gmv' with abstol=1e-07, binary=, calctol=0, cw=, floatcompare=, ignorecase=, obiwan=, reltol=, skipabstol=, skipobiwan=, skipreltol=, skiptol=
Specinvoke: /media/hahafish/Data/ForUbuntu/speccpu2006/bin/specinvoke -E -d /media/hahafish/Data/ForUbuntu/speccpu2006/benchspec/CPU2006/447.dealII/run/run_base_ref_infra-rsan-orig_O2.0000 -c 1 -e compare.err -o compare.stdout -f compare.cmd
Issuing command '/media/hahafish/Data/ForUbuntu/speccpu2006/bin/specinvoke -E -d /media/hahafish/Data/ForUbuntu/speccpu2006/benchspec/CPU2006/447.dealII/run/run_base_ref_infra-rsan-orig_O2.0000 -c 1 -e compare.err -o compare.stdout -f compare.cmd'
Start command: Wed Jul  1 08:58:33 2026 (1782867513)
Stop command: Wed Jul  1 08:58:47 2026 (1782867527)
Elapsed time for command: 00:00:14 (14)
Benchmark Times:
  Start:    Wed Jul  1 08:56:11 2026 (1782867371)
  Stop:     Wed Jul  1 08:58:33 2026 (1782867513)
  Elapsed:  00:02:22 (142)
  Reported: 134 54202000 134.054202
 Success 447.dealII base ref ratio=85.34, runtime=134.054202

-----------------------------------
  Running (#1) 450.soplex ref base infra-rsan-orig_O2 default
Commands to run: 
    -C /media/hahafish/Data/ForUbuntu/speccpu2006/benchspec/CPU2006/450.soplex/run/run_base_ref_infra-rsan-orig_O2.0000
    -o pds-50.mps.out -e pds-50.mps.stderr ../run_base_ref_infra-rsan-orig_O2.0000/soplex_base.infra-rsan-orig_O2 -s1 -e -m45000 pds-50.mps
    -o ref.out -e ref.stderr ../run_base_ref_infra-rsan-orig_O2.0000/soplex_base.infra-rsan-orig_O2 -m3500 ref.mps
Specinvoke: /media/hahafish/Data/ForUbuntu/speccpu2006/bin/specinvoke -d /media/hahafish/Data/ForUbuntu/speccpu2006/benchspec/CPU2006/450.soplex/run/run_base_ref_infra-rsan-orig_O2.0000 -e speccmds.err -o speccmds.stdout -f speccmds.cmd -C
Issuing command '/media/hahafish/Data/ForUbuntu/speccpu2006/bin/specinvoke -d /media/hahafish/Data/ForUbuntu/speccpu2006/benchspec/CPU2006/450.soplex/run/run_base_ref_infra-rsan-orig_O2.0000 -e speccmds.err -o speccmds.stdout -f speccmds.cmd -C'
Start command: Wed Jul  1 08:58:47 2026 (1782867527)
Stop command: Wed Jul  1 09:01:22 2026 (1782867682)
Elapsed time for command: 00:02:35 (155)
Workload elapsed time (0:1) = 76.957567 seconds
Workload elapsed time (0:2) = 70.191468 seconds
copy 0 finished @ Wed Jul  1 09:01:14 2026.  Total elapsed time: 147.149035
comparing files in '/media/hahafish/Data/ForUbuntu/speccpu2006/benchspec/CPU2006/450.soplex/run/run_base_ref_infra-rsan-orig_O2.0000'
comparing 'pds-50.mps.out' with abstol=1e-05, binary=, calctol=0, cw=, floatcompare=, ignorecase=, obiwan=1, reltol=0.02, skipabstol=, skipobiwan=, skipreltol=, skiptol=
comparing 'pds-50.mps.stderr' with abstol=20, binary=, calctol=0, cw=, floatcompare=, ignorecase=, obiwan=1, reltol=0.0001, skipabstol=, skipobiwan=, skipreltol=, skiptol=
comparing 'ref.out' with abstol=1e-05, binary=, calctol=0, cw=, floatcompare=, ignorecase=, obiwan=1, reltol=0.02, skipabstol=, skipobiwan=, skipreltol=, skiptol=
comparing 'ref.stderr' with abstol=20, binary=, calctol=0, cw=, floatcompare=, ignorecase=, obiwan=1, reltol=0.0001, skipabstol=, skipobiwan=, skipreltol=, skiptol=
Specinvoke: /media/hahafish/Data/ForUbuntu/speccpu2006/bin/specinvoke -E -d /media/hahafish/Data/ForUbuntu/speccpu2006/benchspec/CPU2006/450.soplex/run/run_base_ref_infra-rsan-orig_O2.0000 -c 1 -e compare.err -o compare.stdout -f compare.cmd
Issuing command '/media/hahafish/Data/ForUbuntu/speccpu2006/bin/specinvoke -E -d /media/hahafish/Data/ForUbuntu/speccpu2006/benchspec/CPU2006/450.soplex/run/run_base_ref_infra-rsan-orig_O2.0000 -c 1 -e compare.err -o compare.stdout -f compare.cmd'
Start command: Wed Jul  1 09:01:22 2026 (1782867682)
Stop command: Wed Jul  1 09:01:24 2026 (1782867684)
Elapsed time for command: 00:00:02 (2)
Error with '/media/hahafish/Data/ForUbuntu/speccpu2006/bin/specinvoke -E -d /media/hahafish/Data/ForUbuntu/speccpu2006/benchspec/CPU2006/450.soplex/run/run_base_ref_infra-rsan-orig_O2.0000 -c 1 -e compare.err -o compare.stdout -f compare.cmd': check file '/media/hahafish/Data/ForUbuntu/speccpu2006/benchspec/CPU2006/450.soplex/run/run_base_ref_infra-rsan-orig_O2.0000/.err'
*** Miscompare of pds-50.mps.stderr, see /media/hahafish/Data/ForUbuntu/speccpu2006/benchspec/CPU2006/450.soplex/run/run_base_ref_infra-rsan-orig_O2.0000/pds-50.mps.stderr.mis
'pds-50.mps.stderr' long
*** Miscompare of ref.stderr, see /media/hahafish/Data/ForUbuntu/speccpu2006/benchspec/CPU2006/450.soplex/run/run_base_ref_infra-rsan-orig_O2.0000/ref.stderr.mis
'ref.stderr' long
Benchmark Times:
  Start:    Wed Jul  1 08:58:47 2026 (1782867527)
  Stop:     Wed Jul  1 09:01:22 2026 (1782867682)
  Elapsed:  00:02:35 (155)
  Reported: 147 149090000 147.14909
 Error 450.soplex base ref ratio=56.68, runtime=147.149090

-----------------------------------
  Running (#1) 453.povray ref base infra-rsan-orig_O2 default
Commands to run: 
    -C /media/hahafish/Data/ForUbuntu/speccpu2006/benchspec/CPU2006/453.povray/run/run_base_ref_infra-rsan-orig_O2.0000
    -o SPEC-benchmark-ref.stdout -e SPEC-benchmark-ref.stderr ../run_base_ref_infra-rsan-orig_O2.0000/povray_base.infra-rsan-orig_O2 SPEC-benchmark-ref.ini
Specinvoke: /media/hahafish/Data/ForUbuntu/speccpu2006/bin/specinvoke -d /media/hahafish/Data/ForUbuntu/speccpu2006/benchspec/CPU2006/453.povray/run/run_base_ref_infra-rsan-orig_O2.0000 -e speccmds.err -o speccmds.stdout -f speccmds.cmd -C
Issuing command '/media/hahafish/Data/ForUbuntu/speccpu2006/bin/specinvoke -d /media/hahafish/Data/ForUbuntu/speccpu2006/benchspec/CPU2006/453.povray/run/run_base_ref_infra-rsan-orig_O2.0000 -e speccmds.err -o speccmds.stdout -f speccmds.cmd -C'
Start command: Wed Jul  1 09:01:25 2026 (1782867685)
Stop command: Wed Jul  1 09:02:39 2026 (1782867759)
Elapsed time for command: 00:01:14 (74)
Workload elapsed time (0:1) = 66.639899 seconds
copy 0 finished @ Wed Jul  1 09:02:31 2026.  Total elapsed time: 66.639899
comparing files in '/media/hahafish/Data/ForUbuntu/speccpu2006/benchspec/CPU2006/453.povray/run/run_base_ref_infra-rsan-orig_O2.0000'
comparing 'SPEC-benchmark.log' with abstol=0, binary=, calctol=0, cw=, floatcompare=, ignorecase=, obiwan=, reltol=5e-05, skipabstol=, skipobiwan=, skipreltol=, skiptol=
comparing 'SPEC-benchmark.tga' with abstol=0, binary=1, calctol=0, cw=, floatcompare=, ignorecase=, obiwan=, reltol=5e-05, skipabstol=, skipobiwan=, skipreltol=, skiptol=50
Specinvoke: /media/hahafish/Data/ForUbuntu/speccpu2006/bin/specinvoke -E -d /media/hahafish/Data/ForUbuntu/speccpu2006/benchspec/CPU2006/453.povray/run/run_base_ref_infra-rsan-orig_O2.0000 -c 1 -e compare.err -o compare.stdout -f compare.cmd
Issuing command '/media/hahafish/Data/ForUbuntu/speccpu2006/bin/specinvoke -E -d /media/hahafish/Data/ForUbuntu/speccpu2006/benchspec/CPU2006/453.povray/run/run_base_ref_infra-rsan-orig_O2.0000 -c 1 -e compare.err -o compare.stdout -f compare.cmd'
Start command: Wed Jul  1 09:02:39 2026 (1782867759)
Stop command: Wed Jul  1 09:02:45 2026 (1782867765)
Elapsed time for command: 00:00:06 (6)
Benchmark Times:
  Start:    Wed Jul  1 09:01:25 2026 (1782867685)
  Stop:     Wed Jul  1 09:02:39 2026 (1782867759)
  Elapsed:  00:01:14 (74)
  Reported: 66 639941000 66.639941
 Success 453.povray base ref ratio=79.83, runtime=66.639941

-----------------------------------
  Running (#1) 456.hmmer ref base infra-rsan-orig_O2 default
Commands to run: 
    -C /home/hahafish/speccpu2006/benchspec/CPU2006/456.hmmer/run/run_base_ref_infra-rsan-orig_O2.0003
    -o nph3.out -e nph3.err ../run_base_ref_infra-rsan-orig_O2.0003/hmmer_base.infra-rsan-orig_O2 nph3.hmm swiss41
    -o retro.out -e retro.err ../run_base_ref_infra-rsan-orig_O2.0003/hmmer_base.infra-rsan-orig_O2 --fixed 0 --mean 500 --num 500000 --sd 350 --seed 0 retro.hmm
Specinvoke: /media/hahafish/Data/ForUbuntu/speccpu2006/bin/specinvoke -d /home/hahafish/speccpu2006/benchspec/CPU2006/456.hmmer/run/run_base_ref_infra-rsan-orig_O2.0003 -e speccmds.err -o speccmds.stdout -f speccmds.cmd -C
Issuing command '/media/hahafish/Data/ForUbuntu/speccpu2006/bin/specinvoke -d /home/hahafish/speccpu2006/benchspec/CPU2006/456.hmmer/run/run_base_ref_infra-rsan-orig_O2.0003 -e speccmds.err -o speccmds.stdout -f speccmds.cmd -C'
Start command: Wed Jul  1 09:02:45 2026 (1782867765)
Stop command: Wed Jul  1 09:05:43 2026 (1782867943)
Elapsed time for command: 00:02:58 (178)
Workload elapsed time (0:1) = 53.024977 seconds
Workload elapsed time (0:2) = 116.742494 seconds
copy 0 finished @ Wed Jul  1 09:05:35 2026.  Total elapsed time: 169.767471
comparing files in '/home/hahafish/speccpu2006/benchspec/CPU2006/456.hmmer/run/run_base_ref_infra-rsan-orig_O2.0003'
comparing 'nph3.out' with abstol=1e-05, binary=, calctol=0, cw=, floatcompare=, ignorecase=, obiwan=, reltol=0.002, skipabstol=, skipobiwan=, skipreltol=, skiptol=10
comparing 'retro.out' with abstol=1e-05, binary=, calctol=0, cw=, floatcompare=, ignorecase=, obiwan=, reltol=0.002, skipabstol=, skipobiwan=, skipreltol=, skiptol=10
Specinvoke: /media/hahafish/Data/ForUbuntu/speccpu2006/bin/specinvoke -E -d /home/hahafish/speccpu2006/benchspec/CPU2006/456.hmmer/run/run_base_ref_infra-rsan-orig_O2.0003 -c 1 -e compare.err -o compare.stdout -f compare.cmd
Issuing command '/media/hahafish/Data/ForUbuntu/speccpu2006/bin/specinvoke -E -d /home/hahafish/speccpu2006/benchspec/CPU2006/456.hmmer/run/run_base_ref_infra-rsan-orig_O2.0003 -c 1 -e compare.err -o compare.stdout -f compare.cmd'
Start command: Wed Jul  1 09:05:43 2026 (1782867943)
Stop command: Wed Jul  1 09:05:45 2026 (1782867945)
Elapsed time for command: 00:00:02 (2)
Benchmark Times:
  Start:    Wed Jul  1 09:02:45 2026 (1782867765)
  Stop:     Wed Jul  1 09:05:43 2026 (1782867943)
  Elapsed:  00:02:58 (178)
  Reported: 169 767524000 169.767524
 Success 456.hmmer base ref ratio=54.96, runtime=169.767524

-----------------------------------
  Running (#1) 458.sjeng ref base infra-rsan-orig_O2 default
Commands to run: 
    -C /media/hahafish/Data/ForUbuntu/speccpu2006/benchspec/CPU2006/458.sjeng/run/run_base_ref_infra-rsan-orig_O2.0000
    -o ref.out -e ref.err ../run_base_ref_infra-rsan-orig_O2.0000/sjeng_base.infra-rsan-orig_O2 ref.txt
Specinvoke: /media/hahafish/Data/ForUbuntu/speccpu2006/bin/specinvoke -d /media/hahafish/Data/ForUbuntu/speccpu2006/benchspec/CPU2006/458.sjeng/run/run_base_ref_infra-rsan-orig_O2.0000 -e speccmds.err -o speccmds.stdout -f speccmds.cmd -C
Issuing command '/media/hahafish/Data/ForUbuntu/speccpu2006/bin/specinvoke -d /media/hahafish/Data/ForUbuntu/speccpu2006/benchspec/CPU2006/458.sjeng/run/run_base_ref_infra-rsan-orig_O2.0000 -e speccmds.err -o speccmds.stdout -f speccmds.cmd -C'
Start command: Wed Jul  1 09:05:45 2026 (1782867945)
Stop command: Wed Jul  1 09:11:18 2026 (1782868278)
Elapsed time for command: 00:05:33 (333)
Workload elapsed time (0:1) = 325.421088 seconds
copy 0 finished @ Wed Jul  1 09:11:10 2026.  Total elapsed time: 325.421088
comparing files in '/media/hahafish/Data/ForUbuntu/speccpu2006/benchspec/CPU2006/458.sjeng/run/run_base_ref_infra-rsan-orig_O2.0000'
comparing 'ref.out' with abstol=, binary=, calctol=0, cw=, floatcompare=, ignorecase=, obiwan=, reltol=, skipabstol=, skipobiwan=, skipreltol=, skiptol=
Specinvoke: /media/hahafish/Data/ForUbuntu/speccpu2006/bin/specinvoke -E -d /media/hahafish/Data/ForUbuntu/speccpu2006/benchspec/CPU2006/458.sjeng/run/run_base_ref_infra-rsan-orig_O2.0000 -c 1 -e compare.err -o compare.stdout -f compare.cmd
Issuing command '/media/hahafish/Data/ForUbuntu/speccpu2006/bin/specinvoke -E -d /media/hahafish/Data/ForUbuntu/speccpu2006/benchspec/CPU2006/458.sjeng/run/run_base_ref_infra-rsan-orig_O2.0000 -c 1 -e compare.err -o compare.stdout -f compare.cmd'
Start command: Wed Jul  1 09:11:18 2026 (1782868278)
Stop command: Wed Jul  1 09:11:20 2026 (1782868280)
Elapsed time for command: 00:00:02 (2)
Benchmark Times:
  Start:    Wed Jul  1 09:05:45 2026 (1782867945)
  Stop:     Wed Jul  1 09:11:18 2026 (1782868278)
  Elapsed:  00:05:33 (333)
  Reported: 325 421130000 325.42113
 Success 458.sjeng base ref ratio=37.18, runtime=325.421130

-----------------------------------
  Running (#1) 462.libquantum ref base infra-rsan-orig_O2 default
Commands to run: 
    -C /home/hahafish/speccpu2006/benchspec/CPU2006/462.libquantum/run/run_base_ref_infra-rsan-orig_O2.0003
    -o ref.out -e ref.err ../run_base_ref_infra-rsan-orig_O2.0003/libquantum_base.infra-rsan-orig_O2 1397 8
Specinvoke: /media/hahafish/Data/ForUbuntu/speccpu2006/bin/specinvoke -d /home/hahafish/speccpu2006/benchspec/CPU2006/462.libquantum/run/run_base_ref_infra-rsan-orig_O2.0003 -e speccmds.err -o speccmds.stdout -f speccmds.cmd -C
Issuing command '/media/hahafish/Data/ForUbuntu/speccpu2006/bin/specinvoke -d /home/hahafish/speccpu2006/benchspec/CPU2006/462.libquantum/run/run_base_ref_infra-rsan-orig_O2.0003 -e speccmds.err -o speccmds.stdout -f speccmds.cmd -C'
Start command: Wed Jul  1 09:11:20 2026 (1782868280)
Stop command: Wed Jul  1 09:15:13 2026 (1782868513)
Elapsed time for command: 00:03:53 (233)
Workload elapsed time (0:1) = 224.330585 seconds
copy 0 finished @ Wed Jul  1 09:15:05 2026.  Total elapsed time: 224.330585
comparing files in '/home/hahafish/speccpu2006/benchspec/CPU2006/462.libquantum/run/run_base_ref_infra-rsan-orig_O2.0003'
comparing 'ref.out' with abstol=, binary=, calctol=0, cw=, floatcompare=, ignorecase=, obiwan=1, reltol=, skipabstol=, skipobiwan=, skipreltol=, skiptol=
Specinvoke: /media/hahafish/Data/ForUbuntu/speccpu2006/bin/specinvoke -E -d /home/hahafish/speccpu2006/benchspec/CPU2006/462.libquantum/run/run_base_ref_infra-rsan-orig_O2.0003 -c 1 -e compare.err -o compare.stdout -f compare.cmd
Issuing command '/media/hahafish/Data/ForUbuntu/speccpu2006/bin/specinvoke -E -d /home/hahafish/speccpu2006/benchspec/CPU2006/462.libquantum/run/run_base_ref_infra-rsan-orig_O2.0003 -c 1 -e compare.err -o compare.stdout -f compare.cmd'
Start command: Wed Jul  1 09:15:13 2026 (1782868513)
Stop command: Wed Jul  1 09:15:15 2026 (1782868515)
Elapsed time for command: 00:00:02 (2)
Benchmark Times:
  Start:    Wed Jul  1 09:11:20 2026 (1782868280)
  Stop:     Wed Jul  1 09:15:13 2026 (1782868513)
  Elapsed:  00:03:53 (233)
  Reported: 224 330628000 224.330628
 Success 462.libquantum base ref ratio=92.36, runtime=224.330628

-----------------------------------
  Running (#1) 464.h264ref ref base infra-rsan-orig_O2 default
Commands to run: 
    -C /media/hahafish/Data/ForUbuntu/speccpu2006/benchspec/CPU2006/464.h264ref/run/run_base_ref_infra-rsan-orig_O2.0000
    -o foreman_ref_baseline_encodelog.out -e foreman_ref_baseline_encodelog.err ../run_base_ref_infra-rsan-orig_O2.0000/h264ref_base.infra-rsan-orig_O2 -d foreman_ref_encoder_baseline.cfg
    -o foreman_ref_main_encodelog.out -e foreman_ref_main_encodelog.err ../run_base_ref_infra-rsan-orig_O2.0000/h264ref_base.infra-rsan-orig_O2 -d foreman_ref_encoder_main.cfg
    -o sss_main_encodelog.out -e sss_main_encodelog.err ../run_base_ref_infra-rsan-orig_O2.0000/h264ref_base.infra-rsan-orig_O2 -d sss_encoder_main.cfg
Specinvoke: /media/hahafish/Data/ForUbuntu/speccpu2006/bin/specinvoke -d /media/hahafish/Data/ForUbuntu/speccpu2006/benchspec/CPU2006/464.h264ref/run/run_base_ref_infra-rsan-orig_O2.0000 -e speccmds.err -o speccmds.stdout -f speccmds.cmd -C
Issuing command '/media/hahafish/Data/ForUbuntu/speccpu2006/bin/specinvoke -d /media/hahafish/Data/ForUbuntu/speccpu2006/benchspec/CPU2006/464.h264ref/run/run_base_ref_infra-rsan-orig_O2.0000 -e speccmds.err -o speccmds.stdout -f speccmds.cmd -C'
Start command: Wed Jul  1 09:15:15 2026 (1782868515)
Stop command: Wed Jul  1 09:19:19 2026 (1782868759)
Elapsed time for command: 00:04:04 (244)
Workload elapsed time (0:1) = 33.274322 seconds
Workload elapsed time (0:2) = 21.170511 seconds
Workload elapsed time (0:3) = 182.417293 seconds
copy 0 finished @ Wed Jul  1 09:19:11 2026.  Total elapsed time: 236.862126
comparing files in '/media/hahafish/Data/ForUbuntu/speccpu2006/benchspec/CPU2006/464.h264ref/run/run_base_ref_infra-rsan-orig_O2.0000'
comparing 'foreman_ref_baseline_encodelog.out' with abstol=, binary=, calctol=0, cw=1, floatcompare=1, ignorecase=, obiwan=, reltol=, skipabstol=, skipobiwan=, skipreltol=, skiptol=
comparing 'foreman_ref_baseline_leakybucketparam.cfg' with abstol=, binary=1, calctol=0, cw=1, floatcompare=1, ignorecase=, obiwan=, reltol=, skipabstol=, skipobiwan=, skipreltol=, skiptol=
comparing 'foreman_ref_main_encodelog.out' with abstol=, binary=, calctol=0, cw=1, floatcompare=1, ignorecase=, obiwan=, reltol=, skipabstol=, skipobiwan=, skipreltol=, skiptol=
comparing 'foreman_ref_main_leakybucketparam.cfg' with abstol=, binary=1, calctol=0, cw=1, floatcompare=1, ignorecase=, obiwan=, reltol=, skipabstol=, skipobiwan=, skipreltol=, skiptol=
comparing 'sss_main_encodelog.out' with abstol=, binary=, calctol=0, cw=1, floatcompare=1, ignorecase=, obiwan=, reltol=, skipabstol=, skipobiwan=, skipreltol=, skiptol=
comparing 'sss_main_leakybucketparam.cfg' with abstol=, binary=1, calctol=0, cw=1, floatcompare=1, ignorecase=, obiwan=, reltol=, skipabstol=, skipobiwan=, skipreltol=, skiptol=
Specinvoke: /media/hahafish/Data/ForUbuntu/speccpu2006/bin/specinvoke -E -d /media/hahafish/Data/ForUbuntu/speccpu2006/benchspec/CPU2006/464.h264ref/run/run_base_ref_infra-rsan-orig_O2.0000 -c 1 -e compare.err -o compare.stdout -f compare.cmd
Issuing command '/media/hahafish/Data/ForUbuntu/speccpu2006/bin/specinvoke -E -d /media/hahafish/Data/ForUbuntu/speccpu2006/benchspec/CPU2006/464.h264ref/run/run_base_ref_infra-rsan-orig_O2.0000 -c 1 -e compare.err -o compare.stdout -f compare.cmd'
Start command: Wed Jul  1 09:19:19 2026 (1782868759)
Stop command: Wed Jul  1 09:19:22 2026 (1782868762)
Elapsed time for command: 00:00:03 (3)
Benchmark Times:
  Start:    Wed Jul  1 09:15:15 2026 (1782868515)
  Stop:     Wed Jul  1 09:19:19 2026 (1782868759)
  Elapsed:  00:04:04 (244)
  Reported: 236 862180000 236.86218
 Success 464.h264ref base ref ratio=93.43, runtime=236.862180

-----------------------------------
  Running (#1) 470.lbm ref base infra-rsan-orig_O2 default
Commands to run: 
    -C /media/hahafish/Data/ForUbuntu/speccpu2006/benchspec/CPU2006/470.lbm/run/run_base_ref_infra-rsan-orig_O2.0000
    -o lbm.out -e lbm.err ../run_base_ref_infra-rsan-orig_O2.0000/lbm_base.infra-rsan-orig_O2 3000 reference.dat 0 0 100_100_130_ldc.of
Specinvoke: /media/hahafish/Data/ForUbuntu/speccpu2006/bin/specinvoke -d /media/hahafish/Data/ForUbuntu/speccpu2006/benchspec/CPU2006/470.lbm/run/run_base_ref_infra-rsan-orig_O2.0000 -e speccmds.err -o speccmds.stdout -f speccmds.cmd -C
Issuing command '/media/hahafish/Data/ForUbuntu/speccpu2006/bin/specinvoke -d /media/hahafish/Data/ForUbuntu/speccpu2006/benchspec/CPU2006/470.lbm/run/run_base_ref_infra-rsan-orig_O2.0000 -e speccmds.err -o speccmds.stdout -f speccmds.cmd -C'
Start command: Wed Jul  1 09:19:22 2026 (1782868762)
Stop command: Wed Jul  1 09:21:05 2026 (1782868865)
Elapsed time for command: 00:01:43 (103)
Workload elapsed time (0:1) = 95.016825 seconds
copy 0 finished @ Wed Jul  1 09:20:57 2026.  Total elapsed time: 95.016825
comparing files in '/media/hahafish/Data/ForUbuntu/speccpu2006/benchspec/CPU2006/470.lbm/run/run_base_ref_infra-rsan-orig_O2.0000'
comparing 'lbm.out' with abstol=1e-07, binary=, calctol=0, cw=, floatcompare=, ignorecase=, obiwan=, reltol=, skipabstol=, skipobiwan=, skipreltol=, skiptol=
Specinvoke: /media/hahafish/Data/ForUbuntu/speccpu2006/bin/specinvoke -E -d /media/hahafish/Data/ForUbuntu/speccpu2006/benchspec/CPU2006/470.lbm/run/run_base_ref_infra-rsan-orig_O2.0000 -c 1 -e compare.err -o compare.stdout -f compare.cmd
Issuing command '/media/hahafish/Data/ForUbuntu/speccpu2006/bin/specinvoke -E -d /media/hahafish/Data/ForUbuntu/speccpu2006/benchspec/CPU2006/470.lbm/run/run_base_ref_infra-rsan-orig_O2.0000 -c 1 -e compare.err -o compare.stdout -f compare.cmd'
Start command: Wed Jul  1 09:21:05 2026 (1782868865)
Stop command: Wed Jul  1 09:21:07 2026 (1782868867)
Elapsed time for command: 00:00:02 (2)
Benchmark Times:
  Start:    Wed Jul  1 09:19:22 2026 (1782868762)
  Stop:     Wed Jul  1 09:21:05 2026 (1782868865)
  Elapsed:  00:01:43 (103)
  Reported: 95 16869000 95.016869
 Success 470.lbm base ref ratio=144.61, runtime=95.016869

-----------------------------------
  Running (#1) 471.omnetpp ref base infra-rsan-orig_O2 default
Commands to run: 
    -C /media/hahafish/Data/ForUbuntu/speccpu2006/benchspec/CPU2006/471.omnetpp/run/run_base_ref_infra-rsan-orig_O2.0000
    -o omnetpp.log -e omnetpp.err ../run_base_ref_infra-rsan-orig_O2.0000/omnetpp_base.infra-rsan-orig_O2 omnetpp.ini
Specinvoke: /media/hahafish/Data/ForUbuntu/speccpu2006/bin/specinvoke -d /media/hahafish/Data/ForUbuntu/speccpu2006/benchspec/CPU2006/471.omnetpp/run/run_base_ref_infra-rsan-orig_O2.0000 -e speccmds.err -o speccmds.stdout -f speccmds.cmd -C
Issuing command '/media/hahafish/Data/ForUbuntu/speccpu2006/bin/specinvoke -d /media/hahafish/Data/ForUbuntu/speccpu2006/benchspec/CPU2006/471.omnetpp/run/run_base_ref_infra-rsan-orig_O2.0000 -e speccmds.err -o speccmds.stdout -f speccmds.cmd -C'
Start command: Wed Jul  1 09:21:07 2026 (1782868867)
Stop command: Wed Jul  1 09:25:40 2026 (1782869140)
Elapsed time for command: 00:04:33 (273)
Workload elapsed time (0:1) = 265.482463 seconds
copy 0 finished @ Wed Jul  1 09:25:32 2026.  Total elapsed time: 265.482463
comparing files in '/media/hahafish/Data/ForUbuntu/speccpu2006/benchspec/CPU2006/471.omnetpp/run/run_base_ref_infra-rsan-orig_O2.0000'
comparing 'omnetpp.log' with abstol=1e-06, binary=, calctol=0, cw=, floatcompare=, ignorecase=, obiwan=, reltol=1e-05, skipabstol=, skipobiwan=, skipreltol=, skiptol=
comparing 'omnetpp.sca' with abstol=1e-06, binary=, calctol=0, cw=, floatcompare=, ignorecase=, obiwan=, reltol=1e-05, skipabstol=, skipobiwan=, skipreltol=, skiptol=
Specinvoke: /media/hahafish/Data/ForUbuntu/speccpu2006/bin/specinvoke -E -d /media/hahafish/Data/ForUbuntu/speccpu2006/benchspec/CPU2006/471.omnetpp/run/run_base_ref_infra-rsan-orig_O2.0000 -c 1 -e compare.err -o compare.stdout -f compare.cmd
Issuing command '/media/hahafish/Data/ForUbuntu/speccpu2006/bin/specinvoke -E -d /media/hahafish/Data/ForUbuntu/speccpu2006/benchspec/CPU2006/471.omnetpp/run/run_base_ref_infra-rsan-orig_O2.0000 -c 1 -e compare.err -o compare.stdout -f compare.cmd'
Start command: Wed Jul  1 09:25:40 2026 (1782869140)
Stop command: Wed Jul  1 09:25:42 2026 (1782869142)
Elapsed time for command: 00:00:02 (2)
Benchmark Times:
  Start:    Wed Jul  1 09:21:07 2026 (1782868867)
  Stop:     Wed Jul  1 09:25:40 2026 (1782869140)
  Elapsed:  00:04:33 (273)
  Reported: 265 482509000 265.482509
 Success 471.omnetpp base ref ratio=23.54, runtime=265.482509

-----------------------------------
  Running (#1) 473.astar ref base infra-rsan-orig_O2 default
Commands to run: 
    -C /home/hahafish/speccpu2006/benchspec/CPU2006/473.astar/run/run_base_ref_infra-rsan-orig_O2.0003
    -o BigLakes2048.out -e BigLakes2048.err ../run_base_ref_infra-rsan-orig_O2.0003/astar_base.infra-rsan-orig_O2 BigLakes2048.cfg
    -o rivers.out -e rivers.err ../run_base_ref_infra-rsan-orig_O2.0003/astar_base.infra-rsan-orig_O2 rivers.cfg
Specinvoke: /media/hahafish/Data/ForUbuntu/speccpu2006/bin/specinvoke -d /home/hahafish/speccpu2006/benchspec/CPU2006/473.astar/run/run_base_ref_infra-rsan-orig_O2.0003 -e speccmds.err -o speccmds.stdout -f speccmds.cmd -C
Issuing command '/media/hahafish/Data/ForUbuntu/speccpu2006/bin/specinvoke -d /home/hahafish/speccpu2006/benchspec/CPU2006/473.astar/run/run_base_ref_infra-rsan-orig_O2.0003 -e speccmds.err -o speccmds.stdout -f speccmds.cmd -C'
Start command: Wed Jul  1 09:25:42 2026 (1782869142)
Stop command: Wed Jul  1 09:29:47 2026 (1782869387)
Elapsed time for command: 00:04:05 (245)
Workload elapsed time (0:1) = 95.141017 seconds
Workload elapsed time (0:2) = 141.666456 seconds
copy 0 finished @ Wed Jul  1 09:29:39 2026.  Total elapsed time: 236.807473
comparing files in '/home/hahafish/speccpu2006/benchspec/CPU2006/473.astar/run/run_base_ref_infra-rsan-orig_O2.0003'
comparing 'BigLakes2048.out' with abstol=, binary=, calctol=0, cw=, floatcompare=, ignorecase=, obiwan=, reltol=0.001, skipabstol=, skipobiwan=, skipreltol=, skiptol=
comparing 'rivers.out' with abstol=, binary=, calctol=0, cw=, floatcompare=, ignorecase=, obiwan=, reltol=0.001, skipabstol=, skipobiwan=, skipreltol=, skiptol=
Specinvoke: /media/hahafish/Data/ForUbuntu/speccpu2006/bin/specinvoke -E -d /home/hahafish/speccpu2006/benchspec/CPU2006/473.astar/run/run_base_ref_infra-rsan-orig_O2.0003 -c 1 -e compare.err -o compare.stdout -f compare.cmd
Issuing command '/media/hahafish/Data/ForUbuntu/speccpu2006/bin/specinvoke -E -d /home/hahafish/speccpu2006/benchspec/CPU2006/473.astar/run/run_base_ref_infra-rsan-orig_O2.0003 -c 1 -e compare.err -o compare.stdout -f compare.cmd'
Start command: Wed Jul  1 09:29:47 2026 (1782869387)
Stop command: Wed Jul  1 09:29:49 2026 (1782869389)
Elapsed time for command: 00:00:02 (2)
Benchmark Times:
  Start:    Wed Jul  1 09:25:42 2026 (1782869142)
  Stop:     Wed Jul  1 09:29:47 2026 (1782869387)
  Elapsed:  00:04:05 (245)
  Reported: 236 807525000 236.807525
 Success 473.astar base ref ratio=29.64, runtime=236.807525

-----------------------------------
  Running (#1) 482.sphinx3 ref base infra-rsan-orig_O2 default
Commands to run: 
    -C /home/hahafish/speccpu2006/benchspec/CPU2006/482.sphinx3/run/run_base_ref_infra-rsan-orig_O2.0003
    -o an4.log -e an4.err ../run_base_ref_infra-rsan-orig_O2.0003/sphinx_livepretend_base.infra-rsan-orig_O2 ctlfile . args.an4
Specinvoke: /media/hahafish/Data/ForUbuntu/speccpu2006/bin/specinvoke -d /home/hahafish/speccpu2006/benchspec/CPU2006/482.sphinx3/run/run_base_ref_infra-rsan-orig_O2.0003 -e speccmds.err -o speccmds.stdout -f speccmds.cmd -C
Issuing command '/media/hahafish/Data/ForUbuntu/speccpu2006/bin/specinvoke -d /home/hahafish/speccpu2006/benchspec/CPU2006/482.sphinx3/run/run_base_ref_infra-rsan-orig_O2.0003 -e speccmds.err -o speccmds.stdout -f speccmds.cmd -C'
Start command: Wed Jul  1 09:29:49 2026 (1782869389)
Stop command: Wed Jul  1 09:33:11 2026 (1782869591)
Elapsed time for command: 00:03:22 (202)
Workload elapsed time (0:1) = 193.58093 seconds
copy 0 finished @ Wed Jul  1 09:33:03 2026.  Total elapsed time: 193.58093
comparing files in '/home/hahafish/speccpu2006/benchspec/CPU2006/482.sphinx3/run/run_base_ref_infra-rsan-orig_O2.0003'
comparing 'an4.log' with abstol=, binary=, calctol=0, cw=, floatcompare=1, ignorecase=, obiwan=, reltol=0.001, skipabstol=, skipobiwan=, skipreltol=, skiptol=
comparing 'considered.out' with abstol=, binary=, calctol=0, cw=, floatcompare=1, ignorecase=, obiwan=, reltol=0.0004, skipabstol=, skipobiwan=, skipreltol=, skiptol=
comparing 'total_considered.out' with abstol=, binary=, calctol=0, cw=, floatcompare=1, ignorecase=, obiwan=, reltol=1e-06, skipabstol=, skipobiwan=, skipreltol=, skiptol=
Specinvoke: /media/hahafish/Data/ForUbuntu/speccpu2006/bin/specinvoke -E -d /home/hahafish/speccpu2006/benchspec/CPU2006/482.sphinx3/run/run_base_ref_infra-rsan-orig_O2.0003 -c 1 -e compare.err -o compare.stdout -f compare.cmd
Issuing command '/media/hahafish/Data/ForUbuntu/speccpu2006/bin/specinvoke -E -d /home/hahafish/speccpu2006/benchspec/CPU2006/482.sphinx3/run/run_base_ref_infra-rsan-orig_O2.0003 -c 1 -e compare.err -o compare.stdout -f compare.cmd'
Start command: Wed Jul  1 09:33:11 2026 (1782869591)
Stop command: Wed Jul  1 09:33:13 2026 (1782869593)
Elapsed time for command: 00:00:02 (2)
Benchmark Times:
  Start:    Wed Jul  1 09:29:49 2026 (1782869389)
  Stop:     Wed Jul  1 09:33:11 2026 (1782869591)
  Elapsed:  00:03:22 (202)
  Reported: 193 580975000 193.580975
 Success 482.sphinx3 base ref ratio=100.68, runtime=193.580975

-----------------------------------
  Running (#1) 483.xalancbmk ref base infra-rsan-orig_O2 default
Commands to run: 
    -C /media/hahafish/Data/ForUbuntu/speccpu2006/benchspec/CPU2006/483.xalancbmk/run/run_base_ref_infra-rsan-orig_O2.0000
    -o ref.out -e ref.err ../run_base_ref_infra-rsan-orig_O2.0000/Xalan_base.infra-rsan-orig_O2 -v t5.xml xalanc.xsl
Specinvoke: /media/hahafish/Data/ForUbuntu/speccpu2006/bin/specinvoke -d /media/hahafish/Data/ForUbuntu/speccpu2006/benchspec/CPU2006/483.xalancbmk/run/run_base_ref_infra-rsan-orig_O2.0000 -e speccmds.err -o speccmds.stdout -f speccmds.cmd -C
Issuing command '/media/hahafish/Data/ForUbuntu/speccpu2006/bin/specinvoke -d /media/hahafish/Data/ForUbuntu/speccpu2006/benchspec/CPU2006/483.xalancbmk/run/run_base_ref_infra-rsan-orig_O2.0000 -e speccmds.err -o speccmds.stdout -f speccmds.cmd -C'
Start command: Wed Jul  1 09:33:13 2026 (1782869593)
Stop command: Wed Jul  1 09:35:55 2026 (1782869755)
Elapsed time for command: 00:02:42 (162)
Workload elapsed time (0:1) = 153.621213 seconds
copy 0 finished @ Wed Jul  1 09:35:47 2026.  Total elapsed time: 153.621213
comparing files in '/media/hahafish/Data/ForUbuntu/speccpu2006/benchspec/CPU2006/483.xalancbmk/run/run_base_ref_infra-rsan-orig_O2.0000'
comparing 'ref.out' with abstol=, binary=, calctol=0, cw=, floatcompare=, ignorecase=, obiwan=, reltol=, skipabstol=, skipobiwan=, skipreltol=, skiptol=
Specinvoke: /media/hahafish/Data/ForUbuntu/speccpu2006/bin/specinvoke -E -d /media/hahafish/Data/ForUbuntu/speccpu2006/benchspec/CPU2006/483.xalancbmk/run/run_base_ref_infra-rsan-orig_O2.0000 -c 1 -e compare.err -o compare.stdout -f compare.cmd
Issuing command '/media/hahafish/Data/ForUbuntu/speccpu2006/bin/specinvoke -E -d /media/hahafish/Data/ForUbuntu/speccpu2006/benchspec/CPU2006/483.xalancbmk/run/run_base_ref_infra-rsan-orig_O2.0000 -c 1 -e compare.err -o compare.stdout -f compare.cmd'
Start command: Wed Jul  1 09:35:55 2026 (1782869755)
Stop command: Wed Jul  1 09:35:57 2026 (1782869757)
Elapsed time for command: 00:00:02 (2)
Benchmark Times:
  Start:    Wed Jul  1 09:33:13 2026 (1782869593)
  Stop:     Wed Jul  1 09:35:55 2026 (1782869755)
  Elapsed:  00:02:42 (162)
  Reported: 153 621257000 153.621257
 Success 483.xalancbmk base ref ratio=44.92, runtime=153.621257

-----------------------------------
  Running (#2) 400.perlbench ref base infra-rsan-orig_O2 default
Commands to run: 
    -C /media/hahafish/Data/ForUbuntu/speccpu2006/benchspec/CPU2006/400.perlbench/run/run_base_ref_infra-rsan-orig_O2.0000
    -o checkspam.2500.5.25.11.150.1.1.1.1.out -e checkspam.2500.5.25.11.150.1.1.1.1.err ../run_base_ref_infra-rsan-orig_O2.0000/perlbench_base.infra-rsan-orig_O2 -I./lib checkspam.pl 2500 5 25 11 150 1 1 1 1
    -o diffmail.4.800.10.17.19.300.out -e diffmail.4.800.10.17.19.300.err ../run_base_ref_infra-rsan-orig_O2.0000/perlbench_base.infra-rsan-orig_O2 -I./lib diffmail.pl 4 800 10 17 19 300
    -o splitmail.1600.12.26.16.4500.out -e splitmail.1600.12.26.16.4500.err ../run_base_ref_infra-rsan-orig_O2.0000/perlbench_base.infra-rsan-orig_O2 -I./lib splitmail.pl 1600 12 26 16 4500
Specinvoke: /media/hahafish/Data/ForUbuntu/speccpu2006/bin/specinvoke -d /media/hahafish/Data/ForUbuntu/speccpu2006/benchspec/CPU2006/400.perlbench/run/run_base_ref_infra-rsan-orig_O2.0000 -e speccmds.err -o speccmds.stdout -f speccmds.cmd -C
Issuing command '/media/hahafish/Data/ForUbuntu/speccpu2006/bin/specinvoke -d /media/hahafish/Data/ForUbuntu/speccpu2006/benchspec/CPU2006/400.perlbench/run/run_base_ref_infra-rsan-orig_O2.0000 -e speccmds.err -o speccmds.stdout -f speccmds.cmd -C'
Start command: Wed Jul  1 09:35:57 2026 (1782869757)
Stop command: Wed Jul  1 09:39:56 2026 (1782869996)
Elapsed time for command: 00:03:59 (239)
Workload elapsed time (0:1) = 98.846995 seconds
Workload elapsed time (0:2) = 53.52785 seconds
Workload elapsed time (0:3) = 78.615557 seconds
copy 0 finished @ Wed Jul  1 09:39:48 2026.  Total elapsed time: 230.990402
comparing files in '/media/hahafish/Data/ForUbuntu/speccpu2006/benchspec/CPU2006/400.perlbench/run/run_base_ref_infra-rsan-orig_O2.0000'
comparing 'checkspam.2500.5.25.11.150.1.1.1.1.out' with abstol=, binary=, calctol=0, cw=, floatcompare=, ignorecase=, obiwan=, reltol=, skipabstol=, skipobiwan=, skipreltol=, skiptol=
comparing 'diffmail.4.800.10.17.19.300.out' with abstol=, binary=, calctol=0, cw=, floatcompare=, ignorecase=, obiwan=, reltol=, skipabstol=, skipobiwan=, skipreltol=, skiptol=
comparing 'splitmail.1600.12.26.16.4500.out' with abstol=, binary=, calctol=0, cw=, floatcompare=, ignorecase=, obiwan=, reltol=, skipabstol=, skipobiwan=, skipreltol=, skiptol=
Specinvoke: /media/hahafish/Data/ForUbuntu/speccpu2006/bin/specinvoke -E -d /media/hahafish/Data/ForUbuntu/speccpu2006/benchspec/CPU2006/400.perlbench/run/run_base_ref_infra-rsan-orig_O2.0000 -c 1 -e compare.err -o compare.stdout -f compare.cmd
Issuing command '/media/hahafish/Data/ForUbuntu/speccpu2006/bin/specinvoke -E -d /media/hahafish/Data/ForUbuntu/speccpu2006/benchspec/CPU2006/400.perlbench/run/run_base_ref_infra-rsan-orig_O2.0000 -c 1 -e compare.err -o compare.stdout -f compare.cmd'
Start command: Wed Jul  1 09:39:56 2026 (1782869996)
Stop command: Wed Jul  1 09:39:58 2026 (1782869998)
Elapsed time for command: 00:00:02 (2)
Benchmark Times:
  Start:    Wed Jul  1 09:35:57 2026 (1782869757)
  Stop:     Wed Jul  1 09:39:56 2026 (1782869996)
  Elapsed:  00:03:59 (239)
  Reported: 230 990468000 230.990468
 Success 400.perlbench base ref ratio=42.30, runtime=230.990468

-----------------------------------
  Running (#2) 401.bzip2 ref base infra-rsan-orig_O2 default
Commands to run: 
    -C /media/hahafish/Data/ForUbuntu/speccpu2006/benchspec/CPU2006/401.bzip2/run/run_base_ref_infra-rsan-orig_O2.0000
    -o input.source.out -e input.source.err ../run_base_ref_infra-rsan-orig_O2.0000/bzip2_base.infra-rsan-orig_O2 input.source 280
    -o chicken.jpg.out -e chicken.jpg.err ../run_base_ref_infra-rsan-orig_O2.0000/bzip2_base.infra-rsan-orig_O2 chicken.jpg 30
    -o liberty.jpg.out -e liberty.jpg.err ../run_base_ref_infra-rsan-orig_O2.0000/bzip2_base.infra-rsan-orig_O2 liberty.jpg 30
    -o input.program.out -e input.program.err ../run_base_ref_infra-rsan-orig_O2.0000/bzip2_base.infra-rsan-orig_O2 input.program 280
    -o text.html.out -e text.html.err ../run_base_ref_infra-rsan-orig_O2.0000/bzip2_base.infra-rsan-orig_O2 text.html 280
    -o input.combined.out -e input.combined.err ../run_base_ref_infra-rsan-orig_O2.0000/bzip2_base.infra-rsan-orig_O2 input.combined 200
Specinvoke: /media/hahafish/Data/ForUbuntu/speccpu2006/bin/specinvoke -d /media/hahafish/Data/ForUbuntu/speccpu2006/benchspec/CPU2006/401.bzip2/run/run_base_ref_infra-rsan-orig_O2.0000 -e speccmds.err -o speccmds.stdout -f speccmds.cmd -C
Issuing command '/media/hahafish/Data/ForUbuntu/speccpu2006/bin/specinvoke -d /media/hahafish/Data/ForUbuntu/speccpu2006/benchspec/CPU2006/401.bzip2/run/run_base_ref_infra-rsan-orig_O2.0000 -e speccmds.err -o speccmds.stdout -f speccmds.cmd -C'
Start command: Wed Jul  1 09:39:58 2026 (1782869998)
Stop command: Wed Jul  1 09:45:05 2026 (1782870305)
Elapsed time for command: 00:05:07 (307)
Workload elapsed time (0:1) = 60.958627 seconds
Workload elapsed time (0:2) = 18.384948 seconds
Workload elapsed time (0:3) = 30.434278 seconds
Workload elapsed time (0:4) = 64.011281 seconds
Workload elapsed time (0:5) = 78.100062 seconds
Workload elapsed time (0:6) = 46.816219 seconds
copy 0 finished @ Wed Jul  1 09:44:57 2026.  Total elapsed time: 298.705415
comparing files in '/media/hahafish/Data/ForUbuntu/speccpu2006/benchspec/CPU2006/401.bzip2/run/run_base_ref_infra-rsan-orig_O2.0000'
comparing 'chicken.jpg.out' with abstol=, binary=, calctol=0, cw=, floatcompare=, ignorecase=, obiwan=, reltol=, skipabstol=, skipobiwan=, skipreltol=, skiptol=
comparing 'input.combined.out' with abstol=, binary=, calctol=0, cw=, floatcompare=, ignorecase=, obiwan=, reltol=, skipabstol=, skipobiwan=, skipreltol=, skiptol=
comparing 'input.program.out' with abstol=, binary=, calctol=0, cw=, floatcompare=, ignorecase=, obiwan=, reltol=, skipabstol=, skipobiwan=, skipreltol=, skiptol=
comparing 'input.source.out' with abstol=, binary=, calctol=0, cw=, floatcompare=, ignorecase=, obiwan=, reltol=, skipabstol=, skipobiwan=, skipreltol=, skiptol=
comparing 'liberty.jpg.out' with abstol=, binary=, calctol=0, cw=, floatcompare=, ignorecase=, obiwan=, reltol=, skipabstol=, skipobiwan=, skipreltol=, skiptol=
comparing 'text.html.out' with abstol=, binary=, calctol=0, cw=, floatcompare=, ignorecase=, obiwan=, reltol=, skipabstol=, skipobiwan=, skipreltol=, skiptol=
Specinvoke: /media/hahafish/Data/ForUbuntu/speccpu2006/bin/specinvoke -E -d /media/hahafish/Data/ForUbuntu/speccpu2006/benchspec/CPU2006/401.bzip2/run/run_base_ref_infra-rsan-orig_O2.0000 -c 1 -e compare.err -o compare.stdout -f compare.cmd
Issuing command '/media/hahafish/Data/ForUbuntu/speccpu2006/bin/specinvoke -E -d /media/hahafish/Data/ForUbuntu/speccpu2006/benchspec/CPU2006/401.bzip2/run/run_base_ref_infra-rsan-orig_O2.0000 -c 1 -e compare.err -o compare.stdout -f compare.cmd'
Start command: Wed Jul  1 09:45:05 2026 (1782870305)
Stop command: Wed Jul  1 09:45:07 2026 (1782870307)
Elapsed time for command: 00:00:02 (2)
Benchmark Times:
  Start:    Wed Jul  1 09:39:58 2026 (1782869998)
  Stop:     Wed Jul  1 09:45:05 2026 (1782870305)
  Elapsed:  00:05:07 (307)
  Reported: 298 705502000 298.705502
 Success 401.bzip2 base ref ratio=32.31, runtime=298.705502

-----------------------------------
  Running (#2) 403.gcc ref base infra-rsan-orig_O2 default
Commands to run: 
    -C /media/hahafish/Data/ForUbuntu/speccpu2006/benchspec/CPU2006/403.gcc/run/run_base_ref_infra-rsan-orig_O2.0000
    -o 166.out -e 166.err ../run_base_ref_infra-rsan-orig_O2.0000/gcc_base.infra-rsan-orig_O2 166.i -o 166.s
    -o 200.out -e 200.err ../run_base_ref_infra-rsan-orig_O2.0000/gcc_base.infra-rsan-orig_O2 200.i -o 200.s
    -o c-typeck.out -e c-typeck.err ../run_base_ref_infra-rsan-orig_O2.0000/gcc_base.infra-rsan-orig_O2 c-typeck.i -o c-typeck.s
    -o cp-decl.out -e cp-decl.err ../run_base_ref_infra-rsan-orig_O2.0000/gcc_base.infra-rsan-orig_O2 cp-decl.i -o cp-decl.s
    -o expr.out -e expr.err ../run_base_ref_infra-rsan-orig_O2.0000/gcc_base.infra-rsan-orig_O2 expr.i -o expr.s
    -o expr2.out -e expr2.err ../run_base_ref_infra-rsan-orig_O2.0000/gcc_base.infra-rsan-orig_O2 expr2.i -o expr2.s
    -o g23.out -e g23.err ../run_base_ref_infra-rsan-orig_O2.0000/gcc_base.infra-rsan-orig_O2 g23.i -o g23.s
    -o s04.out -e s04.err ../run_base_ref_infra-rsan-orig_O2.0000/gcc_base.infra-rsan-orig_O2 s04.i -o s04.s
    -o scilab.out -e scilab.err ../run_base_ref_infra-rsan-orig_O2.0000/gcc_base.infra-rsan-orig_O2 scilab.i -o scilab.s
Specinvoke: /media/hahafish/Data/ForUbuntu/speccpu2006/bin/specinvoke -d /media/hahafish/Data/ForUbuntu/speccpu2006/benchspec/CPU2006/403.gcc/run/run_base_ref_infra-rsan-orig_O2.0000 -e speccmds.err -o speccmds.stdout -f speccmds.cmd -C
Issuing command '/media/hahafish/Data/ForUbuntu/speccpu2006/bin/specinvoke -d /media/hahafish/Data/ForUbuntu/speccpu2006/benchspec/CPU2006/403.gcc/run/run_base_ref_infra-rsan-orig_O2.0000 -e speccmds.err -o speccmds.stdout -f speccmds.cmd -C'
Start command: Wed Jul  1 09:45:07 2026 (1782870307)
Stop command: Wed Jul  1 09:50:29 2026 (1782870629)
Elapsed time for command: 00:05:22 (322)
Workload elapsed time (0:1) = 12.816891 seconds
Workload elapsed time (0:2) = 23.232471 seconds
Workload elapsed time (0:3) = 25.513641 seconds
Workload elapsed time (0:4) = 27.288302 seconds
Workload elapsed time (0:5) = 30.095749 seconds
Workload elapsed time (0:6) = 49.955001 seconds
Workload elapsed time (0:7) = 53.704945 seconds
Workload elapsed time (0:8) = 83.444464 seconds
Workload elapsed time (0:9) = 7.605513 seconds
copy 0 finished @ Wed Jul  1 09:50:21 2026.  Total elapsed time: 313.656977
comparing files in '/media/hahafish/Data/ForUbuntu/speccpu2006/benchspec/CPU2006/403.gcc/run/run_base_ref_infra-rsan-orig_O2.0000'
comparing '166.s' with abstol=, binary=, calctol=0, cw=, floatcompare=, ignorecase=, obiwan=, reltol=, skipabstol=, skipobiwan=, skipreltol=, skiptol=
comparing '200.s' with abstol=, binary=, calctol=0, cw=, floatcompare=, ignorecase=, obiwan=, reltol=, skipabstol=, skipobiwan=, skipreltol=, skiptol=
comparing 'c-typeck.s' with abstol=, binary=, calctol=0, cw=, floatcompare=, ignorecase=, obiwan=, reltol=, skipabstol=, skipobiwan=, skipreltol=, skiptol=
comparing 'cp-decl.s' with abstol=, binary=, calctol=0, cw=, floatcompare=, ignorecase=, obiwan=, reltol=, skipabstol=, skipobiwan=, skipreltol=, skiptol=
comparing 'expr.s' with abstol=, binary=, calctol=0, cw=, floatcompare=, ignorecase=, obiwan=, reltol=, skipabstol=, skipobiwan=, skipreltol=, skiptol=
comparing 'expr2.s' with abstol=, binary=, calctol=0, cw=, floatcompare=, ignorecase=, obiwan=, reltol=, skipabstol=, skipobiwan=, skipreltol=, skiptol=
comparing 'g23.s' with abstol=, binary=, calctol=0, cw=, floatcompare=, ignorecase=, obiwan=, reltol=, skipabstol=, skipobiwan=, skipreltol=, skiptol=
comparing 's04.s' with abstol=, binary=, calctol=0, cw=, floatcompare=, ignorecase=, obiwan=, reltol=, skipabstol=, skipobiwan=, skipreltol=, skiptol=
comparing 'scilab.s' with abstol=, binary=, calctol=0, cw=, floatcompare=, ignorecase=, obiwan=, reltol=, skipabstol=, skipobiwan=, skipreltol=, skiptol=
Specinvoke: /media/hahafish/Data/ForUbuntu/speccpu2006/bin/specinvoke -E -d /media/hahafish/Data/ForUbuntu/speccpu2006/benchspec/CPU2006/403.gcc/run/run_base_ref_infra-rsan-orig_O2.0000 -c 1 -e compare.err -o compare.stdout -f compare.cmd
Issuing command '/media/hahafish/Data/ForUbuntu/speccpu2006/bin/specinvoke -E -d /media/hahafish/Data/ForUbuntu/speccpu2006/benchspec/CPU2006/403.gcc/run/run_base_ref_infra-rsan-orig_O2.0000 -c 1 -e compare.err -o compare.stdout -f compare.cmd'
Start command: Wed Jul  1 09:50:29 2026 (1782870629)
Stop command: Wed Jul  1 09:50:31 2026 (1782870631)
Elapsed time for command: 00:00:02 (2)
Benchmark Times:
  Start:    Wed Jul  1 09:45:07 2026 (1782870307)
  Stop:     Wed Jul  1 09:50:29 2026 (1782870629)
  Elapsed:  00:05:22 (322)
  Reported: 313 657107000 313.657107
 Success 403.gcc base ref ratio=25.66, runtime=313.657107

-----------------------------------
  Running (#2) 429.mcf ref base infra-rsan-orig_O2 default
Commands to run: 
    -C /home/hahafish/speccpu2006/benchspec/CPU2006/429.mcf/run/run_base_ref_infra-rsan-orig_O2.0003
    -o inp.out -e inp.err ../run_base_ref_infra-rsan-orig_O2.0003/mcf_base.infra-rsan-orig_O2 inp.in
Specinvoke: /media/hahafish/Data/ForUbuntu/speccpu2006/bin/specinvoke -d /home/hahafish/speccpu2006/benchspec/CPU2006/429.mcf/run/run_base_ref_infra-rsan-orig_O2.0003 -e speccmds.err -o speccmds.stdout -f speccmds.cmd -C
Issuing command '/media/hahafish/Data/ForUbuntu/speccpu2006/bin/specinvoke -d /home/hahafish/speccpu2006/benchspec/CPU2006/429.mcf/run/run_base_ref_infra-rsan-orig_O2.0003 -e speccmds.err -o speccmds.stdout -f speccmds.cmd -C'
Start command: Wed Jul  1 09:50:31 2026 (1782870631)
Stop command: Wed Jul  1 09:53:45 2026 (1782870825)
Elapsed time for command: 00:03:14 (194)
Workload elapsed time (0:1) = 185.691614 seconds
copy 0 finished @ Wed Jul  1 09:53:37 2026.  Total elapsed time: 185.691614
comparing files in '/home/hahafish/speccpu2006/benchspec/CPU2006/429.mcf/run/run_base_ref_infra-rsan-orig_O2.0003'
comparing 'inp.out' with abstol=, binary=, calctol=0, cw=, floatcompare=, ignorecase=, obiwan=, reltol=, skipabstol=, skipobiwan=, skipreltol=, skiptol=
comparing 'mcf.out' with abstol=, binary=, calctol=0, cw=, floatcompare=, ignorecase=, obiwan=, reltol=, skipabstol=, skipobiwan=, skipreltol=, skiptol=
Specinvoke: /media/hahafish/Data/ForUbuntu/speccpu2006/bin/specinvoke -E -d /home/hahafish/speccpu2006/benchspec/CPU2006/429.mcf/run/run_base_ref_infra-rsan-orig_O2.0003 -c 1 -e compare.err -o compare.stdout -f compare.cmd
Issuing command '/media/hahafish/Data/ForUbuntu/speccpu2006/bin/specinvoke -E -d /home/hahafish/speccpu2006/benchspec/CPU2006/429.mcf/run/run_base_ref_infra-rsan-orig_O2.0003 -c 1 -e compare.err -o compare.stdout -f compare.cmd'
Start command: Wed Jul  1 09:53:45 2026 (1782870825)
Stop command: Wed Jul  1 09:53:47 2026 (1782870827)
Elapsed time for command: 00:00:02 (2)
Benchmark Times:
  Start:    Wed Jul  1 09:50:31 2026 (1782870631)
  Stop:     Wed Jul  1 09:53:45 2026 (1782870825)
  Elapsed:  00:03:14 (194)
  Reported: 185 691660000 185.69166
 Success 429.mcf base ref ratio=49.11, runtime=185.691660

-----------------------------------
  Running (#2) 433.milc ref base infra-rsan-orig_O2 default
Commands to run: 
    -C /home/hahafish/speccpu2006/benchspec/CPU2006/433.milc/run/run_base_ref_infra-rsan-orig_O2.0003
    -i su3imp.in -o su3imp.out -e su3imp.err ../run_base_ref_infra-rsan-orig_O2.0003/milc_base.infra-rsan-orig_O2
Specinvoke: /media/hahafish/Data/ForUbuntu/speccpu2006/bin/specinvoke -d /home/hahafish/speccpu2006/benchspec/CPU2006/433.milc/run/run_base_ref_infra-rsan-orig_O2.0003 -e speccmds.err -o speccmds.stdout -f speccmds.cmd -C
Issuing command '/media/hahafish/Data/ForUbuntu/speccpu2006/bin/specinvoke -d /home/hahafish/speccpu2006/benchspec/CPU2006/433.milc/run/run_base_ref_infra-rsan-orig_O2.0003 -e speccmds.err -o speccmds.stdout -f speccmds.cmd -C'
Start command: Wed Jul  1 09:53:47 2026 (1782870827)
Stop command: Wed Jul  1 09:56:49 2026 (1782871009)
Elapsed time for command: 00:03:02 (182)
Workload elapsed time (0:1) = 173.726778 seconds
copy 0 finished @ Wed Jul  1 09:56:41 2026.  Total elapsed time: 173.726778
comparing files in '/home/hahafish/speccpu2006/benchspec/CPU2006/433.milc/run/run_base_ref_infra-rsan-orig_O2.0003'
comparing 'su3imp.out' with abstol=2e-07, binary=, calctol=0, cw=, floatcompare=, ignorecase=, obiwan=, reltol=0.0001, skipabstol=, skipobiwan=, skipreltol=, skiptol=
Specinvoke: /media/hahafish/Data/ForUbuntu/speccpu2006/bin/specinvoke -E -d /home/hahafish/speccpu2006/benchspec/CPU2006/433.milc/run/run_base_ref_infra-rsan-orig_O2.0003 -c 1 -e compare.err -o compare.stdout -f compare.cmd
Issuing command '/media/hahafish/Data/ForUbuntu/speccpu2006/bin/specinvoke -E -d /home/hahafish/speccpu2006/benchspec/CPU2006/433.milc/run/run_base_ref_infra-rsan-orig_O2.0003 -c 1 -e compare.err -o compare.stdout -f compare.cmd'
Start command: Wed Jul  1 09:56:49 2026 (1782871009)
Stop command: Wed Jul  1 09:56:51 2026 (1782871011)
Elapsed time for command: 00:00:02 (2)
Benchmark Times:
  Start:    Wed Jul  1 09:53:47 2026 (1782870827)
  Stop:     Wed Jul  1 09:56:49 2026 (1782871009)
  Elapsed:  00:03:02 (182)
  Reported: 173 726825000 173.726825
 Success 433.milc base ref ratio=52.84, runtime=173.726825

-----------------------------------
  Running (#2) 444.namd ref base infra-rsan-orig_O2 default
Commands to run: 
    -C /media/hahafish/Data/ForUbuntu/speccpu2006/benchspec/CPU2006/444.namd/run/run_base_ref_infra-rsan-orig_O2.0000
    -o namd.stdout -e namd.err ../run_base_ref_infra-rsan-orig_O2.0000/namd_base.infra-rsan-orig_O2 --input namd.input --iterations 38 --output namd.out 
Specinvoke: /media/hahafish/Data/ForUbuntu/speccpu2006/bin/specinvoke -d /media/hahafish/Data/ForUbuntu/speccpu2006/benchspec/CPU2006/444.namd/run/run_base_ref_infra-rsan-orig_O2.0000 -e speccmds.err -o speccmds.stdout -f speccmds.cmd -C
Issuing command '/media/hahafish/Data/ForUbuntu/speccpu2006/bin/specinvoke -d /media/hahafish/Data/ForUbuntu/speccpu2006/benchspec/CPU2006/444.namd/run/run_base_ref_infra-rsan-orig_O2.0000 -e speccmds.err -o speccmds.stdout -f speccmds.cmd -C'
Start command: Wed Jul  1 09:56:51 2026 (1782871011)
Stop command: Wed Jul  1 09:59:29 2026 (1782871169)
Elapsed time for command: 00:02:38 (158)
Workload elapsed time (0:1) = 149.987178 seconds
copy 0 finished @ Wed Jul  1 09:59:21 2026.  Total elapsed time: 149.987178
comparing files in '/media/hahafish/Data/ForUbuntu/speccpu2006/benchspec/CPU2006/444.namd/run/run_base_ref_infra-rsan-orig_O2.0000'
comparing 'namd.out' with abstol=1e-05, binary=, calctol=0, cw=, floatcompare=, ignorecase=, obiwan=, reltol=, skipabstol=, skipobiwan=, skipreltol=, skiptol=
Specinvoke: /media/hahafish/Data/ForUbuntu/speccpu2006/bin/specinvoke -E -d /media/hahafish/Data/ForUbuntu/speccpu2006/benchspec/CPU2006/444.namd/run/run_base_ref_infra-rsan-orig_O2.0000 -c 1 -e compare.err -o compare.stdout -f compare.cmd
Issuing command '/media/hahafish/Data/ForUbuntu/speccpu2006/bin/specinvoke -E -d /media/hahafish/Data/ForUbuntu/speccpu2006/benchspec/CPU2006/444.namd/run/run_base_ref_infra-rsan-orig_O2.0000 -c 1 -e compare.err -o compare.stdout -f compare.cmd'
Start command: Wed Jul  1 09:59:29 2026 (1782871169)
Stop command: Wed Jul  1 09:59:31 2026 (1782871171)
Elapsed time for command: 00:00:02 (2)
Benchmark Times:
  Start:    Wed Jul  1 09:56:51 2026 (1782871011)
  Stop:     Wed Jul  1 09:59:29 2026 (1782871169)
  Elapsed:  00:02:38 (158)
  Reported: 149 987219000 149.987219
 Success 444.namd base ref ratio=53.47, runtime=149.987219

-----------------------------------
  Running (#2) 445.gobmk ref base infra-rsan-orig_O2 default
Commands to run: 
    -C /home/hahafish/speccpu2006/benchspec/CPU2006/445.gobmk/run/run_base_ref_infra-rsan-orig_O2.0003
    -i 13x13.tst -o 13x13.out -e 13x13.err ../run_base_ref_infra-rsan-orig_O2.0003/gobmk_base.infra-rsan-orig_O2 --quiet --mode gtp
    -i nngs.tst -o nngs.out -e nngs.err ../run_base_ref_infra-rsan-orig_O2.0003/gobmk_base.infra-rsan-orig_O2 --quiet --mode gtp
    -i score2.tst -o score2.out -e score2.err ../run_base_ref_infra-rsan-orig_O2.0003/gobmk_base.infra-rsan-orig_O2 --quiet --mode gtp
    -i trevorc.tst -o trevorc.out -e trevorc.err ../run_base_ref_infra-rsan-orig_O2.0003/gobmk_base.infra-rsan-orig_O2 --quiet --mode gtp
    -i trevord.tst -o trevord.out -e trevord.err ../run_base_ref_infra-rsan-orig_O2.0003/gobmk_base.infra-rsan-orig_O2 --quiet --mode gtp
Specinvoke: /media/hahafish/Data/ForUbuntu/speccpu2006/bin/specinvoke -d /home/hahafish/speccpu2006/benchspec/CPU2006/445.gobmk/run/run_base_ref_infra-rsan-orig_O2.0003 -e speccmds.err -o speccmds.stdout -f speccmds.cmd -C
Issuing command '/media/hahafish/Data/ForUbuntu/speccpu2006/bin/specinvoke -d /home/hahafish/speccpu2006/benchspec/CPU2006/445.gobmk/run/run_base_ref_infra-rsan-orig_O2.0003 -e speccmds.err -o speccmds.stdout -f speccmds.cmd -C'
Start command: Wed Jul  1 09:59:31 2026 (1782871171)
Stop command: Wed Jul  1 10:03:53 2026 (1782871433)
Elapsed time for command: 00:04:22 (262)
Workload elapsed time (0:1) = 35.931146 seconds
Workload elapsed time (0:2) = 90.500739 seconds
Workload elapsed time (0:3) = 45.603483 seconds
Workload elapsed time (0:4) = 35.430247 seconds
Workload elapsed time (0:5) = 46.467521 seconds
copy 0 finished @ Wed Jul  1 10:03:45 2026.  Total elapsed time: 253.933136
comparing files in '/home/hahafish/speccpu2006/benchspec/CPU2006/445.gobmk/run/run_base_ref_infra-rsan-orig_O2.0003'
comparing '13x13.out' with abstol=, binary=, calctol=0, cw=, floatcompare=, ignorecase=, obiwan=, reltol=, skipabstol=, skipobiwan=, skipreltol=, skiptol=
comparing 'nngs.out' with abstol=, binary=, calctol=0, cw=, floatcompare=, ignorecase=, obiwan=, reltol=, skipabstol=, skipobiwan=, skipreltol=, skiptol=
comparing 'score2.out' with abstol=, binary=, calctol=0, cw=, floatcompare=, ignorecase=, obiwan=, reltol=, skipabstol=, skipobiwan=, skipreltol=, skiptol=
comparing 'trevorc.out' with abstol=, binary=, calctol=0, cw=, floatcompare=, ignorecase=, obiwan=, reltol=, skipabstol=, skipobiwan=, skipreltol=, skiptol=
comparing 'trevord.out' with abstol=, binary=, calctol=0, cw=, floatcompare=, ignorecase=, obiwan=, reltol=, skipabstol=, skipobiwan=, skipreltol=, skiptol=
Specinvoke: /media/hahafish/Data/ForUbuntu/speccpu2006/bin/specinvoke -E -d /home/hahafish/speccpu2006/benchspec/CPU2006/445.gobmk/run/run_base_ref_infra-rsan-orig_O2.0003 -c 1 -e compare.err -o compare.stdout -f compare.cmd
Issuing command '/media/hahafish/Data/ForUbuntu/speccpu2006/bin/specinvoke -E -d /home/hahafish/speccpu2006/benchspec/CPU2006/445.gobmk/run/run_base_ref_infra-rsan-orig_O2.0003 -c 1 -e compare.err -o compare.stdout -f compare.cmd'
Start command: Wed Jul  1 10:03:53 2026 (1782871433)
Stop command: Wed Jul  1 10:03:55 2026 (1782871435)
Elapsed time for command: 00:00:02 (2)
Benchmark Times:
  Start:    Wed Jul  1 09:59:31 2026 (1782871171)
  Stop:     Wed Jul  1 10:03:53 2026 (1782871433)
  Elapsed:  00:04:22 (262)
  Reported: 253 933207000 253.933207
 Success 445.gobmk base ref ratio=41.31, runtime=253.933207

-----------------------------------
  Running (#2) 447.dealII ref base infra-rsan-orig_O2 default
Commands to run: 
    -C /media/hahafish/Data/ForUbuntu/speccpu2006/benchspec/CPU2006/447.dealII/run/run_base_ref_infra-rsan-orig_O2.0000
    -o log -e dealII.err ../run_base_ref_infra-rsan-orig_O2.0000/dealII_base.infra-rsan-orig_O2 23
Specinvoke: /media/hahafish/Data/ForUbuntu/speccpu2006/bin/specinvoke -d /media/hahafish/Data/ForUbuntu/speccpu2006/benchspec/CPU2006/447.dealII/run/run_base_ref_infra-rsan-orig_O2.0000 -e speccmds.err -o speccmds.stdout -f speccmds.cmd -C
Issuing command '/media/hahafish/Data/ForUbuntu/speccpu2006/bin/specinvoke -d /media/hahafish/Data/ForUbuntu/speccpu2006/benchspec/CPU2006/447.dealII/run/run_base_ref_infra-rsan-orig_O2.0000 -e speccmds.err -o speccmds.stdout -f speccmds.cmd -C'
Start command: Wed Jul  1 10:03:55 2026 (1782871435)
Stop command: Wed Jul  1 10:06:18 2026 (1782871578)
Elapsed time for command: 00:02:23 (143)
Workload elapsed time (0:1) = 135.330582 seconds
copy 0 finished @ Wed Jul  1 10:06:10 2026.  Total elapsed time: 135.330582
comparing files in '/media/hahafish/Data/ForUbuntu/speccpu2006/benchspec/CPU2006/447.dealII/run/run_base_ref_infra-rsan-orig_O2.0000'
comparing 'grid-0.eps' with abstol=1e-07, binary=, calctol=0, cw=, floatcompare=, ignorecase=, obiwan=, reltol=, skipabstol=, skipobiwan=, skipreltol=, skiptol=
comparing 'grid-1.eps' with abstol=1e-07, binary=, calctol=0, cw=, floatcompare=, ignorecase=, obiwan=, reltol=, skipabstol=, skipobiwan=, skipreltol=, skiptol=
comparing 'grid-2.eps' with abstol=1e-07, binary=, calctol=0, cw=, floatcompare=, ignorecase=, obiwan=, reltol=, skipabstol=, skipobiwan=, skipreltol=, skiptol=
comparing 'grid-3.eps' with abstol=1e-07, binary=, calctol=0, cw=, floatcompare=, ignorecase=, obiwan=, reltol=, skipabstol=, skipobiwan=, skipreltol=, skiptol=
comparing 'grid-4.eps' with abstol=1e-07, binary=, calctol=0, cw=, floatcompare=, ignorecase=, obiwan=, reltol=, skipabstol=, skipobiwan=, skipreltol=, skiptol=
comparing 'grid-5.eps' with abstol=1e-07, binary=, calctol=0, cw=, floatcompare=, ignorecase=, obiwan=, reltol=, skipabstol=, skipobiwan=, skipreltol=, skiptol=
comparing 'grid-6.eps' with abstol=1e-07, binary=, calctol=0, cw=, floatcompare=, ignorecase=, obiwan=, reltol=, skipabstol=, skipobiwan=, skipreltol=, skiptol=
comparing 'grid-7.eps' with abstol=1e-07, binary=, calctol=0, cw=, floatcompare=, ignorecase=, obiwan=, reltol=, skipabstol=, skipobiwan=, skipreltol=, skiptol=
comparing 'grid-8.eps' with abstol=1e-07, binary=, calctol=0, cw=, floatcompare=, ignorecase=, obiwan=, reltol=, skipabstol=, skipobiwan=, skipreltol=, skiptol=
comparing 'solution-0.gmv' with abstol=1e-07, binary=, calctol=0, cw=, floatcompare=, ignorecase=, obiwan=, reltol=, skipabstol=, skipobiwan=, skipreltol=, skiptol=
comparing 'solution-1.gmv' with abstol=1e-07, binary=, calctol=0, cw=, floatcompare=, ignorecase=, obiwan=, reltol=, skipabstol=, skipobiwan=, skipreltol=, skiptol=
comparing 'solution-2.gmv' with abstol=1e-07, binary=, calctol=0, cw=, floatcompare=, ignorecase=, obiwan=, reltol=, skipabstol=, skipobiwan=, skipreltol=, skiptol=
comparing 'solution-3.gmv' with abstol=1e-07, binary=, calctol=0, cw=, floatcompare=, ignorecase=, obiwan=, reltol=, skipabstol=, skipobiwan=, skipreltol=, skiptol=
comparing 'solution-4.gmv' with abstol=1e-07, binary=, calctol=0, cw=, floatcompare=, ignorecase=, obiwan=, reltol=, skipabstol=, skipobiwan=, skipreltol=, skiptol=
comparing 'solution-5.gmv' with abstol=1e-07, binary=, calctol=0, cw=, floatcompare=, ignorecase=, obiwan=, reltol=, skipabstol=, skipobiwan=, skipreltol=, skiptol=
comparing 'solution-6.gmv' with abstol=1e-07, binary=, calctol=0, cw=, floatcompare=, ignorecase=, obiwan=, reltol=, skipabstol=, skipobiwan=, skipreltol=, skiptol=
comparing 'solution-7.gmv' with abstol=1e-07, binary=, calctol=0, cw=, floatcompare=, ignorecase=, obiwan=, reltol=, skipabstol=, skipobiwan=, skipreltol=, skiptol=
comparing 'solution-8.gmv' with abstol=1e-07, binary=, calctol=0, cw=, floatcompare=, ignorecase=, obiwan=, reltol=, skipabstol=, skipobiwan=, skipreltol=, skiptol=
comparing 'grid-10.eps' with abstol=1e-07, binary=, calctol=0, cw=, floatcompare=, ignorecase=, obiwan=, reltol=, skipabstol=, skipobiwan=, skipreltol=, skiptol=
comparing 'grid-11.eps' with abstol=1e-07, binary=, calctol=0, cw=, floatcompare=, ignorecase=, obiwan=, reltol=, skipabstol=, skipobiwan=, skipreltol=, skiptol=
comparing 'grid-12.eps' with abstol=1e-07, binary=, calctol=0, cw=, floatcompare=, ignorecase=, obiwan=, reltol=, skipabstol=, skipobiwan=, skipreltol=, skiptol=
comparing 'grid-13.eps' with abstol=1e-07, binary=, calctol=0, cw=, floatcompare=, ignorecase=, obiwan=, reltol=, skipabstol=, skipobiwan=, skipreltol=, skiptol=
comparing 'grid-14.eps' with abstol=1e-07, binary=, calctol=0, cw=, floatcompare=, ignorecase=, obiwan=, reltol=, skipabstol=, skipobiwan=, skipreltol=, skiptol=
comparing 'grid-15.eps' with abstol=1e-07, binary=, calctol=0, cw=, floatcompare=, ignorecase=, obiwan=, reltol=, skipabstol=, skipobiwan=, skipreltol=, skiptol=
comparing 'grid-16.eps' with abstol=1e-07, binary=, calctol=0, cw=, floatcompare=, ignorecase=, obiwan=, reltol=, skipabstol=, skipobiwan=, skipreltol=, skiptol=
comparing 'grid-17.eps' with abstol=1e-07, binary=, calctol=0, cw=, floatcompare=, ignorecase=, obiwan=, reltol=, skipabstol=, skipobiwan=, skipreltol=, skiptol=
comparing 'grid-18.eps' with abstol=1e-07, binary=, calctol=0, cw=, floatcompare=, ignorecase=, obiwan=, reltol=, skipabstol=, skipobiwan=, skipreltol=, skiptol=
comparing 'grid-19.eps' with abstol=1e-07, binary=, calctol=0, cw=, floatcompare=, ignorecase=, obiwan=, reltol=, skipabstol=, skipobiwan=, skipreltol=, skiptol=
comparing 'grid-20.eps' with abstol=1e-07, binary=, calctol=0, cw=, floatcompare=, ignorecase=, obiwan=, reltol=, skipabstol=, skipobiwan=, skipreltol=, skiptol=
comparing 'grid-21.eps' with abstol=1e-07, binary=, calctol=0, cw=, floatcompare=, ignorecase=, obiwan=, reltol=, skipabstol=, skipobiwan=, skipreltol=, skiptol=
comparing 'grid-22.eps' with abstol=1e-07, binary=, calctol=0, cw=, floatcompare=, ignorecase=, obiwan=, reltol=, skipabstol=, skipobiwan=, skipreltol=, skiptol=
comparing 'grid-23.eps' with abstol=1e-07, binary=, calctol=0, cw=, floatcompare=, ignorecase=, obiwan=, reltol=, skipabstol=, skipobiwan=, skipreltol=, skiptol=
comparing 'grid-9.eps' with abstol=1e-07, binary=, calctol=0, cw=, floatcompare=, ignorecase=, obiwan=, reltol=, skipabstol=, skipobiwan=, skipreltol=, skiptol=
comparing 'log' with abstol=1e-07, binary=, calctol=0, cw=, floatcompare=, ignorecase=, obiwan=, reltol=, skipabstol=, skipobiwan=, skipreltol=, skiptol=
comparing 'solution-10.gmv' with abstol=1e-07, binary=, calctol=0, cw=, floatcompare=, ignorecase=, obiwan=, reltol=, skipabstol=, skipobiwan=, skipreltol=, skiptol=
comparing 'solution-11.gmv' with abstol=1e-07, binary=, calctol=0, cw=, floatcompare=, ignorecase=, obiwan=, reltol=, skipabstol=, skipobiwan=, skipreltol=, skiptol=
comparing 'solution-12.gmv' with abstol=1e-07, binary=, calctol=0, cw=, floatcompare=, ignorecase=, obiwan=, reltol=, skipabstol=, skipobiwan=, skipreltol=, skiptol=
comparing 'solution-13.gmv' with abstol=1e-07, binary=, calctol=0, cw=, floatcompare=, ignorecase=, obiwan=, reltol=, skipabstol=, skipobiwan=, skipreltol=, skiptol=
comparing 'solution-14.gmv' with abstol=1e-07, binary=, calctol=0, cw=, floatcompare=, ignorecase=, obiwan=, reltol=, skipabstol=, skipobiwan=, skipreltol=, skiptol=
comparing 'solution-15.gmv' with abstol=1e-07, binary=, calctol=0, cw=, floatcompare=, ignorecase=, obiwan=, reltol=, skipabstol=, skipobiwan=, skipreltol=, skiptol=
comparing 'solution-16.gmv' with abstol=1e-07, binary=, calctol=0, cw=, floatcompare=, ignorecase=, obiwan=, reltol=, skipabstol=, skipobiwan=, skipreltol=, skiptol=
comparing 'solution-17.gmv' with abstol=1e-07, binary=, calctol=0, cw=, floatcompare=, ignorecase=, obiwan=, reltol=, skipabstol=, skipobiwan=, skipreltol=, skiptol=
comparing 'solution-18.gmv' with abstol=1e-07, binary=, calctol=0, cw=, floatcompare=, ignorecase=, obiwan=, reltol=, skipabstol=, skipobiwan=, skipreltol=, skiptol=
comparing 'solution-19.gmv' with abstol=1e-07, binary=, calctol=0, cw=, floatcompare=, ignorecase=, obiwan=, reltol=, skipabstol=, skipobiwan=, skipreltol=, skiptol=
comparing 'solution-20.gmv' with abstol=1e-07, binary=, calctol=0, cw=, floatcompare=, ignorecase=, obiwan=, reltol=, skipabstol=, skipobiwan=, skipreltol=, skiptol=
comparing 'solution-21.gmv' with abstol=1e-07, binary=, calctol=0, cw=, floatcompare=, ignorecase=, obiwan=, reltol=, skipabstol=, skipobiwan=, skipreltol=, skiptol=
comparing 'solution-22.gmv' with abstol=1e-07, binary=, calctol=0, cw=, floatcompare=, ignorecase=, obiwan=, reltol=, skipabstol=, skipobiwan=, skipreltol=, skiptol=
comparing 'solution-23.gmv' with abstol=1e-07, binary=, calctol=0, cw=, floatcompare=, ignorecase=, obiwan=, reltol=, skipabstol=, skipobiwan=, skipreltol=, skiptol=
comparing 'solution-9.gmv' with abstol=1e-07, binary=, calctol=0, cw=, floatcompare=, ignorecase=, obiwan=, reltol=, skipabstol=, skipobiwan=, skipreltol=, skiptol=
Specinvoke: /media/hahafish/Data/ForUbuntu/speccpu2006/bin/specinvoke -E -d /media/hahafish/Data/ForUbuntu/speccpu2006/benchspec/CPU2006/447.dealII/run/run_base_ref_infra-rsan-orig_O2.0000 -c 1 -e compare.err -o compare.stdout -f compare.cmd
Issuing command '/media/hahafish/Data/ForUbuntu/speccpu2006/bin/specinvoke -E -d /media/hahafish/Data/ForUbuntu/speccpu2006/benchspec/CPU2006/447.dealII/run/run_base_ref_infra-rsan-orig_O2.0000 -c 1 -e compare.err -o compare.stdout -f compare.cmd'
Start command: Wed Jul  1 10:06:18 2026 (1782871578)
Stop command: Wed Jul  1 10:06:33 2026 (1782871593)
Elapsed time for command: 00:00:15 (15)
Benchmark Times:
  Start:    Wed Jul  1 10:03:55 2026 (1782871435)
  Stop:     Wed Jul  1 10:06:18 2026 (1782871578)
  Elapsed:  00:02:23 (143)
  Reported: 135 330626000 135.330626
 Success 447.dealII base ref ratio=84.53, runtime=135.330626

-----------------------------------
  Running (#2) 450.soplex ref base infra-rsan-orig_O2 default
Commands to run: 
    -C /media/hahafish/Data/ForUbuntu/speccpu2006/benchspec/CPU2006/450.soplex/run/run_base_ref_infra-rsan-orig_O2.0000
    -o pds-50.mps.out -e pds-50.mps.stderr ../run_base_ref_infra-rsan-orig_O2.0000/soplex_base.infra-rsan-orig_O2 -s1 -e -m45000 pds-50.mps
    -o ref.out -e ref.stderr ../run_base_ref_infra-rsan-orig_O2.0000/soplex_base.infra-rsan-orig_O2 -m3500 ref.mps
Specinvoke: /media/hahafish/Data/ForUbuntu/speccpu2006/bin/specinvoke -d /media/hahafish/Data/ForUbuntu/speccpu2006/benchspec/CPU2006/450.soplex/run/run_base_ref_infra-rsan-orig_O2.0000 -e speccmds.err -o speccmds.stdout -f speccmds.cmd -C
Issuing command '/media/hahafish/Data/ForUbuntu/speccpu2006/bin/specinvoke -d /media/hahafish/Data/ForUbuntu/speccpu2006/benchspec/CPU2006/450.soplex/run/run_base_ref_infra-rsan-orig_O2.0000 -e speccmds.err -o speccmds.stdout -f speccmds.cmd -C'
Start command: Wed Jul  1 10:06:33 2026 (1782871593)
Stop command: Wed Jul  1 10:09:11 2026 (1782871751)
Elapsed time for command: 00:02:38 (158)
Workload elapsed time (0:1) = 75.835437 seconds
Workload elapsed time (0:2) = 74.249824 seconds
copy 0 finished @ Wed Jul  1 10:09:03 2026.  Total elapsed time: 150.085261
comparing files in '/media/hahafish/Data/ForUbuntu/speccpu2006/benchspec/CPU2006/450.soplex/run/run_base_ref_infra-rsan-orig_O2.0000'
comparing 'pds-50.mps.out' with abstol=1e-05, binary=, calctol=0, cw=, floatcompare=, ignorecase=, obiwan=1, reltol=0.02, skipabstol=, skipobiwan=, skipreltol=, skiptol=
comparing 'pds-50.mps.stderr' with abstol=20, binary=, calctol=0, cw=, floatcompare=, ignorecase=, obiwan=1, reltol=0.0001, skipabstol=, skipobiwan=, skipreltol=, skiptol=
comparing 'ref.out' with abstol=1e-05, binary=, calctol=0, cw=, floatcompare=, ignorecase=, obiwan=1, reltol=0.02, skipabstol=, skipobiwan=, skipreltol=, skiptol=
comparing 'ref.stderr' with abstol=20, binary=, calctol=0, cw=, floatcompare=, ignorecase=, obiwan=1, reltol=0.0001, skipabstol=, skipobiwan=, skipreltol=, skiptol=
Specinvoke: /media/hahafish/Data/ForUbuntu/speccpu2006/bin/specinvoke -E -d /media/hahafish/Data/ForUbuntu/speccpu2006/benchspec/CPU2006/450.soplex/run/run_base_ref_infra-rsan-orig_O2.0000 -c 1 -e compare.err -o compare.stdout -f compare.cmd
Issuing command '/media/hahafish/Data/ForUbuntu/speccpu2006/bin/specinvoke -E -d /media/hahafish/Data/ForUbuntu/speccpu2006/benchspec/CPU2006/450.soplex/run/run_base_ref_infra-rsan-orig_O2.0000 -c 1 -e compare.err -o compare.stdout -f compare.cmd'
Start command: Wed Jul  1 10:09:11 2026 (1782871751)
Stop command: Wed Jul  1 10:09:13 2026 (1782871753)
Elapsed time for command: 00:00:02 (2)
Error with '/media/hahafish/Data/ForUbuntu/speccpu2006/bin/specinvoke -E -d /media/hahafish/Data/ForUbuntu/speccpu2006/benchspec/CPU2006/450.soplex/run/run_base_ref_infra-rsan-orig_O2.0000 -c 1 -e compare.err -o compare.stdout -f compare.cmd': check file '/media/hahafish/Data/ForUbuntu/speccpu2006/benchspec/CPU2006/450.soplex/run/run_base_ref_infra-rsan-orig_O2.0000/.err'
*** Miscompare of pds-50.mps.stderr, see /media/hahafish/Data/ForUbuntu/speccpu2006/benchspec/CPU2006/450.soplex/run/run_base_ref_infra-rsan-orig_O2.0000/pds-50.mps.stderr.mis
'pds-50.mps.stderr' long
*** Miscompare of ref.stderr, see /media/hahafish/Data/ForUbuntu/speccpu2006/benchspec/CPU2006/450.soplex/run/run_base_ref_infra-rsan-orig_O2.0000/ref.stderr.mis
'ref.stderr' long
Benchmark Times:
  Start:    Wed Jul  1 10:06:33 2026 (1782871593)
  Stop:     Wed Jul  1 10:09:11 2026 (1782871751)
  Elapsed:  00:02:38 (158)
  Reported: 150 85314000 150.085314
 Error 450.soplex base ref ratio=55.57, runtime=150.085314

-----------------------------------
  Running (#2) 453.povray ref base infra-rsan-orig_O2 default
Commands to run: 
    -C /media/hahafish/Data/ForUbuntu/speccpu2006/benchspec/CPU2006/453.povray/run/run_base_ref_infra-rsan-orig_O2.0000
    -o SPEC-benchmark-ref.stdout -e SPEC-benchmark-ref.stderr ../run_base_ref_infra-rsan-orig_O2.0000/povray_base.infra-rsan-orig_O2 SPEC-benchmark-ref.ini
Specinvoke: /media/hahafish/Data/ForUbuntu/speccpu2006/bin/specinvoke -d /media/hahafish/Data/ForUbuntu/speccpu2006/benchspec/CPU2006/453.povray/run/run_base_ref_infra-rsan-orig_O2.0000 -e speccmds.err -o speccmds.stdout -f speccmds.cmd -C
Issuing command '/media/hahafish/Data/ForUbuntu/speccpu2006/bin/specinvoke -d /media/hahafish/Data/ForUbuntu/speccpu2006/benchspec/CPU2006/453.povray/run/run_base_ref_infra-rsan-orig_O2.0000 -e speccmds.err -o speccmds.stdout -f speccmds.cmd -C'
Start command: Wed Jul  1 10:09:13 2026 (1782871753)
Stop command: Wed Jul  1 10:10:28 2026 (1782871828)
Elapsed time for command: 00:01:15 (75)
Workload elapsed time (0:1) = 66.840013 seconds
copy 0 finished @ Wed Jul  1 10:10:20 2026.  Total elapsed time: 66.840013
comparing files in '/media/hahafish/Data/ForUbuntu/speccpu2006/benchspec/CPU2006/453.povray/run/run_base_ref_infra-rsan-orig_O2.0000'
comparing 'SPEC-benchmark.log' with abstol=0, binary=, calctol=0, cw=, floatcompare=, ignorecase=, obiwan=, reltol=5e-05, skipabstol=, skipobiwan=, skipreltol=, skiptol=
comparing 'SPEC-benchmark.tga' with abstol=0, binary=1, calctol=0, cw=, floatcompare=, ignorecase=, obiwan=, reltol=5e-05, skipabstol=, skipobiwan=, skipreltol=, skiptol=50
Specinvoke: /media/hahafish/Data/ForUbuntu/speccpu2006/bin/specinvoke -E -d /media/hahafish/Data/ForUbuntu/speccpu2006/benchspec/CPU2006/453.povray/run/run_base_ref_infra-rsan-orig_O2.0000 -c 1 -e compare.err -o compare.stdout -f compare.cmd
Issuing command '/media/hahafish/Data/ForUbuntu/speccpu2006/bin/specinvoke -E -d /media/hahafish/Data/ForUbuntu/speccpu2006/benchspec/CPU2006/453.povray/run/run_base_ref_infra-rsan-orig_O2.0000 -c 1 -e compare.err -o compare.stdout -f compare.cmd'
Start command: Wed Jul  1 10:10:28 2026 (1782871828)
Stop command: Wed Jul  1 10:10:33 2026 (1782871833)
Elapsed time for command: 00:00:05 (5)
Benchmark Times:
  Start:    Wed Jul  1 10:09:13 2026 (1782871753)
  Stop:     Wed Jul  1 10:10:28 2026 (1782871828)
  Elapsed:  00:01:15 (75)
  Reported: 66 840051000 66.840051
 Success 453.povray base ref ratio=79.59, runtime=66.840051

-----------------------------------
  Running (#2) 456.hmmer ref base infra-rsan-orig_O2 default
Commands to run: 
    -C /home/hahafish/speccpu2006/benchspec/CPU2006/456.hmmer/run/run_base_ref_infra-rsan-orig_O2.0003
    -o nph3.out -e nph3.err ../run_base_ref_infra-rsan-orig_O2.0003/hmmer_base.infra-rsan-orig_O2 nph3.hmm swiss41
    -o retro.out -e retro.err ../run_base_ref_infra-rsan-orig_O2.0003/hmmer_base.infra-rsan-orig_O2 --fixed 0 --mean 500 --num 500000 --sd 350 --seed 0 retro.hmm
Specinvoke: /media/hahafish/Data/ForUbuntu/speccpu2006/bin/specinvoke -d /home/hahafish/speccpu2006/benchspec/CPU2006/456.hmmer/run/run_base_ref_infra-rsan-orig_O2.0003 -e speccmds.err -o speccmds.stdout -f speccmds.cmd -C
Issuing command '/media/hahafish/Data/ForUbuntu/speccpu2006/bin/specinvoke -d /home/hahafish/speccpu2006/benchspec/CPU2006/456.hmmer/run/run_base_ref_infra-rsan-orig_O2.0003 -e speccmds.err -o speccmds.stdout -f speccmds.cmd -C'
Start command: Wed Jul  1 10:10:33 2026 (1782871833)
Stop command: Wed Jul  1 10:13:31 2026 (1782872011)
Elapsed time for command: 00:02:58 (178)
Workload elapsed time (0:1) = 53.022007 seconds
Workload elapsed time (0:2) = 116.994869 seconds
copy 0 finished @ Wed Jul  1 10:13:23 2026.  Total elapsed time: 170.016876
comparing files in '/home/hahafish/speccpu2006/benchspec/CPU2006/456.hmmer/run/run_base_ref_infra-rsan-orig_O2.0003'
comparing 'nph3.out' with abstol=1e-05, binary=, calctol=0, cw=, floatcompare=, ignorecase=, obiwan=, reltol=0.002, skipabstol=, skipobiwan=, skipreltol=, skiptol=10
comparing 'retro.out' with abstol=1e-05, binary=, calctol=0, cw=, floatcompare=, ignorecase=, obiwan=, reltol=0.002, skipabstol=, skipobiwan=, skipreltol=, skiptol=10
Specinvoke: /media/hahafish/Data/ForUbuntu/speccpu2006/bin/specinvoke -E -d /home/hahafish/speccpu2006/benchspec/CPU2006/456.hmmer/run/run_base_ref_infra-rsan-orig_O2.0003 -c 1 -e compare.err -o compare.stdout -f compare.cmd
Issuing command '/media/hahafish/Data/ForUbuntu/speccpu2006/bin/specinvoke -E -d /home/hahafish/speccpu2006/benchspec/CPU2006/456.hmmer/run/run_base_ref_infra-rsan-orig_O2.0003 -c 1 -e compare.err -o compare.stdout -f compare.cmd'
Start command: Wed Jul  1 10:13:31 2026 (1782872011)
Stop command: Wed Jul  1 10:13:33 2026 (1782872013)
Elapsed time for command: 00:00:02 (2)
Benchmark Times:
  Start:    Wed Jul  1 10:10:33 2026 (1782871833)
  Stop:     Wed Jul  1 10:13:31 2026 (1782872011)
  Elapsed:  00:02:58 (178)
  Reported: 170 16917000 170.016917
 Success 456.hmmer base ref ratio=54.88, runtime=170.016917

-----------------------------------
  Running (#2) 458.sjeng ref base infra-rsan-orig_O2 default
Commands to run: 
    -C /media/hahafish/Data/ForUbuntu/speccpu2006/benchspec/CPU2006/458.sjeng/run/run_base_ref_infra-rsan-orig_O2.0000
    -o ref.out -e ref.err ../run_base_ref_infra-rsan-orig_O2.0000/sjeng_base.infra-rsan-orig_O2 ref.txt
Specinvoke: /media/hahafish/Data/ForUbuntu/speccpu2006/bin/specinvoke -d /media/hahafish/Data/ForUbuntu/speccpu2006/benchspec/CPU2006/458.sjeng/run/run_base_ref_infra-rsan-orig_O2.0000 -e speccmds.err -o speccmds.stdout -f speccmds.cmd -C
Issuing command '/media/hahafish/Data/ForUbuntu/speccpu2006/bin/specinvoke -d /media/hahafish/Data/ForUbuntu/speccpu2006/benchspec/CPU2006/458.sjeng/run/run_base_ref_infra-rsan-orig_O2.0000 -e speccmds.err -o speccmds.stdout -f speccmds.cmd -C'
Start command: Wed Jul  1 10:13:34 2026 (1782872014)
Stop command: Wed Jul  1 10:19:08 2026 (1782872348)
Elapsed time for command: 00:05:34 (334)
Workload elapsed time (0:1) = 326.097223 seconds
copy 0 finished @ Wed Jul  1 10:19:00 2026.  Total elapsed time: 326.097223
comparing files in '/media/hahafish/Data/ForUbuntu/speccpu2006/benchspec/CPU2006/458.sjeng/run/run_base_ref_infra-rsan-orig_O2.0000'
comparing 'ref.out' with abstol=, binary=, calctol=0, cw=, floatcompare=, ignorecase=, obiwan=, reltol=, skipabstol=, skipobiwan=, skipreltol=, skiptol=
Specinvoke: /media/hahafish/Data/ForUbuntu/speccpu2006/bin/specinvoke -E -d /media/hahafish/Data/ForUbuntu/speccpu2006/benchspec/CPU2006/458.sjeng/run/run_base_ref_infra-rsan-orig_O2.0000 -c 1 -e compare.err -o compare.stdout -f compare.cmd
Issuing command '/media/hahafish/Data/ForUbuntu/speccpu2006/bin/specinvoke -E -d /media/hahafish/Data/ForUbuntu/speccpu2006/benchspec/CPU2006/458.sjeng/run/run_base_ref_infra-rsan-orig_O2.0000 -c 1 -e compare.err -o compare.stdout -f compare.cmd'
Start command: Wed Jul  1 10:19:08 2026 (1782872348)
Stop command: Wed Jul  1 10:19:10 2026 (1782872350)
Elapsed time for command: 00:00:02 (2)
Benchmark Times:
  Start:    Wed Jul  1 10:13:34 2026 (1782872014)
  Stop:     Wed Jul  1 10:19:08 2026 (1782872348)
  Elapsed:  00:05:34 (334)
  Reported: 326 97259000 326.097259
 Success 458.sjeng base ref ratio=37.11, runtime=326.097259

-----------------------------------
  Running (#2) 462.libquantum ref base infra-rsan-orig_O2 default
Commands to run: 
    -C /home/hahafish/speccpu2006/benchspec/CPU2006/462.libquantum/run/run_base_ref_infra-rsan-orig_O2.0003
    -o ref.out -e ref.err ../run_base_ref_infra-rsan-orig_O2.0003/libquantum_base.infra-rsan-orig_O2 1397 8
Specinvoke: /media/hahafish/Data/ForUbuntu/speccpu2006/bin/specinvoke -d /home/hahafish/speccpu2006/benchspec/CPU2006/462.libquantum/run/run_base_ref_infra-rsan-orig_O2.0003 -e speccmds.err -o speccmds.stdout -f speccmds.cmd -C
Issuing command '/media/hahafish/Data/ForUbuntu/speccpu2006/bin/specinvoke -d /home/hahafish/speccpu2006/benchspec/CPU2006/462.libquantum/run/run_base_ref_infra-rsan-orig_O2.0003 -e speccmds.err -o speccmds.stdout -f speccmds.cmd -C'
Start command: Wed Jul  1 10:19:10 2026 (1782872350)
Stop command: Wed Jul  1 10:23:08 2026 (1782872588)
Elapsed time for command: 00:03:58 (238)
Workload elapsed time (0:1) = 230.735921 seconds
copy 0 finished @ Wed Jul  1 10:23:00 2026.  Total elapsed time: 230.735921
comparing files in '/home/hahafish/speccpu2006/benchspec/CPU2006/462.libquantum/run/run_base_ref_infra-rsan-orig_O2.0003'
comparing 'ref.out' with abstol=, binary=, calctol=0, cw=, floatcompare=, ignorecase=, obiwan=1, reltol=, skipabstol=, skipobiwan=, skipreltol=, skiptol=
Specinvoke: /media/hahafish/Data/ForUbuntu/speccpu2006/bin/specinvoke -E -d /home/hahafish/speccpu2006/benchspec/CPU2006/462.libquantum/run/run_base_ref_infra-rsan-orig_O2.0003 -c 1 -e compare.err -o compare.stdout -f compare.cmd
Issuing command '/media/hahafish/Data/ForUbuntu/speccpu2006/bin/specinvoke -E -d /home/hahafish/speccpu2006/benchspec/CPU2006/462.libquantum/run/run_base_ref_infra-rsan-orig_O2.0003 -c 1 -e compare.err -o compare.stdout -f compare.cmd'
Start command: Wed Jul  1 10:23:08 2026 (1782872588)
Stop command: Wed Jul  1 10:23:10 2026 (1782872590)
Elapsed time for command: 00:00:02 (2)
Benchmark Times:
  Start:    Wed Jul  1 10:19:10 2026 (1782872350)
  Stop:     Wed Jul  1 10:23:08 2026 (1782872588)
  Elapsed:  00:03:58 (238)
  Reported: 230 735963000 230.735963
 Success 462.libquantum base ref ratio=89.80, runtime=230.735963

-----------------------------------
  Running (#2) 464.h264ref ref base infra-rsan-orig_O2 default
Commands to run: 
    -C /media/hahafish/Data/ForUbuntu/speccpu2006/benchspec/CPU2006/464.h264ref/run/run_base_ref_infra-rsan-orig_O2.0000
    -o foreman_ref_baseline_encodelog.out -e foreman_ref_baseline_encodelog.err ../run_base_ref_infra-rsan-orig_O2.0000/h264ref_base.infra-rsan-orig_O2 -d foreman_ref_encoder_baseline.cfg
    -o foreman_ref_main_encodelog.out -e foreman_ref_main_encodelog.err ../run_base_ref_infra-rsan-orig_O2.0000/h264ref_base.infra-rsan-orig_O2 -d foreman_ref_encoder_main.cfg
    -o sss_main_encodelog.out -e sss_main_encodelog.err ../run_base_ref_infra-rsan-orig_O2.0000/h264ref_base.infra-rsan-orig_O2 -d sss_encoder_main.cfg
Specinvoke: /media/hahafish/Data/ForUbuntu/speccpu2006/bin/specinvoke -d /media/hahafish/Data/ForUbuntu/speccpu2006/benchspec/CPU2006/464.h264ref/run/run_base_ref_infra-rsan-orig_O2.0000 -e speccmds.err -o speccmds.stdout -f speccmds.cmd -C
Issuing command '/media/hahafish/Data/ForUbuntu/speccpu2006/bin/specinvoke -d /media/hahafish/Data/ForUbuntu/speccpu2006/benchspec/CPU2006/464.h264ref/run/run_base_ref_infra-rsan-orig_O2.0000 -e speccmds.err -o speccmds.stdout -f speccmds.cmd -C'
Start command: Wed Jul  1 10:23:10 2026 (1782872590)
Stop command: Wed Jul  1 10:27:16 2026 (1782872836)
Elapsed time for command: 00:04:06 (246)
Workload elapsed time (0:1) = 33.383932 seconds
Workload elapsed time (0:2) = 21.177345 seconds
Workload elapsed time (0:3) = 182.765783 seconds
copy 0 finished @ Wed Jul  1 10:27:08 2026.  Total elapsed time: 237.32706
comparing files in '/media/hahafish/Data/ForUbuntu/speccpu2006/benchspec/CPU2006/464.h264ref/run/run_base_ref_infra-rsan-orig_O2.0000'
comparing 'foreman_ref_baseline_encodelog.out' with abstol=, binary=, calctol=0, cw=1, floatcompare=1, ignorecase=, obiwan=, reltol=, skipabstol=, skipobiwan=, skipreltol=, skiptol=
comparing 'foreman_ref_baseline_leakybucketparam.cfg' with abstol=, binary=1, calctol=0, cw=1, floatcompare=1, ignorecase=, obiwan=, reltol=, skipabstol=, skipobiwan=, skipreltol=, skiptol=
comparing 'foreman_ref_main_encodelog.out' with abstol=, binary=, calctol=0, cw=1, floatcompare=1, ignorecase=, obiwan=, reltol=, skipabstol=, skipobiwan=, skipreltol=, skiptol=
comparing 'foreman_ref_main_leakybucketparam.cfg' with abstol=, binary=1, calctol=0, cw=1, floatcompare=1, ignorecase=, obiwan=, reltol=, skipabstol=, skipobiwan=, skipreltol=, skiptol=
comparing 'sss_main_encodelog.out' with abstol=, binary=, calctol=0, cw=1, floatcompare=1, ignorecase=, obiwan=, reltol=, skipabstol=, skipobiwan=, skipreltol=, skiptol=
comparing 'sss_main_leakybucketparam.cfg' with abstol=, binary=1, calctol=0, cw=1, floatcompare=1, ignorecase=, obiwan=, reltol=, skipabstol=, skipobiwan=, skipreltol=, skiptol=
Specinvoke: /media/hahafish/Data/ForUbuntu/speccpu2006/bin/specinvoke -E -d /media/hahafish/Data/ForUbuntu/speccpu2006/benchspec/CPU2006/464.h264ref/run/run_base_ref_infra-rsan-orig_O2.0000 -c 1 -e compare.err -o compare.stdout -f compare.cmd
Issuing command '/media/hahafish/Data/ForUbuntu/speccpu2006/bin/specinvoke -E -d /media/hahafish/Data/ForUbuntu/speccpu2006/benchspec/CPU2006/464.h264ref/run/run_base_ref_infra-rsan-orig_O2.0000 -c 1 -e compare.err -o compare.stdout -f compare.cmd'
Start command: Wed Jul  1 10:27:16 2026 (1782872836)
Stop command: Wed Jul  1 10:27:18 2026 (1782872838)
Elapsed time for command: 00:00:02 (2)
Benchmark Times:
  Start:    Wed Jul  1 10:23:10 2026 (1782872590)
  Stop:     Wed Jul  1 10:27:16 2026 (1782872836)
  Elapsed:  00:04:06 (246)
  Reported: 237 327116000 237.327116
 Success 464.h264ref base ref ratio=93.25, runtime=237.327116

-----------------------------------
  Running (#2) 470.lbm ref base infra-rsan-orig_O2 default
Commands to run: 
    -C /media/hahafish/Data/ForUbuntu/speccpu2006/benchspec/CPU2006/470.lbm/run/run_base_ref_infra-rsan-orig_O2.0000
    -o lbm.out -e lbm.err ../run_base_ref_infra-rsan-orig_O2.0000/lbm_base.infra-rsan-orig_O2 3000 reference.dat 0 0 100_100_130_ldc.of
Specinvoke: /media/hahafish/Data/ForUbuntu/speccpu2006/bin/specinvoke -d /media/hahafish/Data/ForUbuntu/speccpu2006/benchspec/CPU2006/470.lbm/run/run_base_ref_infra-rsan-orig_O2.0000 -e speccmds.err -o speccmds.stdout -f speccmds.cmd -C
Issuing command '/media/hahafish/Data/ForUbuntu/speccpu2006/bin/specinvoke -d /media/hahafish/Data/ForUbuntu/speccpu2006/benchspec/CPU2006/470.lbm/run/run_base_ref_infra-rsan-orig_O2.0000 -e speccmds.err -o speccmds.stdout -f speccmds.cmd -C'
Start command: Wed Jul  1 10:27:18 2026 (1782872838)
Stop command: Wed Jul  1 10:29:02 2026 (1782872942)
Elapsed time for command: 00:01:44 (104)
Workload elapsed time (0:1) = 95.640505 seconds
copy 0 finished @ Wed Jul  1 10:28:54 2026.  Total elapsed time: 95.640505
comparing files in '/media/hahafish/Data/ForUbuntu/speccpu2006/benchspec/CPU2006/470.lbm/run/run_base_ref_infra-rsan-orig_O2.0000'
comparing 'lbm.out' with abstol=1e-07, binary=, calctol=0, cw=, floatcompare=, ignorecase=, obiwan=, reltol=, skipabstol=, skipobiwan=, skipreltol=, skiptol=
Specinvoke: /media/hahafish/Data/ForUbuntu/speccpu2006/bin/specinvoke -E -d /media/hahafish/Data/ForUbuntu/speccpu2006/benchspec/CPU2006/470.lbm/run/run_base_ref_infra-rsan-orig_O2.0000 -c 1 -e compare.err -o compare.stdout -f compare.cmd
Issuing command '/media/hahafish/Data/ForUbuntu/speccpu2006/bin/specinvoke -E -d /media/hahafish/Data/ForUbuntu/speccpu2006/benchspec/CPU2006/470.lbm/run/run_base_ref_infra-rsan-orig_O2.0000 -c 1 -e compare.err -o compare.stdout -f compare.cmd'
Start command: Wed Jul  1 10:29:02 2026 (1782872942)
Stop command: Wed Jul  1 10:29:04 2026 (1782872944)
Elapsed time for command: 00:00:02 (2)
Benchmark Times:
  Start:    Wed Jul  1 10:27:18 2026 (1782872838)
  Stop:     Wed Jul  1 10:29:02 2026 (1782872942)
  Elapsed:  00:01:44 (104)
  Reported: 95 640554000 95.640554
 Success 470.lbm base ref ratio=143.66, runtime=95.640554

-----------------------------------
  Running (#2) 471.omnetpp ref base infra-rsan-orig_O2 default
Commands to run: 
    -C /media/hahafish/Data/ForUbuntu/speccpu2006/benchspec/CPU2006/471.omnetpp/run/run_base_ref_infra-rsan-orig_O2.0000
    -o omnetpp.log -e omnetpp.err ../run_base_ref_infra-rsan-orig_O2.0000/omnetpp_base.infra-rsan-orig_O2 omnetpp.ini
Specinvoke: /media/hahafish/Data/ForUbuntu/speccpu2006/bin/specinvoke -d /media/hahafish/Data/ForUbuntu/speccpu2006/benchspec/CPU2006/471.omnetpp/run/run_base_ref_infra-rsan-orig_O2.0000 -e speccmds.err -o speccmds.stdout -f speccmds.cmd -C
Issuing command '/media/hahafish/Data/ForUbuntu/speccpu2006/bin/specinvoke -d /media/hahafish/Data/ForUbuntu/speccpu2006/benchspec/CPU2006/471.omnetpp/run/run_base_ref_infra-rsan-orig_O2.0000 -e speccmds.err -o speccmds.stdout -f speccmds.cmd -C'
Start command: Wed Jul  1 10:29:04 2026 (1782872944)
Stop command: Wed Jul  1 10:33:45 2026 (1782873225)
Elapsed time for command: 00:04:41 (281)
Workload elapsed time (0:1) = 273.187379 seconds
copy 0 finished @ Wed Jul  1 10:33:37 2026.  Total elapsed time: 273.187379
comparing files in '/media/hahafish/Data/ForUbuntu/speccpu2006/benchspec/CPU2006/471.omnetpp/run/run_base_ref_infra-rsan-orig_O2.0000'
comparing 'omnetpp.log' with abstol=1e-06, binary=, calctol=0, cw=, floatcompare=, ignorecase=, obiwan=, reltol=1e-05, skipabstol=, skipobiwan=, skipreltol=, skiptol=
comparing 'omnetpp.sca' with abstol=1e-06, binary=, calctol=0, cw=, floatcompare=, ignorecase=, obiwan=, reltol=1e-05, skipabstol=, skipobiwan=, skipreltol=, skiptol=
Specinvoke: /media/hahafish/Data/ForUbuntu/speccpu2006/bin/specinvoke -E -d /media/hahafish/Data/ForUbuntu/speccpu2006/benchspec/CPU2006/471.omnetpp/run/run_base_ref_infra-rsan-orig_O2.0000 -c 1 -e compare.err -o compare.stdout -f compare.cmd
Issuing command '/media/hahafish/Data/ForUbuntu/speccpu2006/bin/specinvoke -E -d /media/hahafish/Data/ForUbuntu/speccpu2006/benchspec/CPU2006/471.omnetpp/run/run_base_ref_infra-rsan-orig_O2.0000 -c 1 -e compare.err -o compare.stdout -f compare.cmd'
Start command: Wed Jul  1 10:33:45 2026 (1782873225)
Stop command: Wed Jul  1 10:33:47 2026 (1782873227)
Elapsed time for command: 00:00:02 (2)
Benchmark Times:
  Start:    Wed Jul  1 10:29:04 2026 (1782872944)
  Stop:     Wed Jul  1 10:33:45 2026 (1782873225)
  Elapsed:  00:04:41 (281)
  Reported: 273 187425000 273.187425
 Success 471.omnetpp base ref ratio=22.88, runtime=273.187425

-----------------------------------
  Running (#2) 473.astar ref base infra-rsan-orig_O2 default
Commands to run: 
    -C /home/hahafish/speccpu2006/benchspec/CPU2006/473.astar/run/run_base_ref_infra-rsan-orig_O2.0003
    -o BigLakes2048.out -e BigLakes2048.err ../run_base_ref_infra-rsan-orig_O2.0003/astar_base.infra-rsan-orig_O2 BigLakes2048.cfg
    -o rivers.out -e rivers.err ../run_base_ref_infra-rsan-orig_O2.0003/astar_base.infra-rsan-orig_O2 rivers.cfg
Specinvoke: /media/hahafish/Data/ForUbuntu/speccpu2006/bin/specinvoke -d /home/hahafish/speccpu2006/benchspec/CPU2006/473.astar/run/run_base_ref_infra-rsan-orig_O2.0003 -e speccmds.err -o speccmds.stdout -f speccmds.cmd -C
Issuing command '/media/hahafish/Data/ForUbuntu/speccpu2006/bin/specinvoke -d /home/hahafish/speccpu2006/benchspec/CPU2006/473.astar/run/run_base_ref_infra-rsan-orig_O2.0003 -e speccmds.err -o speccmds.stdout -f speccmds.cmd -C'
Start command: Wed Jul  1 10:33:47 2026 (1782873227)
Stop command: Wed Jul  1 10:38:00 2026 (1782873480)
Elapsed time for command: 00:04:13 (253)
Workload elapsed time (0:1) = 101.913624 seconds
Workload elapsed time (0:2) = 142.718849 seconds
copy 0 finished @ Wed Jul  1 10:37:52 2026.  Total elapsed time: 244.632473
comparing files in '/home/hahafish/speccpu2006/benchspec/CPU2006/473.astar/run/run_base_ref_infra-rsan-orig_O2.0003'
comparing 'BigLakes2048.out' with abstol=, binary=, calctol=0, cw=, floatcompare=, ignorecase=, obiwan=, reltol=0.001, skipabstol=, skipobiwan=, skipreltol=, skiptol=
comparing 'rivers.out' with abstol=, binary=, calctol=0, cw=, floatcompare=, ignorecase=, obiwan=, reltol=0.001, skipabstol=, skipobiwan=, skipreltol=, skiptol=
Specinvoke: /media/hahafish/Data/ForUbuntu/speccpu2006/bin/specinvoke -E -d /home/hahafish/speccpu2006/benchspec/CPU2006/473.astar/run/run_base_ref_infra-rsan-orig_O2.0003 -c 1 -e compare.err -o compare.stdout -f compare.cmd
Issuing command '/media/hahafish/Data/ForUbuntu/speccpu2006/bin/specinvoke -E -d /home/hahafish/speccpu2006/benchspec/CPU2006/473.astar/run/run_base_ref_infra-rsan-orig_O2.0003 -c 1 -e compare.err -o compare.stdout -f compare.cmd'
Start command: Wed Jul  1 10:38:00 2026 (1782873480)
Stop command: Wed Jul  1 10:38:02 2026 (1782873482)
Elapsed time for command: 00:00:02 (2)
Benchmark Times:
  Start:    Wed Jul  1 10:33:47 2026 (1782873227)
  Stop:     Wed Jul  1 10:38:00 2026 (1782873480)
  Elapsed:  00:04:13 (253)
  Reported: 244 632521000 244.632521
 Success 473.astar base ref ratio=28.70, runtime=244.632521

-----------------------------------
  Running (#2) 482.sphinx3 ref base infra-rsan-orig_O2 default
Commands to run: 
    -C /home/hahafish/speccpu2006/benchspec/CPU2006/482.sphinx3/run/run_base_ref_infra-rsan-orig_O2.0003
    -o an4.log -e an4.err ../run_base_ref_infra-rsan-orig_O2.0003/sphinx_livepretend_base.infra-rsan-orig_O2 ctlfile . args.an4
Specinvoke: /media/hahafish/Data/ForUbuntu/speccpu2006/bin/specinvoke -d /home/hahafish/speccpu2006/benchspec/CPU2006/482.sphinx3/run/run_base_ref_infra-rsan-orig_O2.0003 -e speccmds.err -o speccmds.stdout -f speccmds.cmd -C
Issuing command '/media/hahafish/Data/ForUbuntu/speccpu2006/bin/specinvoke -d /home/hahafish/speccpu2006/benchspec/CPU2006/482.sphinx3/run/run_base_ref_infra-rsan-orig_O2.0003 -e speccmds.err -o speccmds.stdout -f speccmds.cmd -C'
Start command: Wed Jul  1 10:38:02 2026 (1782873482)
Stop command: Wed Jul  1 10:41:25 2026 (1782873685)
Elapsed time for command: 00:03:23 (203)
Workload elapsed time (0:1) = 194.977166 seconds
copy 0 finished @ Wed Jul  1 10:41:17 2026.  Total elapsed time: 194.977166
comparing files in '/home/hahafish/speccpu2006/benchspec/CPU2006/482.sphinx3/run/run_base_ref_infra-rsan-orig_O2.0003'
comparing 'an4.log' with abstol=, binary=, calctol=0, cw=, floatcompare=1, ignorecase=, obiwan=, reltol=0.001, skipabstol=, skipobiwan=, skipreltol=, skiptol=
comparing 'considered.out' with abstol=, binary=, calctol=0, cw=, floatcompare=1, ignorecase=, obiwan=, reltol=0.0004, skipabstol=, skipobiwan=, skipreltol=, skiptol=
comparing 'total_considered.out' with abstol=, binary=, calctol=0, cw=, floatcompare=1, ignorecase=, obiwan=, reltol=1e-06, skipabstol=, skipobiwan=, skipreltol=, skiptol=
Specinvoke: /media/hahafish/Data/ForUbuntu/speccpu2006/bin/specinvoke -E -d /home/hahafish/speccpu2006/benchspec/CPU2006/482.sphinx3/run/run_base_ref_infra-rsan-orig_O2.0003 -c 1 -e compare.err -o compare.stdout -f compare.cmd
Issuing command '/media/hahafish/Data/ForUbuntu/speccpu2006/bin/specinvoke -E -d /home/hahafish/speccpu2006/benchspec/CPU2006/482.sphinx3/run/run_base_ref_infra-rsan-orig_O2.0003 -c 1 -e compare.err -o compare.stdout -f compare.cmd'
Start command: Wed Jul  1 10:41:25 2026 (1782873685)
Stop command: Wed Jul  1 10:41:27 2026 (1782873687)
Elapsed time for command: 00:00:02 (2)
Benchmark Times:
  Start:    Wed Jul  1 10:38:02 2026 (1782873482)
  Stop:     Wed Jul  1 10:41:25 2026 (1782873685)
  Elapsed:  00:03:23 (203)
  Reported: 194 977210000 194.97721
 Success 482.sphinx3 base ref ratio=99.96, runtime=194.977210

-----------------------------------
  Running (#2) 483.xalancbmk ref base infra-rsan-orig_O2 default
Commands to run: 
    -C /media/hahafish/Data/ForUbuntu/speccpu2006/benchspec/CPU2006/483.xalancbmk/run/run_base_ref_infra-rsan-orig_O2.0000
    -o ref.out -e ref.err ../run_base_ref_infra-rsan-orig_O2.0000/Xalan_base.infra-rsan-orig_O2 -v t5.xml xalanc.xsl
Specinvoke: /media/hahafish/Data/ForUbuntu/speccpu2006/bin/specinvoke -d /media/hahafish/Data/ForUbuntu/speccpu2006/benchspec/CPU2006/483.xalancbmk/run/run_base_ref_infra-rsan-orig_O2.0000 -e speccmds.err -o speccmds.stdout -f speccmds.cmd -C
Issuing command '/media/hahafish/Data/ForUbuntu/speccpu2006/bin/specinvoke -d /media/hahafish/Data/ForUbuntu/speccpu2006/benchspec/CPU2006/483.xalancbmk/run/run_base_ref_infra-rsan-orig_O2.0000 -e speccmds.err -o speccmds.stdout -f speccmds.cmd -C'
Start command: Wed Jul  1 10:41:27 2026 (1782873687)
Stop command: Wed Jul  1 10:44:11 2026 (1782873851)
Elapsed time for command: 00:02:44 (164)
Workload elapsed time (0:1) = 155.754582 seconds
copy 0 finished @ Wed Jul  1 10:44:03 2026.  Total elapsed time: 155.754582
comparing files in '/media/hahafish/Data/ForUbuntu/speccpu2006/benchspec/CPU2006/483.xalancbmk/run/run_base_ref_infra-rsan-orig_O2.0000'
comparing 'ref.out' with abstol=, binary=, calctol=0, cw=, floatcompare=, ignorecase=, obiwan=, reltol=, skipabstol=, skipobiwan=, skipreltol=, skiptol=
Specinvoke: /media/hahafish/Data/ForUbuntu/speccpu2006/bin/specinvoke -E -d /media/hahafish/Data/ForUbuntu/speccpu2006/benchspec/CPU2006/483.xalancbmk/run/run_base_ref_infra-rsan-orig_O2.0000 -c 1 -e compare.err -o compare.stdout -f compare.cmd
Issuing command '/media/hahafish/Data/ForUbuntu/speccpu2006/bin/specinvoke -E -d /media/hahafish/Data/ForUbuntu/speccpu2006/benchspec/CPU2006/483.xalancbmk/run/run_base_ref_infra-rsan-orig_O2.0000 -c 1 -e compare.err -o compare.stdout -f compare.cmd'
Start command: Wed Jul  1 10:44:11 2026 (1782873851)
Stop command: Wed Jul  1 10:44:13 2026 (1782873853)
Elapsed time for command: 00:00:02 (2)
Benchmark Times:
  Start:    Wed Jul  1 10:41:27 2026 (1782873687)
  Stop:     Wed Jul  1 10:44:11 2026 (1782873851)
  Elapsed:  00:02:44 (164)
  Reported: 155 754626000 155.754626
 Success 483.xalancbmk base ref ratio=44.30, runtime=155.754626

-----------------------------------
  Running (#3) 400.perlbench ref base infra-rsan-orig_O2 default
Commands to run: 
    -C /media/hahafish/Data/ForUbuntu/speccpu2006/benchspec/CPU2006/400.perlbench/run/run_base_ref_infra-rsan-orig_O2.0000
    -o checkspam.2500.5.25.11.150.1.1.1.1.out -e checkspam.2500.5.25.11.150.1.1.1.1.err ../run_base_ref_infra-rsan-orig_O2.0000/perlbench_base.infra-rsan-orig_O2 -I./lib checkspam.pl 2500 5 25 11 150 1 1 1 1
    -o diffmail.4.800.10.17.19.300.out -e diffmail.4.800.10.17.19.300.err ../run_base_ref_infra-rsan-orig_O2.0000/perlbench_base.infra-rsan-orig_O2 -I./lib diffmail.pl 4 800 10 17 19 300
    -o splitmail.1600.12.26.16.4500.out -e splitmail.1600.12.26.16.4500.err ../run_base_ref_infra-rsan-orig_O2.0000/perlbench_base.infra-rsan-orig_O2 -I./lib splitmail.pl 1600 12 26 16 4500
Specinvoke: /media/hahafish/Data/ForUbuntu/speccpu2006/bin/specinvoke -d /media/hahafish/Data/ForUbuntu/speccpu2006/benchspec/CPU2006/400.perlbench/run/run_base_ref_infra-rsan-orig_O2.0000 -e speccmds.err -o speccmds.stdout -f speccmds.cmd -C
Issuing command '/media/hahafish/Data/ForUbuntu/speccpu2006/bin/specinvoke -d /media/hahafish/Data/ForUbuntu/speccpu2006/benchspec/CPU2006/400.perlbench/run/run_base_ref_infra-rsan-orig_O2.0000 -e speccmds.err -o speccmds.stdout -f speccmds.cmd -C'
Start command: Wed Jul  1 10:44:13 2026 (1782873853)
Stop command: Wed Jul  1 10:48:18 2026 (1782874098)
Elapsed time for command: 00:04:05 (245)
Workload elapsed time (0:1) = 98.367553 seconds
Workload elapsed time (0:2) = 55.647217 seconds
Workload elapsed time (0:3) = 82.39736 seconds
copy 0 finished @ Wed Jul  1 10:48:10 2026.  Total elapsed time: 236.41213
comparing files in '/media/hahafish/Data/ForUbuntu/speccpu2006/benchspec/CPU2006/400.perlbench/run/run_base_ref_infra-rsan-orig_O2.0000'
comparing 'checkspam.2500.5.25.11.150.1.1.1.1.out' with abstol=, binary=, calctol=0, cw=, floatcompare=, ignorecase=, obiwan=, reltol=, skipabstol=, skipobiwan=, skipreltol=, skiptol=
comparing 'diffmail.4.800.10.17.19.300.out' with abstol=, binary=, calctol=0, cw=, floatcompare=, ignorecase=, obiwan=, reltol=, skipabstol=, skipobiwan=, skipreltol=, skiptol=
comparing 'splitmail.1600.12.26.16.4500.out' with abstol=, binary=, calctol=0, cw=, floatcompare=, ignorecase=, obiwan=, reltol=, skipabstol=, skipobiwan=, skipreltol=, skiptol=
Specinvoke: /media/hahafish/Data/ForUbuntu/speccpu2006/bin/specinvoke -E -d /media/hahafish/Data/ForUbuntu/speccpu2006/benchspec/CPU2006/400.perlbench/run/run_base_ref_infra-rsan-orig_O2.0000 -c 1 -e compare.err -o compare.stdout -f compare.cmd
Issuing command '/media/hahafish/Data/ForUbuntu/speccpu2006/bin/specinvoke -E -d /media/hahafish/Data/ForUbuntu/speccpu2006/benchspec/CPU2006/400.perlbench/run/run_base_ref_infra-rsan-orig_O2.0000 -c 1 -e compare.err -o compare.stdout -f compare.cmd'
Start command: Wed Jul  1 10:48:18 2026 (1782874098)
Stop command: Wed Jul  1 10:48:20 2026 (1782874100)
Elapsed time for command: 00:00:02 (2)
Benchmark Times:
  Start:    Wed Jul  1 10:44:13 2026 (1782873853)
  Stop:     Wed Jul  1 10:48:18 2026 (1782874098)
  Elapsed:  00:04:05 (245)
  Reported: 236 412194000 236.412194
 Success 400.perlbench base ref ratio=41.33, runtime=236.412194

-----------------------------------
  Running (#3) 401.bzip2 ref base infra-rsan-orig_O2 default
Commands to run: 
    -C /media/hahafish/Data/ForUbuntu/speccpu2006/benchspec/CPU2006/401.bzip2/run/run_base_ref_infra-rsan-orig_O2.0000
    -o input.source.out -e input.source.err ../run_base_ref_infra-rsan-orig_O2.0000/bzip2_base.infra-rsan-orig_O2 input.source 280
    -o chicken.jpg.out -e chicken.jpg.err ../run_base_ref_infra-rsan-orig_O2.0000/bzip2_base.infra-rsan-orig_O2 chicken.jpg 30
    -o liberty.jpg.out -e liberty.jpg.err ../run_base_ref_infra-rsan-orig_O2.0000/bzip2_base.infra-rsan-orig_O2 liberty.jpg 30
    -o input.program.out -e input.program.err ../run_base_ref_infra-rsan-orig_O2.0000/bzip2_base.infra-rsan-orig_O2 input.program 280
    -o text.html.out -e text.html.err ../run_base_ref_infra-rsan-orig_O2.0000/bzip2_base.infra-rsan-orig_O2 text.html 280
    -o input.combined.out -e input.combined.err ../run_base_ref_infra-rsan-orig_O2.0000/bzip2_base.infra-rsan-orig_O2 input.combined 200
Specinvoke: /media/hahafish/Data/ForUbuntu/speccpu2006/bin/specinvoke -d /media/hahafish/Data/ForUbuntu/speccpu2006/benchspec/CPU2006/401.bzip2/run/run_base_ref_infra-rsan-orig_O2.0000 -e speccmds.err -o speccmds.stdout -f speccmds.cmd -C
Issuing command '/media/hahafish/Data/ForUbuntu/speccpu2006/bin/specinvoke -d /media/hahafish/Data/ForUbuntu/speccpu2006/benchspec/CPU2006/401.bzip2/run/run_base_ref_infra-rsan-orig_O2.0000 -e speccmds.err -o speccmds.stdout -f speccmds.cmd -C'
Start command: Wed Jul  1 10:48:20 2026 (1782874100)
Stop command: Wed Jul  1 10:53:26 2026 (1782874406)
Elapsed time for command: 00:05:06 (306)
Workload elapsed time (0:1) = 60.726228 seconds
Workload elapsed time (0:2) = 18.317242 seconds
Workload elapsed time (0:3) = 30.290921 seconds
Workload elapsed time (0:4) = 63.950254 seconds
Workload elapsed time (0:5) = 78.251582 seconds
Workload elapsed time (0:6) = 46.725885 seconds
copy 0 finished @ Wed Jul  1 10:53:18 2026.  Total elapsed time: 298.262112
comparing files in '/media/hahafish/Data/ForUbuntu/speccpu2006/benchspec/CPU2006/401.bzip2/run/run_base_ref_infra-rsan-orig_O2.0000'
comparing 'chicken.jpg.out' with abstol=, binary=, calctol=0, cw=, floatcompare=, ignorecase=, obiwan=, reltol=, skipabstol=, skipobiwan=, skipreltol=, skiptol=
comparing 'input.combined.out' with abstol=, binary=, calctol=0, cw=, floatcompare=, ignorecase=, obiwan=, reltol=, skipabstol=, skipobiwan=, skipreltol=, skiptol=
comparing 'input.program.out' with abstol=, binary=, calctol=0, cw=, floatcompare=, ignorecase=, obiwan=, reltol=, skipabstol=, skipobiwan=, skipreltol=, skiptol=
comparing 'input.source.out' with abstol=, binary=, calctol=0, cw=, floatcompare=, ignorecase=, obiwan=, reltol=, skipabstol=, skipobiwan=, skipreltol=, skiptol=
comparing 'liberty.jpg.out' with abstol=, binary=, calctol=0, cw=, floatcompare=, ignorecase=, obiwan=, reltol=, skipabstol=, skipobiwan=, skipreltol=, skiptol=
comparing 'text.html.out' with abstol=, binary=, calctol=0, cw=, floatcompare=, ignorecase=, obiwan=, reltol=, skipabstol=, skipobiwan=, skipreltol=, skiptol=
Specinvoke: /media/hahafish/Data/ForUbuntu/speccpu2006/bin/specinvoke -E -d /media/hahafish/Data/ForUbuntu/speccpu2006/benchspec/CPU2006/401.bzip2/run/run_base_ref_infra-rsan-orig_O2.0000 -c 1 -e compare.err -o compare.stdout -f compare.cmd
Issuing command '/media/hahafish/Data/ForUbuntu/speccpu2006/bin/specinvoke -E -d /media/hahafish/Data/ForUbuntu/speccpu2006/benchspec/CPU2006/401.bzip2/run/run_base_ref_infra-rsan-orig_O2.0000 -c 1 -e compare.err -o compare.stdout -f compare.cmd'
Start command: Wed Jul  1 10:53:26 2026 (1782874406)
Stop command: Wed Jul  1 10:53:28 2026 (1782874408)
Elapsed time for command: 00:00:02 (2)
Benchmark Times:
  Start:    Wed Jul  1 10:48:20 2026 (1782874100)
  Stop:     Wed Jul  1 10:53:26 2026 (1782874406)
  Elapsed:  00:05:06 (306)
  Reported: 298 262196000 298.262196
 Success 401.bzip2 base ref ratio=32.35, runtime=298.262196

-----------------------------------
  Running (#3) 403.gcc ref base infra-rsan-orig_O2 default
Commands to run: 
    -C /media/hahafish/Data/ForUbuntu/speccpu2006/benchspec/CPU2006/403.gcc/run/run_base_ref_infra-rsan-orig_O2.0000
    -o 166.out -e 166.err ../run_base_ref_infra-rsan-orig_O2.0000/gcc_base.infra-rsan-orig_O2 166.i -o 166.s
    -o 200.out -e 200.err ../run_base_ref_infra-rsan-orig_O2.0000/gcc_base.infra-rsan-orig_O2 200.i -o 200.s
    -o c-typeck.out -e c-typeck.err ../run_base_ref_infra-rsan-orig_O2.0000/gcc_base.infra-rsan-orig_O2 c-typeck.i -o c-typeck.s
    -o cp-decl.out -e cp-decl.err ../run_base_ref_infra-rsan-orig_O2.0000/gcc_base.infra-rsan-orig_O2 cp-decl.i -o cp-decl.s
    -o expr.out -e expr.err ../run_base_ref_infra-rsan-orig_O2.0000/gcc_base.infra-rsan-orig_O2 expr.i -o expr.s
    -o expr2.out -e expr2.err ../run_base_ref_infra-rsan-orig_O2.0000/gcc_base.infra-rsan-orig_O2 expr2.i -o expr2.s
    -o g23.out -e g23.err ../run_base_ref_infra-rsan-orig_O2.0000/gcc_base.infra-rsan-orig_O2 g23.i -o g23.s
    -o s04.out -e s04.err ../run_base_ref_infra-rsan-orig_O2.0000/gcc_base.infra-rsan-orig_O2 s04.i -o s04.s
    -o scilab.out -e scilab.err ../run_base_ref_infra-rsan-orig_O2.0000/gcc_base.infra-rsan-orig_O2 scilab.i -o scilab.s
Specinvoke: /media/hahafish/Data/ForUbuntu/speccpu2006/bin/specinvoke -d /media/hahafish/Data/ForUbuntu/speccpu2006/benchspec/CPU2006/403.gcc/run/run_base_ref_infra-rsan-orig_O2.0000 -e speccmds.err -o speccmds.stdout -f speccmds.cmd -C
Issuing command '/media/hahafish/Data/ForUbuntu/speccpu2006/bin/specinvoke -d /media/hahafish/Data/ForUbuntu/speccpu2006/benchspec/CPU2006/403.gcc/run/run_base_ref_infra-rsan-orig_O2.0000 -e speccmds.err -o speccmds.stdout -f speccmds.cmd -C'
Start command: Wed Jul  1 10:53:28 2026 (1782874408)
Stop command: Wed Jul  1 10:59:06 2026 (1782874746)
Elapsed time for command: 00:05:38 (338)
Workload elapsed time (0:1) = 13.42372 seconds
Workload elapsed time (0:2) = 24.128248 seconds
Workload elapsed time (0:3) = 26.340611 seconds
Workload elapsed time (0:4) = 28.60155 seconds
Workload elapsed time (0:5) = 31.753158 seconds
Workload elapsed time (0:6) = 52.48744 seconds
Workload elapsed time (0:7) = 57.333121 seconds
Workload elapsed time (0:8) = 87.717635 seconds
Workload elapsed time (0:9) = 7.838012 seconds
copy 0 finished @ Wed Jul  1 10:58:58 2026.  Total elapsed time: 329.623495
comparing files in '/media/hahafish/Data/ForUbuntu/speccpu2006/benchspec/CPU2006/403.gcc/run/run_base_ref_infra-rsan-orig_O2.0000'
comparing '166.s' with abstol=, binary=, calctol=0, cw=, floatcompare=, ignorecase=, obiwan=, reltol=, skipabstol=, skipobiwan=, skipreltol=, skiptol=
comparing '200.s' with abstol=, binary=, calctol=0, cw=, floatcompare=, ignorecase=, obiwan=, reltol=, skipabstol=, skipobiwan=, skipreltol=, skiptol=
comparing 'c-typeck.s' with abstol=, binary=, calctol=0, cw=, floatcompare=, ignorecase=, obiwan=, reltol=, skipabstol=, skipobiwan=, skipreltol=, skiptol=
comparing 'cp-decl.s' with abstol=, binary=, calctol=0, cw=, floatcompare=, ignorecase=, obiwan=, reltol=, skipabstol=, skipobiwan=, skipreltol=, skiptol=
comparing 'expr.s' with abstol=, binary=, calctol=0, cw=, floatcompare=, ignorecase=, obiwan=, reltol=, skipabstol=, skipobiwan=, skipreltol=, skiptol=
comparing 'expr2.s' with abstol=, binary=, calctol=0, cw=, floatcompare=, ignorecase=, obiwan=, reltol=, skipabstol=, skipobiwan=, skipreltol=, skiptol=
comparing 'g23.s' with abstol=, binary=, calctol=0, cw=, floatcompare=, ignorecase=, obiwan=, reltol=, skipabstol=, skipobiwan=, skipreltol=, skiptol=
comparing 's04.s' with abstol=, binary=, calctol=0, cw=, floatcompare=, ignorecase=, obiwan=, reltol=, skipabstol=, skipobiwan=, skipreltol=, skiptol=
comparing 'scilab.s' with abstol=, binary=, calctol=0, cw=, floatcompare=, ignorecase=, obiwan=, reltol=, skipabstol=, skipobiwan=, skipreltol=, skiptol=
Specinvoke: /media/hahafish/Data/ForUbuntu/speccpu2006/bin/specinvoke -E -d /media/hahafish/Data/ForUbuntu/speccpu2006/benchspec/CPU2006/403.gcc/run/run_base_ref_infra-rsan-orig_O2.0000 -c 1 -e compare.err -o compare.stdout -f compare.cmd
Issuing command '/media/hahafish/Data/ForUbuntu/speccpu2006/bin/specinvoke -E -d /media/hahafish/Data/ForUbuntu/speccpu2006/benchspec/CPU2006/403.gcc/run/run_base_ref_infra-rsan-orig_O2.0000 -c 1 -e compare.err -o compare.stdout -f compare.cmd'
Start command: Wed Jul  1 10:59:06 2026 (1782874746)
Stop command: Wed Jul  1 10:59:08 2026 (1782874748)
Elapsed time for command: 00:00:02 (2)
Benchmark Times:
  Start:    Wed Jul  1 10:53:28 2026 (1782874408)
  Stop:     Wed Jul  1 10:59:06 2026 (1782874746)
  Elapsed:  00:05:38 (338)
  Reported: 329 623619000 329.623619
 Success 403.gcc base ref ratio=24.42, runtime=329.623619

-----------------------------------
  Running (#3) 429.mcf ref base infra-rsan-orig_O2 default
Commands to run: 
    -C /home/hahafish/speccpu2006/benchspec/CPU2006/429.mcf/run/run_base_ref_infra-rsan-orig_O2.0003
    -o inp.out -e inp.err ../run_base_ref_infra-rsan-orig_O2.0003/mcf_base.infra-rsan-orig_O2 inp.in
Specinvoke: /media/hahafish/Data/ForUbuntu/speccpu2006/bin/specinvoke -d /home/hahafish/speccpu2006/benchspec/CPU2006/429.mcf/run/run_base_ref_infra-rsan-orig_O2.0003 -e speccmds.err -o speccmds.stdout -f speccmds.cmd -C
Issuing command '/media/hahafish/Data/ForUbuntu/speccpu2006/bin/specinvoke -d /home/hahafish/speccpu2006/benchspec/CPU2006/429.mcf/run/run_base_ref_infra-rsan-orig_O2.0003 -e speccmds.err -o speccmds.stdout -f speccmds.cmd -C'
Start command: Wed Jul  1 10:59:08 2026 (1782874748)
Stop command: Wed Jul  1 11:02:33 2026 (1782874953)
Elapsed time for command: 00:03:25 (205)
Workload elapsed time (0:1) = 196.985861 seconds
copy 0 finished @ Wed Jul  1 11:02:25 2026.  Total elapsed time: 196.985861
comparing files in '/home/hahafish/speccpu2006/benchspec/CPU2006/429.mcf/run/run_base_ref_infra-rsan-orig_O2.0003'
comparing 'inp.out' with abstol=, binary=, calctol=0, cw=, floatcompare=, ignorecase=, obiwan=, reltol=, skipabstol=, skipobiwan=, skipreltol=, skiptol=
comparing 'mcf.out' with abstol=, binary=, calctol=0, cw=, floatcompare=, ignorecase=, obiwan=, reltol=, skipabstol=, skipobiwan=, skipreltol=, skiptol=
Specinvoke: /media/hahafish/Data/ForUbuntu/speccpu2006/bin/specinvoke -E -d /home/hahafish/speccpu2006/benchspec/CPU2006/429.mcf/run/run_base_ref_infra-rsan-orig_O2.0003 -c 1 -e compare.err -o compare.stdout -f compare.cmd
Issuing command '/media/hahafish/Data/ForUbuntu/speccpu2006/bin/specinvoke -E -d /home/hahafish/speccpu2006/benchspec/CPU2006/429.mcf/run/run_base_ref_infra-rsan-orig_O2.0003 -c 1 -e compare.err -o compare.stdout -f compare.cmd'
Start command: Wed Jul  1 11:02:33 2026 (1782874953)
Stop command: Wed Jul  1 11:02:35 2026 (1782874955)
Elapsed time for command: 00:00:02 (2)
Benchmark Times:
  Start:    Wed Jul  1 10:59:08 2026 (1782874748)
  Stop:     Wed Jul  1 11:02:33 2026 (1782874953)
  Elapsed:  00:03:25 (205)
  Reported: 196 985905000 196.985905
 Success 429.mcf base ref ratio=46.30, runtime=196.985905

-----------------------------------
  Running (#3) 433.milc ref base infra-rsan-orig_O2 default
Commands to run: 
    -C /home/hahafish/speccpu2006/benchspec/CPU2006/433.milc/run/run_base_ref_infra-rsan-orig_O2.0003
    -i su3imp.in -o su3imp.out -e su3imp.err ../run_base_ref_infra-rsan-orig_O2.0003/milc_base.infra-rsan-orig_O2
Specinvoke: /media/hahafish/Data/ForUbuntu/speccpu2006/bin/specinvoke -d /home/hahafish/speccpu2006/benchspec/CPU2006/433.milc/run/run_base_ref_infra-rsan-orig_O2.0003 -e speccmds.err -o speccmds.stdout -f speccmds.cmd -C
Issuing command '/media/hahafish/Data/ForUbuntu/speccpu2006/bin/specinvoke -d /home/hahafish/speccpu2006/benchspec/CPU2006/433.milc/run/run_base_ref_infra-rsan-orig_O2.0003 -e speccmds.err -o speccmds.stdout -f speccmds.cmd -C'
Start command: Wed Jul  1 11:02:35 2026 (1782874955)
Stop command: Wed Jul  1 11:05:41 2026 (1782875141)
Elapsed time for command: 00:03:06 (186)
Workload elapsed time (0:1) = 178.074772 seconds
copy 0 finished @ Wed Jul  1 11:05:33 2026.  Total elapsed time: 178.074772
comparing files in '/home/hahafish/speccpu2006/benchspec/CPU2006/433.milc/run/run_base_ref_infra-rsan-orig_O2.0003'
comparing 'su3imp.out' with abstol=2e-07, binary=, calctol=0, cw=, floatcompare=, ignorecase=, obiwan=, reltol=0.0001, skipabstol=, skipobiwan=, skipreltol=, skiptol=
Specinvoke: /media/hahafish/Data/ForUbuntu/speccpu2006/bin/specinvoke -E -d /home/hahafish/speccpu2006/benchspec/CPU2006/433.milc/run/run_base_ref_infra-rsan-orig_O2.0003 -c 1 -e compare.err -o compare.stdout -f compare.cmd
Issuing command '/media/hahafish/Data/ForUbuntu/speccpu2006/bin/specinvoke -E -d /home/hahafish/speccpu2006/benchspec/CPU2006/433.milc/run/run_base_ref_infra-rsan-orig_O2.0003 -c 1 -e compare.err -o compare.stdout -f compare.cmd'
Start command: Wed Jul  1 11:05:41 2026 (1782875141)
Stop command: Wed Jul  1 11:05:43 2026 (1782875143)
Elapsed time for command: 00:00:02 (2)
Benchmark Times:
  Start:    Wed Jul  1 11:02:35 2026 (1782874955)
  Stop:     Wed Jul  1 11:05:41 2026 (1782875141)
  Elapsed:  00:03:06 (186)
  Reported: 178 74814000 178.074814
 Success 433.milc base ref ratio=51.55, runtime=178.074814

-----------------------------------
  Running (#3) 444.namd ref base infra-rsan-orig_O2 default
Commands to run: 
    -C /media/hahafish/Data/ForUbuntu/speccpu2006/benchspec/CPU2006/444.namd/run/run_base_ref_infra-rsan-orig_O2.0000
    -o namd.stdout -e namd.err ../run_base_ref_infra-rsan-orig_O2.0000/namd_base.infra-rsan-orig_O2 --input namd.input --iterations 38 --output namd.out 
Specinvoke: /media/hahafish/Data/ForUbuntu/speccpu2006/bin/specinvoke -d /media/hahafish/Data/ForUbuntu/speccpu2006/benchspec/CPU2006/444.namd/run/run_base_ref_infra-rsan-orig_O2.0000 -e speccmds.err -o speccmds.stdout -f speccmds.cmd -C
Issuing command '/media/hahafish/Data/ForUbuntu/speccpu2006/bin/specinvoke -d /media/hahafish/Data/ForUbuntu/speccpu2006/benchspec/CPU2006/444.namd/run/run_base_ref_infra-rsan-orig_O2.0000 -e speccmds.err -o speccmds.stdout -f speccmds.cmd -C'
Start command: Wed Jul  1 11:05:43 2026 (1782875143)
Stop command: Wed Jul  1 11:08:21 2026 (1782875301)
Elapsed time for command: 00:02:38 (158)
Workload elapsed time (0:1) = 149.94763 seconds
copy 0 finished @ Wed Jul  1 11:08:13 2026.  Total elapsed time: 149.94763
comparing files in '/media/hahafish/Data/ForUbuntu/speccpu2006/benchspec/CPU2006/444.namd/run/run_base_ref_infra-rsan-orig_O2.0000'
comparing 'namd.out' with abstol=1e-05, binary=, calctol=0, cw=, floatcompare=, ignorecase=, obiwan=, reltol=, skipabstol=, skipobiwan=, skipreltol=, skiptol=
Specinvoke: /media/hahafish/Data/ForUbuntu/speccpu2006/bin/specinvoke -E -d /media/hahafish/Data/ForUbuntu/speccpu2006/benchspec/CPU2006/444.namd/run/run_base_ref_infra-rsan-orig_O2.0000 -c 1 -e compare.err -o compare.stdout -f compare.cmd
Issuing command '/media/hahafish/Data/ForUbuntu/speccpu2006/bin/specinvoke -E -d /media/hahafish/Data/ForUbuntu/speccpu2006/benchspec/CPU2006/444.namd/run/run_base_ref_infra-rsan-orig_O2.0000 -c 1 -e compare.err -o compare.stdout -f compare.cmd'
Start command: Wed Jul  1 11:08:21 2026 (1782875301)
Stop command: Wed Jul  1 11:08:23 2026 (1782875303)
Elapsed time for command: 00:00:02 (2)
Benchmark Times:
  Start:    Wed Jul  1 11:05:43 2026 (1782875143)
  Stop:     Wed Jul  1 11:08:21 2026 (1782875301)
  Elapsed:  00:02:38 (158)
  Reported: 149 947667000 149.947667
 Success 444.namd base ref ratio=53.49, runtime=149.947667

-----------------------------------
  Running (#3) 445.gobmk ref base infra-rsan-orig_O2 default
Commands to run: 
    -C /home/hahafish/speccpu2006/benchspec/CPU2006/445.gobmk/run/run_base_ref_infra-rsan-orig_O2.0003
    -i 13x13.tst -o 13x13.out -e 13x13.err ../run_base_ref_infra-rsan-orig_O2.0003/gobmk_base.infra-rsan-orig_O2 --quiet --mode gtp
    -i nngs.tst -o nngs.out -e nngs.err ../run_base_ref_infra-rsan-orig_O2.0003/gobmk_base.infra-rsan-orig_O2 --quiet --mode gtp
    -i score2.tst -o score2.out -e score2.err ../run_base_ref_infra-rsan-orig_O2.0003/gobmk_base.infra-rsan-orig_O2 --quiet --mode gtp
    -i trevorc.tst -o trevorc.out -e trevorc.err ../run_base_ref_infra-rsan-orig_O2.0003/gobmk_base.infra-rsan-orig_O2 --quiet --mode gtp
    -i trevord.tst -o trevord.out -e trevord.err ../run_base_ref_infra-rsan-orig_O2.0003/gobmk_base.infra-rsan-orig_O2 --quiet --mode gtp
Specinvoke: /media/hahafish/Data/ForUbuntu/speccpu2006/bin/specinvoke -d /home/hahafish/speccpu2006/benchspec/CPU2006/445.gobmk/run/run_base_ref_infra-rsan-orig_O2.0003 -e speccmds.err -o speccmds.stdout -f speccmds.cmd -C
Issuing command '/media/hahafish/Data/ForUbuntu/speccpu2006/bin/specinvoke -d /home/hahafish/speccpu2006/benchspec/CPU2006/445.gobmk/run/run_base_ref_infra-rsan-orig_O2.0003 -e speccmds.err -o speccmds.stdout -f speccmds.cmd -C'
Start command: Wed Jul  1 11:08:24 2026 (1782875304)
Stop command: Wed Jul  1 11:12:44 2026 (1782875564)
Elapsed time for command: 00:04:20 (260)
Workload elapsed time (0:1) = 35.893462 seconds
Workload elapsed time (0:2) = 90.07925 seconds
Workload elapsed time (0:3) = 45.255157 seconds
Workload elapsed time (0:4) = 34.830127 seconds
Workload elapsed time (0:5) = 46.029135 seconds
copy 0 finished @ Wed Jul  1 11:12:36 2026.  Total elapsed time: 252.087131
comparing files in '/home/hahafish/speccpu2006/benchspec/CPU2006/445.gobmk/run/run_base_ref_infra-rsan-orig_O2.0003'
comparing '13x13.out' with abstol=, binary=, calctol=0, cw=, floatcompare=, ignorecase=, obiwan=, reltol=, skipabstol=, skipobiwan=, skipreltol=, skiptol=
comparing 'nngs.out' with abstol=, binary=, calctol=0, cw=, floatcompare=, ignorecase=, obiwan=, reltol=, skipabstol=, skipobiwan=, skipreltol=, skiptol=
comparing 'score2.out' with abstol=, binary=, calctol=0, cw=, floatcompare=, ignorecase=, obiwan=, reltol=, skipabstol=, skipobiwan=, skipreltol=, skiptol=
comparing 'trevorc.out' with abstol=, binary=, calctol=0, cw=, floatcompare=, ignorecase=, obiwan=, reltol=, skipabstol=, skipobiwan=, skipreltol=, skiptol=
comparing 'trevord.out' with abstol=, binary=, calctol=0, cw=, floatcompare=, ignorecase=, obiwan=, reltol=, skipabstol=, skipobiwan=, skipreltol=, skiptol=
Specinvoke: /media/hahafish/Data/ForUbuntu/speccpu2006/bin/specinvoke -E -d /home/hahafish/speccpu2006/benchspec/CPU2006/445.gobmk/run/run_base_ref_infra-rsan-orig_O2.0003 -c 1 -e compare.err -o compare.stdout -f compare.cmd
Issuing command '/media/hahafish/Data/ForUbuntu/speccpu2006/bin/specinvoke -E -d /home/hahafish/speccpu2006/benchspec/CPU2006/445.gobmk/run/run_base_ref_infra-rsan-orig_O2.0003 -c 1 -e compare.err -o compare.stdout -f compare.cmd'
Start command: Wed Jul  1 11:12:44 2026 (1782875564)
Stop command: Wed Jul  1 11:12:46 2026 (1782875566)
Elapsed time for command: 00:00:02 (2)
Benchmark Times:
  Start:    Wed Jul  1 11:08:24 2026 (1782875304)
  Stop:     Wed Jul  1 11:12:44 2026 (1782875564)
  Elapsed:  00:04:20 (260)
  Reported: 252 87205000 252.087205
 Success 445.gobmk base ref ratio=41.61, runtime=252.087205

-----------------------------------
  Running (#3) 447.dealII ref base infra-rsan-orig_O2 default
Commands to run: 
    -C /media/hahafish/Data/ForUbuntu/speccpu2006/benchspec/CPU2006/447.dealII/run/run_base_ref_infra-rsan-orig_O2.0000
    -o log -e dealII.err ../run_base_ref_infra-rsan-orig_O2.0000/dealII_base.infra-rsan-orig_O2 23
Specinvoke: /media/hahafish/Data/ForUbuntu/speccpu2006/bin/specinvoke -d /media/hahafish/Data/ForUbuntu/speccpu2006/benchspec/CPU2006/447.dealII/run/run_base_ref_infra-rsan-orig_O2.0000 -e speccmds.err -o speccmds.stdout -f speccmds.cmd -C
Issuing command '/media/hahafish/Data/ForUbuntu/speccpu2006/bin/specinvoke -d /media/hahafish/Data/ForUbuntu/speccpu2006/benchspec/CPU2006/447.dealII/run/run_base_ref_infra-rsan-orig_O2.0000 -e speccmds.err -o speccmds.stdout -f speccmds.cmd -C'
Start command: Wed Jul  1 11:12:46 2026 (1782875566)
Stop command: Wed Jul  1 11:15:10 2026 (1782875710)
Elapsed time for command: 00:02:24 (144)
Workload elapsed time (0:1) = 135.97629 seconds
copy 0 finished @ Wed Jul  1 11:15:02 2026.  Total elapsed time: 135.97629
comparing files in '/media/hahafish/Data/ForUbuntu/speccpu2006/benchspec/CPU2006/447.dealII/run/run_base_ref_infra-rsan-orig_O2.0000'
comparing 'grid-0.eps' with abstol=1e-07, binary=, calctol=0, cw=, floatcompare=, ignorecase=, obiwan=, reltol=, skipabstol=, skipobiwan=, skipreltol=, skiptol=
comparing 'grid-1.eps' with abstol=1e-07, binary=, calctol=0, cw=, floatcompare=, ignorecase=, obiwan=, reltol=, skipabstol=, skipobiwan=, skipreltol=, skiptol=
comparing 'grid-2.eps' with abstol=1e-07, binary=, calctol=0, cw=, floatcompare=, ignorecase=, obiwan=, reltol=, skipabstol=, skipobiwan=, skipreltol=, skiptol=
comparing 'grid-3.eps' with abstol=1e-07, binary=, calctol=0, cw=, floatcompare=, ignorecase=, obiwan=, reltol=, skipabstol=, skipobiwan=, skipreltol=, skiptol=
comparing 'grid-4.eps' with abstol=1e-07, binary=, calctol=0, cw=, floatcompare=, ignorecase=, obiwan=, reltol=, skipabstol=, skipobiwan=, skipreltol=, skiptol=
comparing 'grid-5.eps' with abstol=1e-07, binary=, calctol=0, cw=, floatcompare=, ignorecase=, obiwan=, reltol=, skipabstol=, skipobiwan=, skipreltol=, skiptol=
comparing 'grid-6.eps' with abstol=1e-07, binary=, calctol=0, cw=, floatcompare=, ignorecase=, obiwan=, reltol=, skipabstol=, skipobiwan=, skipreltol=, skiptol=
comparing 'grid-7.eps' with abstol=1e-07, binary=, calctol=0, cw=, floatcompare=, ignorecase=, obiwan=, reltol=, skipabstol=, skipobiwan=, skipreltol=, skiptol=
comparing 'grid-8.eps' with abstol=1e-07, binary=, calctol=0, cw=, floatcompare=, ignorecase=, obiwan=, reltol=, skipabstol=, skipobiwan=, skipreltol=, skiptol=
comparing 'solution-0.gmv' with abstol=1e-07, binary=, calctol=0, cw=, floatcompare=, ignorecase=, obiwan=, reltol=, skipabstol=, skipobiwan=, skipreltol=, skiptol=
comparing 'solution-1.gmv' with abstol=1e-07, binary=, calctol=0, cw=, floatcompare=, ignorecase=, obiwan=, reltol=, skipabstol=, skipobiwan=, skipreltol=, skiptol=
comparing 'solution-2.gmv' with abstol=1e-07, binary=, calctol=0, cw=, floatcompare=, ignorecase=, obiwan=, reltol=, skipabstol=, skipobiwan=, skipreltol=, skiptol=
comparing 'solution-3.gmv' with abstol=1e-07, binary=, calctol=0, cw=, floatcompare=, ignorecase=, obiwan=, reltol=, skipabstol=, skipobiwan=, skipreltol=, skiptol=
comparing 'solution-4.gmv' with abstol=1e-07, binary=, calctol=0, cw=, floatcompare=, ignorecase=, obiwan=, reltol=, skipabstol=, skipobiwan=, skipreltol=, skiptol=
comparing 'solution-5.gmv' with abstol=1e-07, binary=, calctol=0, cw=, floatcompare=, ignorecase=, obiwan=, reltol=, skipabstol=, skipobiwan=, skipreltol=, skiptol=
comparing 'solution-6.gmv' with abstol=1e-07, binary=, calctol=0, cw=, floatcompare=, ignorecase=, obiwan=, reltol=, skipabstol=, skipobiwan=, skipreltol=, skiptol=
comparing 'solution-7.gmv' with abstol=1e-07, binary=, calctol=0, cw=, floatcompare=, ignorecase=, obiwan=, reltol=, skipabstol=, skipobiwan=, skipreltol=, skiptol=
comparing 'solution-8.gmv' with abstol=1e-07, binary=, calctol=0, cw=, floatcompare=, ignorecase=, obiwan=, reltol=, skipabstol=, skipobiwan=, skipreltol=, skiptol=
comparing 'grid-10.eps' with abstol=1e-07, binary=, calctol=0, cw=, floatcompare=, ignorecase=, obiwan=, reltol=, skipabstol=, skipobiwan=, skipreltol=, skiptol=
comparing 'grid-11.eps' with abstol=1e-07, binary=, calctol=0, cw=, floatcompare=, ignorecase=, obiwan=, reltol=, skipabstol=, skipobiwan=, skipreltol=, skiptol=
comparing 'grid-12.eps' with abstol=1e-07, binary=, calctol=0, cw=, floatcompare=, ignorecase=, obiwan=, reltol=, skipabstol=, skipobiwan=, skipreltol=, skiptol=
comparing 'grid-13.eps' with abstol=1e-07, binary=, calctol=0, cw=, floatcompare=, ignorecase=, obiwan=, reltol=, skipabstol=, skipobiwan=, skipreltol=, skiptol=
comparing 'grid-14.eps' with abstol=1e-07, binary=, calctol=0, cw=, floatcompare=, ignorecase=, obiwan=, reltol=, skipabstol=, skipobiwan=, skipreltol=, skiptol=
comparing 'grid-15.eps' with abstol=1e-07, binary=, calctol=0, cw=, floatcompare=, ignorecase=, obiwan=, reltol=, skipabstol=, skipobiwan=, skipreltol=, skiptol=
comparing 'grid-16.eps' with abstol=1e-07, binary=, calctol=0, cw=, floatcompare=, ignorecase=, obiwan=, reltol=, skipabstol=, skipobiwan=, skipreltol=, skiptol=
comparing 'grid-17.eps' with abstol=1e-07, binary=, calctol=0, cw=, floatcompare=, ignorecase=, obiwan=, reltol=, skipabstol=, skipobiwan=, skipreltol=, skiptol=
comparing 'grid-18.eps' with abstol=1e-07, binary=, calctol=0, cw=, floatcompare=, ignorecase=, obiwan=, reltol=, skipabstol=, skipobiwan=, skipreltol=, skiptol=
comparing 'grid-19.eps' with abstol=1e-07, binary=, calctol=0, cw=, floatcompare=, ignorecase=, obiwan=, reltol=, skipabstol=, skipobiwan=, skipreltol=, skiptol=
comparing 'grid-20.eps' with abstol=1e-07, binary=, calctol=0, cw=, floatcompare=, ignorecase=, obiwan=, reltol=, skipabstol=, skipobiwan=, skipreltol=, skiptol=
comparing 'grid-21.eps' with abstol=1e-07, binary=, calctol=0, cw=, floatcompare=, ignorecase=, obiwan=, reltol=, skipabstol=, skipobiwan=, skipreltol=, skiptol=
comparing 'grid-22.eps' with abstol=1e-07, binary=, calctol=0, cw=, floatcompare=, ignorecase=, obiwan=, reltol=, skipabstol=, skipobiwan=, skipreltol=, skiptol=
comparing 'grid-23.eps' with abstol=1e-07, binary=, calctol=0, cw=, floatcompare=, ignorecase=, obiwan=, reltol=, skipabstol=, skipobiwan=, skipreltol=, skiptol=
comparing 'grid-9.eps' with abstol=1e-07, binary=, calctol=0, cw=, floatcompare=, ignorecase=, obiwan=, reltol=, skipabstol=, skipobiwan=, skipreltol=, skiptol=
comparing 'log' with abstol=1e-07, binary=, calctol=0, cw=, floatcompare=, ignorecase=, obiwan=, reltol=, skipabstol=, skipobiwan=, skipreltol=, skiptol=
comparing 'solution-10.gmv' with abstol=1e-07, binary=, calctol=0, cw=, floatcompare=, ignorecase=, obiwan=, reltol=, skipabstol=, skipobiwan=, skipreltol=, skiptol=
comparing 'solution-11.gmv' with abstol=1e-07, binary=, calctol=0, cw=, floatcompare=, ignorecase=, obiwan=, reltol=, skipabstol=, skipobiwan=, skipreltol=, skiptol=
comparing 'solution-12.gmv' with abstol=1e-07, binary=, calctol=0, cw=, floatcompare=, ignorecase=, obiwan=, reltol=, skipabstol=, skipobiwan=, skipreltol=, skiptol=
comparing 'solution-13.gmv' with abstol=1e-07, binary=, calctol=0, cw=, floatcompare=, ignorecase=, obiwan=, reltol=, skipabstol=, skipobiwan=, skipreltol=, skiptol=
comparing 'solution-14.gmv' with abstol=1e-07, binary=, calctol=0, cw=, floatcompare=, ignorecase=, obiwan=, reltol=, skipabstol=, skipobiwan=, skipreltol=, skiptol=
comparing 'solution-15.gmv' with abstol=1e-07, binary=, calctol=0, cw=, floatcompare=, ignorecase=, obiwan=, reltol=, skipabstol=, skipobiwan=, skipreltol=, skiptol=
comparing 'solution-16.gmv' with abstol=1e-07, binary=, calctol=0, cw=, floatcompare=, ignorecase=, obiwan=, reltol=, skipabstol=, skipobiwan=, skipreltol=, skiptol=
comparing 'solution-17.gmv' with abstol=1e-07, binary=, calctol=0, cw=, floatcompare=, ignorecase=, obiwan=, reltol=, skipabstol=, skipobiwan=, skipreltol=, skiptol=
comparing 'solution-18.gmv' with abstol=1e-07, binary=, calctol=0, cw=, floatcompare=, ignorecase=, obiwan=, reltol=, skipabstol=, skipobiwan=, skipreltol=, skiptol=
comparing 'solution-19.gmv' with abstol=1e-07, binary=, calctol=0, cw=, floatcompare=, ignorecase=, obiwan=, reltol=, skipabstol=, skipobiwan=, skipreltol=, skiptol=
comparing 'solution-20.gmv' with abstol=1e-07, binary=, calctol=0, cw=, floatcompare=, ignorecase=, obiwan=, reltol=, skipabstol=, skipobiwan=, skipreltol=, skiptol=
comparing 'solution-21.gmv' with abstol=1e-07, binary=, calctol=0, cw=, floatcompare=, ignorecase=, obiwan=, reltol=, skipabstol=, skipobiwan=, skipreltol=, skiptol=
comparing 'solution-22.gmv' with abstol=1e-07, binary=, calctol=0, cw=, floatcompare=, ignorecase=, obiwan=, reltol=, skipabstol=, skipobiwan=, skipreltol=, skiptol=
comparing 'solution-23.gmv' with abstol=1e-07, binary=, calctol=0, cw=, floatcompare=, ignorecase=, obiwan=, reltol=, skipabstol=, skipobiwan=, skipreltol=, skiptol=
comparing 'solution-9.gmv' with abstol=1e-07, binary=, calctol=0, cw=, floatcompare=, ignorecase=, obiwan=, reltol=, skipabstol=, skipobiwan=, skipreltol=, skiptol=
Specinvoke: /media/hahafish/Data/ForUbuntu/speccpu2006/bin/specinvoke -E -d /media/hahafish/Data/ForUbuntu/speccpu2006/benchspec/CPU2006/447.dealII/run/run_base_ref_infra-rsan-orig_O2.0000 -c 1 -e compare.err -o compare.stdout -f compare.cmd
Issuing command '/media/hahafish/Data/ForUbuntu/speccpu2006/bin/specinvoke -E -d /media/hahafish/Data/ForUbuntu/speccpu2006/benchspec/CPU2006/447.dealII/run/run_base_ref_infra-rsan-orig_O2.0000 -c 1 -e compare.err -o compare.stdout -f compare.cmd'
Start command: Wed Jul  1 11:15:10 2026 (1782875710)
Stop command: Wed Jul  1 11:15:24 2026 (1782875724)
Elapsed time for command: 00:00:14 (14)
Benchmark Times:
  Start:    Wed Jul  1 11:12:46 2026 (1782875566)
  Stop:     Wed Jul  1 11:15:10 2026 (1782875710)
  Elapsed:  00:02:24 (144)
  Reported: 135 976335000 135.976335
 Success 447.dealII base ref ratio=84.13, runtime=135.976335

-----------------------------------
  Running (#3) 450.soplex ref base infra-rsan-orig_O2 default
Commands to run: 
    -C /media/hahafish/Data/ForUbuntu/speccpu2006/benchspec/CPU2006/450.soplex/run/run_base_ref_infra-rsan-orig_O2.0000
    -o pds-50.mps.out -e pds-50.mps.stderr ../run_base_ref_infra-rsan-orig_O2.0000/soplex_base.infra-rsan-orig_O2 -s1 -e -m45000 pds-50.mps
    -o ref.out -e ref.stderr ../run_base_ref_infra-rsan-orig_O2.0000/soplex_base.infra-rsan-orig_O2 -m3500 ref.mps
Specinvoke: /media/hahafish/Data/ForUbuntu/speccpu2006/bin/specinvoke -d /media/hahafish/Data/ForUbuntu/speccpu2006/benchspec/CPU2006/450.soplex/run/run_base_ref_infra-rsan-orig_O2.0000 -e speccmds.err -o speccmds.stdout -f speccmds.cmd -C
Issuing command '/media/hahafish/Data/ForUbuntu/speccpu2006/bin/specinvoke -d /media/hahafish/Data/ForUbuntu/speccpu2006/benchspec/CPU2006/450.soplex/run/run_base_ref_infra-rsan-orig_O2.0000 -e speccmds.err -o speccmds.stdout -f speccmds.cmd -C'
Start command: Wed Jul  1 11:15:24 2026 (1782875724)
Stop command: Wed Jul  1 11:17:54 2026 (1782875874)
Elapsed time for command: 00:02:30 (150)
Workload elapsed time (0:1) = 74.63108 seconds
Workload elapsed time (0:2) = 67.535871 seconds
copy 0 finished @ Wed Jul  1 11:17:46 2026.  Total elapsed time: 142.166951
comparing files in '/media/hahafish/Data/ForUbuntu/speccpu2006/benchspec/CPU2006/450.soplex/run/run_base_ref_infra-rsan-orig_O2.0000'
comparing 'pds-50.mps.out' with abstol=1e-05, binary=, calctol=0, cw=, floatcompare=, ignorecase=, obiwan=1, reltol=0.02, skipabstol=, skipobiwan=, skipreltol=, skiptol=
comparing 'pds-50.mps.stderr' with abstol=20, binary=, calctol=0, cw=, floatcompare=, ignorecase=, obiwan=1, reltol=0.0001, skipabstol=, skipobiwan=, skipreltol=, skiptol=
comparing 'ref.out' with abstol=1e-05, binary=, calctol=0, cw=, floatcompare=, ignorecase=, obiwan=1, reltol=0.02, skipabstol=, skipobiwan=, skipreltol=, skiptol=
comparing 'ref.stderr' with abstol=20, binary=, calctol=0, cw=, floatcompare=, ignorecase=, obiwan=1, reltol=0.0001, skipabstol=, skipobiwan=, skipreltol=, skiptol=
Specinvoke: /media/hahafish/Data/ForUbuntu/speccpu2006/bin/specinvoke -E -d /media/hahafish/Data/ForUbuntu/speccpu2006/benchspec/CPU2006/450.soplex/run/run_base_ref_infra-rsan-orig_O2.0000 -c 1 -e compare.err -o compare.stdout -f compare.cmd
Issuing command '/media/hahafish/Data/ForUbuntu/speccpu2006/bin/specinvoke -E -d /media/hahafish/Data/ForUbuntu/speccpu2006/benchspec/CPU2006/450.soplex/run/run_base_ref_infra-rsan-orig_O2.0000 -c 1 -e compare.err -o compare.stdout -f compare.cmd'
Start command: Wed Jul  1 11:17:54 2026 (1782875874)
Stop command: Wed Jul  1 11:17:56 2026 (1782875876)
Elapsed time for command: 00:00:02 (2)
Error with '/media/hahafish/Data/ForUbuntu/speccpu2006/bin/specinvoke -E -d /media/hahafish/Data/ForUbuntu/speccpu2006/benchspec/CPU2006/450.soplex/run/run_base_ref_infra-rsan-orig_O2.0000 -c 1 -e compare.err -o compare.stdout -f compare.cmd': check file '/media/hahafish/Data/ForUbuntu/speccpu2006/benchspec/CPU2006/450.soplex/run/run_base_ref_infra-rsan-orig_O2.0000/.err'
*** Miscompare of pds-50.mps.stderr, see /media/hahafish/Data/ForUbuntu/speccpu2006/benchspec/CPU2006/450.soplex/run/run_base_ref_infra-rsan-orig_O2.0000/pds-50.mps.stderr.mis
'pds-50.mps.stderr' long
*** Miscompare of ref.stderr, see /media/hahafish/Data/ForUbuntu/speccpu2006/benchspec/CPU2006/450.soplex/run/run_base_ref_infra-rsan-orig_O2.0000/ref.stderr.mis
'ref.stderr' long
Benchmark Times:
  Start:    Wed Jul  1 11:15:24 2026 (1782875724)
  Stop:     Wed Jul  1 11:17:54 2026 (1782875874)
  Elapsed:  00:02:30 (150)
  Reported: 142 167006000 142.167006
 Error 450.soplex base ref ratio=58.66, runtime=142.167006

-----------------------------------
  Running (#3) 453.povray ref base infra-rsan-orig_O2 default
Commands to run: 
    -C /media/hahafish/Data/ForUbuntu/speccpu2006/benchspec/CPU2006/453.povray/run/run_base_ref_infra-rsan-orig_O2.0000
    -o SPEC-benchmark-ref.stdout -e SPEC-benchmark-ref.stderr ../run_base_ref_infra-rsan-orig_O2.0000/povray_base.infra-rsan-orig_O2 SPEC-benchmark-ref.ini
Specinvoke: /media/hahafish/Data/ForUbuntu/speccpu2006/bin/specinvoke -d /media/hahafish/Data/ForUbuntu/speccpu2006/benchspec/CPU2006/453.povray/run/run_base_ref_infra-rsan-orig_O2.0000 -e speccmds.err -o speccmds.stdout -f speccmds.cmd -C
Issuing command '/media/hahafish/Data/ForUbuntu/speccpu2006/bin/specinvoke -d /media/hahafish/Data/ForUbuntu/speccpu2006/benchspec/CPU2006/453.povray/run/run_base_ref_infra-rsan-orig_O2.0000 -e speccmds.err -o speccmds.stdout -f speccmds.cmd -C'
Start command: Wed Jul  1 11:17:56 2026 (1782875876)
Stop command: Wed Jul  1 11:19:11 2026 (1782875951)
Elapsed time for command: 00:01:15 (75)
Workload elapsed time (0:1) = 66.694196 seconds
copy 0 finished @ Wed Jul  1 11:19:03 2026.  Total elapsed time: 66.694196
comparing files in '/media/hahafish/Data/ForUbuntu/speccpu2006/benchspec/CPU2006/453.povray/run/run_base_ref_infra-rsan-orig_O2.0000'
comparing 'SPEC-benchmark.log' with abstol=0, binary=, calctol=0, cw=, floatcompare=, ignorecase=, obiwan=, reltol=5e-05, skipabstol=, skipobiwan=, skipreltol=, skiptol=
comparing 'SPEC-benchmark.tga' with abstol=0, binary=1, calctol=0, cw=, floatcompare=, ignorecase=, obiwan=, reltol=5e-05, skipabstol=, skipobiwan=, skipreltol=, skiptol=50
Specinvoke: /media/hahafish/Data/ForUbuntu/speccpu2006/bin/specinvoke -E -d /media/hahafish/Data/ForUbuntu/speccpu2006/benchspec/CPU2006/453.povray/run/run_base_ref_infra-rsan-orig_O2.0000 -c 1 -e compare.err -o compare.stdout -f compare.cmd
Issuing command '/media/hahafish/Data/ForUbuntu/speccpu2006/bin/specinvoke -E -d /media/hahafish/Data/ForUbuntu/speccpu2006/benchspec/CPU2006/453.povray/run/run_base_ref_infra-rsan-orig_O2.0000 -c 1 -e compare.err -o compare.stdout -f compare.cmd'
Start command: Wed Jul  1 11:19:11 2026 (1782875951)
Stop command: Wed Jul  1 11:19:17 2026 (1782875957)
Elapsed time for command: 00:00:06 (6)
Benchmark Times:
  Start:    Wed Jul  1 11:17:56 2026 (1782875876)
  Stop:     Wed Jul  1 11:19:11 2026 (1782875951)
  Elapsed:  00:01:15 (75)
  Reported: 66 694235000 66.694235
 Success 453.povray base ref ratio=79.77, runtime=66.694235

-----------------------------------
  Running (#3) 456.hmmer ref base infra-rsan-orig_O2 default
Commands to run: 
    -C /home/hahafish/speccpu2006/benchspec/CPU2006/456.hmmer/run/run_base_ref_infra-rsan-orig_O2.0003
    -o nph3.out -e nph3.err ../run_base_ref_infra-rsan-orig_O2.0003/hmmer_base.infra-rsan-orig_O2 nph3.hmm swiss41
    -o retro.out -e retro.err ../run_base_ref_infra-rsan-orig_O2.0003/hmmer_base.infra-rsan-orig_O2 --fixed 0 --mean 500 --num 500000 --sd 350 --seed 0 retro.hmm
Specinvoke: /media/hahafish/Data/ForUbuntu/speccpu2006/bin/specinvoke -d /home/hahafish/speccpu2006/benchspec/CPU2006/456.hmmer/run/run_base_ref_infra-rsan-orig_O2.0003 -e speccmds.err -o speccmds.stdout -f speccmds.cmd -C
Issuing command '/media/hahafish/Data/ForUbuntu/speccpu2006/bin/specinvoke -d /home/hahafish/speccpu2006/benchspec/CPU2006/456.hmmer/run/run_base_ref_infra-rsan-orig_O2.0003 -e speccmds.err -o speccmds.stdout -f speccmds.cmd -C'
Start command: Wed Jul  1 11:19:17 2026 (1782875957)
Stop command: Wed Jul  1 11:22:14 2026 (1782876134)
Elapsed time for command: 00:02:57 (177)
Workload elapsed time (0:1) = 52.943006 seconds
Workload elapsed time (0:2) = 116.53018 seconds
copy 0 finished @ Wed Jul  1 11:22:06 2026.  Total elapsed time: 169.473186
comparing files in '/home/hahafish/speccpu2006/benchspec/CPU2006/456.hmmer/run/run_base_ref_infra-rsan-orig_O2.0003'
comparing 'nph3.out' with abstol=1e-05, binary=, calctol=0, cw=, floatcompare=, ignorecase=, obiwan=, reltol=0.002, skipabstol=, skipobiwan=, skipreltol=, skiptol=10
comparing 'retro.out' with abstol=1e-05, binary=, calctol=0, cw=, floatcompare=, ignorecase=, obiwan=, reltol=0.002, skipabstol=, skipobiwan=, skipreltol=, skiptol=10
Specinvoke: /media/hahafish/Data/ForUbuntu/speccpu2006/bin/specinvoke -E -d /home/hahafish/speccpu2006/benchspec/CPU2006/456.hmmer/run/run_base_ref_infra-rsan-orig_O2.0003 -c 1 -e compare.err -o compare.stdout -f compare.cmd
Issuing command '/media/hahafish/Data/ForUbuntu/speccpu2006/bin/specinvoke -E -d /home/hahafish/speccpu2006/benchspec/CPU2006/456.hmmer/run/run_base_ref_infra-rsan-orig_O2.0003 -c 1 -e compare.err -o compare.stdout -f compare.cmd'
Start command: Wed Jul  1 11:22:14 2026 (1782876134)
Stop command: Wed Jul  1 11:22:16 2026 (1782876136)
Elapsed time for command: 00:00:02 (2)
Benchmark Times:
  Start:    Wed Jul  1 11:19:17 2026 (1782875957)
  Stop:     Wed Jul  1 11:22:14 2026 (1782876134)
  Elapsed:  00:02:57 (177)
  Reported: 169 473233000 169.473233
 Success 456.hmmer base ref ratio=55.05, runtime=169.473233

-----------------------------------
  Running (#3) 458.sjeng ref base infra-rsan-orig_O2 default
Commands to run: 
    -C /media/hahafish/Data/ForUbuntu/speccpu2006/benchspec/CPU2006/458.sjeng/run/run_base_ref_infra-rsan-orig_O2.0000
    -o ref.out -e ref.err ../run_base_ref_infra-rsan-orig_O2.0000/sjeng_base.infra-rsan-orig_O2 ref.txt
Specinvoke: /media/hahafish/Data/ForUbuntu/speccpu2006/bin/specinvoke -d /media/hahafish/Data/ForUbuntu/speccpu2006/benchspec/CPU2006/458.sjeng/run/run_base_ref_infra-rsan-orig_O2.0000 -e speccmds.err -o speccmds.stdout -f speccmds.cmd -C
Issuing command '/media/hahafish/Data/ForUbuntu/speccpu2006/bin/specinvoke -d /media/hahafish/Data/ForUbuntu/speccpu2006/benchspec/CPU2006/458.sjeng/run/run_base_ref_infra-rsan-orig_O2.0000 -e speccmds.err -o speccmds.stdout -f speccmds.cmd -C'
Start command: Wed Jul  1 11:22:16 2026 (1782876136)
Stop command: Wed Jul  1 11:27:50 2026 (1782876470)
Elapsed time for command: 00:05:34 (334)
Workload elapsed time (0:1) = 325.598807 seconds
copy 0 finished @ Wed Jul  1 11:27:42 2026.  Total elapsed time: 325.598807
comparing files in '/media/hahafish/Data/ForUbuntu/speccpu2006/benchspec/CPU2006/458.sjeng/run/run_base_ref_infra-rsan-orig_O2.0000'
comparing 'ref.out' with abstol=, binary=, calctol=0, cw=, floatcompare=, ignorecase=, obiwan=, reltol=, skipabstol=, skipobiwan=, skipreltol=, skiptol=
Specinvoke: /media/hahafish/Data/ForUbuntu/speccpu2006/bin/specinvoke -E -d /media/hahafish/Data/ForUbuntu/speccpu2006/benchspec/CPU2006/458.sjeng/run/run_base_ref_infra-rsan-orig_O2.0000 -c 1 -e compare.err -o compare.stdout -f compare.cmd
Issuing command '/media/hahafish/Data/ForUbuntu/speccpu2006/bin/specinvoke -E -d /media/hahafish/Data/ForUbuntu/speccpu2006/benchspec/CPU2006/458.sjeng/run/run_base_ref_infra-rsan-orig_O2.0000 -c 1 -e compare.err -o compare.stdout -f compare.cmd'
Start command: Wed Jul  1 11:27:50 2026 (1782876470)
Stop command: Wed Jul  1 11:27:52 2026 (1782876472)
Elapsed time for command: 00:00:02 (2)
Benchmark Times:
  Start:    Wed Jul  1 11:22:16 2026 (1782876136)
  Stop:     Wed Jul  1 11:27:50 2026 (1782876470)
  Elapsed:  00:05:34 (334)
  Reported: 325 598845000 325.598845
 Success 458.sjeng base ref ratio=37.16, runtime=325.598845

-----------------------------------
  Running (#3) 462.libquantum ref base infra-rsan-orig_O2 default
Commands to run: 
    -C /home/hahafish/speccpu2006/benchspec/CPU2006/462.libquantum/run/run_base_ref_infra-rsan-orig_O2.0003
    -o ref.out -e ref.err ../run_base_ref_infra-rsan-orig_O2.0003/libquantum_base.infra-rsan-orig_O2 1397 8
Specinvoke: /media/hahafish/Data/ForUbuntu/speccpu2006/bin/specinvoke -d /home/hahafish/speccpu2006/benchspec/CPU2006/462.libquantum/run/run_base_ref_infra-rsan-orig_O2.0003 -e speccmds.err -o speccmds.stdout -f speccmds.cmd -C
Issuing command '/media/hahafish/Data/ForUbuntu/speccpu2006/bin/specinvoke -d /home/hahafish/speccpu2006/benchspec/CPU2006/462.libquantum/run/run_base_ref_infra-rsan-orig_O2.0003 -e speccmds.err -o speccmds.stdout -f speccmds.cmd -C'
Start command: Wed Jul  1 11:27:52 2026 (1782876472)
Stop command: Wed Jul  1 11:31:43 2026 (1782876703)
Elapsed time for command: 00:03:51 (231)
Workload elapsed time (0:1) = 223.118683 seconds
copy 0 finished @ Wed Jul  1 11:31:35 2026.  Total elapsed time: 223.118683
comparing files in '/home/hahafish/speccpu2006/benchspec/CPU2006/462.libquantum/run/run_base_ref_infra-rsan-orig_O2.0003'
comparing 'ref.out' with abstol=, binary=, calctol=0, cw=, floatcompare=, ignorecase=, obiwan=1, reltol=, skipabstol=, skipobiwan=, skipreltol=, skiptol=
Specinvoke: /media/hahafish/Data/ForUbuntu/speccpu2006/bin/specinvoke -E -d /home/hahafish/speccpu2006/benchspec/CPU2006/462.libquantum/run/run_base_ref_infra-rsan-orig_O2.0003 -c 1 -e compare.err -o compare.stdout -f compare.cmd
Issuing command '/media/hahafish/Data/ForUbuntu/speccpu2006/bin/specinvoke -E -d /home/hahafish/speccpu2006/benchspec/CPU2006/462.libquantum/run/run_base_ref_infra-rsan-orig_O2.0003 -c 1 -e compare.err -o compare.stdout -f compare.cmd'
Start command: Wed Jul  1 11:31:43 2026 (1782876703)
Stop command: Wed Jul  1 11:31:45 2026 (1782876705)
Elapsed time for command: 00:00:02 (2)
Benchmark Times:
  Start:    Wed Jul  1 11:27:52 2026 (1782876472)
  Stop:     Wed Jul  1 11:31:43 2026 (1782876703)
  Elapsed:  00:03:51 (231)
  Reported: 223 118725000 223.118725
 Success 462.libquantum base ref ratio=92.87, runtime=223.118725

-----------------------------------
  Running (#3) 464.h264ref ref base infra-rsan-orig_O2 default
Commands to run: 
    -C /media/hahafish/Data/ForUbuntu/speccpu2006/benchspec/CPU2006/464.h264ref/run/run_base_ref_infra-rsan-orig_O2.0000
    -o foreman_ref_baseline_encodelog.out -e foreman_ref_baseline_encodelog.err ../run_base_ref_infra-rsan-orig_O2.0000/h264ref_base.infra-rsan-orig_O2 -d foreman_ref_encoder_baseline.cfg
    -o foreman_ref_main_encodelog.out -e foreman_ref_main_encodelog.err ../run_base_ref_infra-rsan-orig_O2.0000/h264ref_base.infra-rsan-orig_O2 -d foreman_ref_encoder_main.cfg
    -o sss_main_encodelog.out -e sss_main_encodelog.err ../run_base_ref_infra-rsan-orig_O2.0000/h264ref_base.infra-rsan-orig_O2 -d sss_encoder_main.cfg
Specinvoke: /media/hahafish/Data/ForUbuntu/speccpu2006/bin/specinvoke -d /media/hahafish/Data/ForUbuntu/speccpu2006/benchspec/CPU2006/464.h264ref/run/run_base_ref_infra-rsan-orig_O2.0000 -e speccmds.err -o speccmds.stdout -f speccmds.cmd -C
Issuing command '/media/hahafish/Data/ForUbuntu/speccpu2006/bin/specinvoke -d /media/hahafish/Data/ForUbuntu/speccpu2006/benchspec/CPU2006/464.h264ref/run/run_base_ref_infra-rsan-orig_O2.0000 -e speccmds.err -o speccmds.stdout -f speccmds.cmd -C'
Start command: Wed Jul  1 11:31:45 2026 (1782876705)
Stop command: Wed Jul  1 11:35:50 2026 (1782876950)
Elapsed time for command: 00:04:05 (245)
Workload elapsed time (0:1) = 33.226061 seconds
Workload elapsed time (0:2) = 21.160026 seconds
Workload elapsed time (0:3) = 182.552968 seconds
copy 0 finished @ Wed Jul  1 11:35:42 2026.  Total elapsed time: 236.939055
comparing files in '/media/hahafish/Data/ForUbuntu/speccpu2006/benchspec/CPU2006/464.h264ref/run/run_base_ref_infra-rsan-orig_O2.0000'
comparing 'foreman_ref_baseline_encodelog.out' with abstol=, binary=, calctol=0, cw=1, floatcompare=1, ignorecase=, obiwan=, reltol=, skipabstol=, skipobiwan=, skipreltol=, skiptol=
comparing 'foreman_ref_baseline_leakybucketparam.cfg' with abstol=, binary=1, calctol=0, cw=1, floatcompare=1, ignorecase=, obiwan=, reltol=, skipabstol=, skipobiwan=, skipreltol=, skiptol=
comparing 'foreman_ref_main_encodelog.out' with abstol=, binary=, calctol=0, cw=1, floatcompare=1, ignorecase=, obiwan=, reltol=, skipabstol=, skipobiwan=, skipreltol=, skiptol=
comparing 'foreman_ref_main_leakybucketparam.cfg' with abstol=, binary=1, calctol=0, cw=1, floatcompare=1, ignorecase=, obiwan=, reltol=, skipabstol=, skipobiwan=, skipreltol=, skiptol=
comparing 'sss_main_encodelog.out' with abstol=, binary=, calctol=0, cw=1, floatcompare=1, ignorecase=, obiwan=, reltol=, skipabstol=, skipobiwan=, skipreltol=, skiptol=
comparing 'sss_main_leakybucketparam.cfg' with abstol=, binary=1, calctol=0, cw=1, floatcompare=1, ignorecase=, obiwan=, reltol=, skipabstol=, skipobiwan=, skipreltol=, skiptol=
Specinvoke: /media/hahafish/Data/ForUbuntu/speccpu2006/bin/specinvoke -E -d /media/hahafish/Data/ForUbuntu/speccpu2006/benchspec/CPU2006/464.h264ref/run/run_base_ref_infra-rsan-orig_O2.0000 -c 1 -e compare.err -o compare.stdout -f compare.cmd
Issuing command '/media/hahafish/Data/ForUbuntu/speccpu2006/bin/specinvoke -E -d /media/hahafish/Data/ForUbuntu/speccpu2006/benchspec/CPU2006/464.h264ref/run/run_base_ref_infra-rsan-orig_O2.0000 -c 1 -e compare.err -o compare.stdout -f compare.cmd'
Start command: Wed Jul  1 11:35:50 2026 (1782876950)
Stop command: Wed Jul  1 11:35:52 2026 (1782876952)
Elapsed time for command: 00:00:02 (2)
Benchmark Times:
  Start:    Wed Jul  1 11:31:45 2026 (1782876705)
  Stop:     Wed Jul  1 11:35:50 2026 (1782876950)
  Elapsed:  00:04:05 (245)
  Reported: 236 939110000 236.93911
 Success 464.h264ref base ref ratio=93.40, runtime=236.939110

-----------------------------------
  Running (#3) 470.lbm ref base infra-rsan-orig_O2 default
Commands to run: 
    -C /media/hahafish/Data/ForUbuntu/speccpu2006/benchspec/CPU2006/470.lbm/run/run_base_ref_infra-rsan-orig_O2.0000
    -o lbm.out -e lbm.err ../run_base_ref_infra-rsan-orig_O2.0000/lbm_base.infra-rsan-orig_O2 3000 reference.dat 0 0 100_100_130_ldc.of
Specinvoke: /media/hahafish/Data/ForUbuntu/speccpu2006/bin/specinvoke -d /media/hahafish/Data/ForUbuntu/speccpu2006/benchspec/CPU2006/470.lbm/run/run_base_ref_infra-rsan-orig_O2.0000 -e speccmds.err -o speccmds.stdout -f speccmds.cmd -C
Issuing command '/media/hahafish/Data/ForUbuntu/speccpu2006/bin/specinvoke -d /media/hahafish/Data/ForUbuntu/speccpu2006/benchspec/CPU2006/470.lbm/run/run_base_ref_infra-rsan-orig_O2.0000 -e speccmds.err -o speccmds.stdout -f speccmds.cmd -C'
Start command: Wed Jul  1 11:35:52 2026 (1782876952)
Stop command: Wed Jul  1 11:37:35 2026 (1782877055)
Elapsed time for command: 00:01:43 (103)
Workload elapsed time (0:1) = 94.867034 seconds
copy 0 finished @ Wed Jul  1 11:37:27 2026.  Total elapsed time: 94.867034
comparing files in '/media/hahafish/Data/ForUbuntu/speccpu2006/benchspec/CPU2006/470.lbm/run/run_base_ref_infra-rsan-orig_O2.0000'
comparing 'lbm.out' with abstol=1e-07, binary=, calctol=0, cw=, floatcompare=, ignorecase=, obiwan=, reltol=, skipabstol=, skipobiwan=, skipreltol=, skiptol=
Specinvoke: /media/hahafish/Data/ForUbuntu/speccpu2006/bin/specinvoke -E -d /media/hahafish/Data/ForUbuntu/speccpu2006/benchspec/CPU2006/470.lbm/run/run_base_ref_infra-rsan-orig_O2.0000 -c 1 -e compare.err -o compare.stdout -f compare.cmd
Issuing command '/media/hahafish/Data/ForUbuntu/speccpu2006/bin/specinvoke -E -d /media/hahafish/Data/ForUbuntu/speccpu2006/benchspec/CPU2006/470.lbm/run/run_base_ref_infra-rsan-orig_O2.0000 -c 1 -e compare.err -o compare.stdout -f compare.cmd'
Start command: Wed Jul  1 11:37:35 2026 (1782877055)
Stop command: Wed Jul  1 11:37:37 2026 (1782877057)
Elapsed time for command: 00:00:02 (2)
Benchmark Times:
  Start:    Wed Jul  1 11:35:52 2026 (1782876952)
  Stop:     Wed Jul  1 11:37:35 2026 (1782877055)
  Elapsed:  00:01:43 (103)
  Reported: 94 867073000 94.867073
 Success 470.lbm base ref ratio=144.83, runtime=94.867073

-----------------------------------
  Running (#3) 471.omnetpp ref base infra-rsan-orig_O2 default
Commands to run: 
    -C /media/hahafish/Data/ForUbuntu/speccpu2006/benchspec/CPU2006/471.omnetpp/run/run_base_ref_infra-rsan-orig_O2.0000
    -o omnetpp.log -e omnetpp.err ../run_base_ref_infra-rsan-orig_O2.0000/omnetpp_base.infra-rsan-orig_O2 omnetpp.ini
Specinvoke: /media/hahafish/Data/ForUbuntu/speccpu2006/bin/specinvoke -d /media/hahafish/Data/ForUbuntu/speccpu2006/benchspec/CPU2006/471.omnetpp/run/run_base_ref_infra-rsan-orig_O2.0000 -e speccmds.err -o speccmds.stdout -f speccmds.cmd -C
Issuing command '/media/hahafish/Data/ForUbuntu/speccpu2006/bin/specinvoke -d /media/hahafish/Data/ForUbuntu/speccpu2006/benchspec/CPU2006/471.omnetpp/run/run_base_ref_infra-rsan-orig_O2.0000 -e speccmds.err -o speccmds.stdout -f speccmds.cmd -C'
Start command: Wed Jul  1 11:37:37 2026 (1782877057)
Stop command: Wed Jul  1 11:42:12 2026 (1782877332)
Elapsed time for command: 00:04:35 (275)
Workload elapsed time (0:1) = 267.249334 seconds
copy 0 finished @ Wed Jul  1 11:42:04 2026.  Total elapsed time: 267.249334
comparing files in '/media/hahafish/Data/ForUbuntu/speccpu2006/benchspec/CPU2006/471.omnetpp/run/run_base_ref_infra-rsan-orig_O2.0000'
comparing 'omnetpp.log' with abstol=1e-06, binary=, calctol=0, cw=, floatcompare=, ignorecase=, obiwan=, reltol=1e-05, skipabstol=, skipobiwan=, skipreltol=, skiptol=
comparing 'omnetpp.sca' with abstol=1e-06, binary=, calctol=0, cw=, floatcompare=, ignorecase=, obiwan=, reltol=1e-05, skipabstol=, skipobiwan=, skipreltol=, skiptol=
Specinvoke: /media/hahafish/Data/ForUbuntu/speccpu2006/bin/specinvoke -E -d /media/hahafish/Data/ForUbuntu/speccpu2006/benchspec/CPU2006/471.omnetpp/run/run_base_ref_infra-rsan-orig_O2.0000 -c 1 -e compare.err -o compare.stdout -f compare.cmd
Issuing command '/media/hahafish/Data/ForUbuntu/speccpu2006/bin/specinvoke -E -d /media/hahafish/Data/ForUbuntu/speccpu2006/benchspec/CPU2006/471.omnetpp/run/run_base_ref_infra-rsan-orig_O2.0000 -c 1 -e compare.err -o compare.stdout -f compare.cmd'
Start command: Wed Jul  1 11:42:12 2026 (1782877332)
Stop command: Wed Jul  1 11:42:14 2026 (1782877334)
Elapsed time for command: 00:00:02 (2)
Benchmark Times:
  Start:    Wed Jul  1 11:37:37 2026 (1782877057)
  Stop:     Wed Jul  1 11:42:12 2026 (1782877332)
  Elapsed:  00:04:35 (275)
  Reported: 267 249382000 267.249382
 Success 471.omnetpp base ref ratio=23.39, runtime=267.249382

-----------------------------------
  Running (#3) 473.astar ref base infra-rsan-orig_O2 default
Commands to run: 
    -C /home/hahafish/speccpu2006/benchspec/CPU2006/473.astar/run/run_base_ref_infra-rsan-orig_O2.0003
    -o BigLakes2048.out -e BigLakes2048.err ../run_base_ref_infra-rsan-orig_O2.0003/astar_base.infra-rsan-orig_O2 BigLakes2048.cfg
    -o rivers.out -e rivers.err ../run_base_ref_infra-rsan-orig_O2.0003/astar_base.infra-rsan-orig_O2 rivers.cfg
Specinvoke: /media/hahafish/Data/ForUbuntu/speccpu2006/bin/specinvoke -d /home/hahafish/speccpu2006/benchspec/CPU2006/473.astar/run/run_base_ref_infra-rsan-orig_O2.0003 -e speccmds.err -o speccmds.stdout -f speccmds.cmd -C
Issuing command '/media/hahafish/Data/ForUbuntu/speccpu2006/bin/specinvoke -d /home/hahafish/speccpu2006/benchspec/CPU2006/473.astar/run/run_base_ref_infra-rsan-orig_O2.0003 -e speccmds.err -o speccmds.stdout -f speccmds.cmd -C'
Start command: Wed Jul  1 11:42:15 2026 (1782877335)
Stop command: Wed Jul  1 11:46:18 2026 (1782877578)
Elapsed time for command: 00:04:03 (243)
Workload elapsed time (0:1) = 93.825646 seconds
Workload elapsed time (0:2) = 141.819042 seconds
copy 0 finished @ Wed Jul  1 11:46:10 2026.  Total elapsed time: 235.644688
comparing files in '/home/hahafish/speccpu2006/benchspec/CPU2006/473.astar/run/run_base_ref_infra-rsan-orig_O2.0003'
comparing 'BigLakes2048.out' with abstol=, binary=, calctol=0, cw=, floatcompare=, ignorecase=, obiwan=, reltol=0.001, skipabstol=, skipobiwan=, skipreltol=, skiptol=
comparing 'rivers.out' with abstol=, binary=, calctol=0, cw=, floatcompare=, ignorecase=, obiwan=, reltol=0.001, skipabstol=, skipobiwan=, skipreltol=, skiptol=
Specinvoke: /media/hahafish/Data/ForUbuntu/speccpu2006/bin/specinvoke -E -d /home/hahafish/speccpu2006/benchspec/CPU2006/473.astar/run/run_base_ref_infra-rsan-orig_O2.0003 -c 1 -e compare.err -o compare.stdout -f compare.cmd
Issuing command '/media/hahafish/Data/ForUbuntu/speccpu2006/bin/specinvoke -E -d /home/hahafish/speccpu2006/benchspec/CPU2006/473.astar/run/run_base_ref_infra-rsan-orig_O2.0003 -c 1 -e compare.err -o compare.stdout -f compare.cmd'
Start command: Wed Jul  1 11:46:18 2026 (1782877578)
Stop command: Wed Jul  1 11:46:20 2026 (1782877580)
Elapsed time for command: 00:00:02 (2)
Benchmark Times:
  Start:    Wed Jul  1 11:42:15 2026 (1782877335)
  Stop:     Wed Jul  1 11:46:18 2026 (1782877578)
  Elapsed:  00:04:03 (243)
  Reported: 235 644741000 235.644741
 Success 473.astar base ref ratio=29.79, runtime=235.644741

-----------------------------------
  Running (#3) 482.sphinx3 ref base infra-rsan-orig_O2 default
Commands to run: 
    -C /home/hahafish/speccpu2006/benchspec/CPU2006/482.sphinx3/run/run_base_ref_infra-rsan-orig_O2.0003
    -o an4.log -e an4.err ../run_base_ref_infra-rsan-orig_O2.0003/sphinx_livepretend_base.infra-rsan-orig_O2 ctlfile . args.an4
Specinvoke: /media/hahafish/Data/ForUbuntu/speccpu2006/bin/specinvoke -d /home/hahafish/speccpu2006/benchspec/CPU2006/482.sphinx3/run/run_base_ref_infra-rsan-orig_O2.0003 -e speccmds.err -o speccmds.stdout -f speccmds.cmd -C
Issuing command '/media/hahafish/Data/ForUbuntu/speccpu2006/bin/specinvoke -d /home/hahafish/speccpu2006/benchspec/CPU2006/482.sphinx3/run/run_base_ref_infra-rsan-orig_O2.0003 -e speccmds.err -o speccmds.stdout -f speccmds.cmd -C'
Start command: Wed Jul  1 11:46:20 2026 (1782877580)
Stop command: Wed Jul  1 11:49:41 2026 (1782877781)
Elapsed time for command: 00:03:21 (201)
Workload elapsed time (0:1) = 192.764676 seconds
copy 0 finished @ Wed Jul  1 11:49:33 2026.  Total elapsed time: 192.764676
comparing files in '/home/hahafish/speccpu2006/benchspec/CPU2006/482.sphinx3/run/run_base_ref_infra-rsan-orig_O2.0003'
comparing 'an4.log' with abstol=, binary=, calctol=0, cw=, floatcompare=1, ignorecase=, obiwan=, reltol=0.001, skipabstol=, skipobiwan=, skipreltol=, skiptol=
comparing 'considered.out' with abstol=, binary=, calctol=0, cw=, floatcompare=1, ignorecase=, obiwan=, reltol=0.0004, skipabstol=, skipobiwan=, skipreltol=, skiptol=
comparing 'total_considered.out' with abstol=, binary=, calctol=0, cw=, floatcompare=1, ignorecase=, obiwan=, reltol=1e-06, skipabstol=, skipobiwan=, skipreltol=, skiptol=
Specinvoke: /media/hahafish/Data/ForUbuntu/speccpu2006/bin/specinvoke -E -d /home/hahafish/speccpu2006/benchspec/CPU2006/482.sphinx3/run/run_base_ref_infra-rsan-orig_O2.0003 -c 1 -e compare.err -o compare.stdout -f compare.cmd
Issuing command '/media/hahafish/Data/ForUbuntu/speccpu2006/bin/specinvoke -E -d /home/hahafish/speccpu2006/benchspec/CPU2006/482.sphinx3/run/run_base_ref_infra-rsan-orig_O2.0003 -c 1 -e compare.err -o compare.stdout -f compare.cmd'
Start command: Wed Jul  1 11:49:41 2026 (1782877781)
Stop command: Wed Jul  1 11:49:43 2026 (1782877783)
Elapsed time for command: 00:00:02 (2)
Benchmark Times:
  Start:    Wed Jul  1 11:46:20 2026 (1782877580)
  Stop:     Wed Jul  1 11:49:41 2026 (1782877781)
  Elapsed:  00:03:21 (201)
  Reported: 192 764719000 192.764719
 Success 482.sphinx3 base ref ratio=101.11, runtime=192.764719

-----------------------------------
  Running (#3) 483.xalancbmk ref base infra-rsan-orig_O2 default
Commands to run: 
    -C /media/hahafish/Data/ForUbuntu/speccpu2006/benchspec/CPU2006/483.xalancbmk/run/run_base_ref_infra-rsan-orig_O2.0000
    -o ref.out -e ref.err ../run_base_ref_infra-rsan-orig_O2.0000/Xalan_base.infra-rsan-orig_O2 -v t5.xml xalanc.xsl
Specinvoke: /media/hahafish/Data/ForUbuntu/speccpu2006/bin/specinvoke -d /media/hahafish/Data/ForUbuntu/speccpu2006/benchspec/CPU2006/483.xalancbmk/run/run_base_ref_infra-rsan-orig_O2.0000 -e speccmds.err -o speccmds.stdout -f speccmds.cmd -C
Issuing command '/media/hahafish/Data/ForUbuntu/speccpu2006/bin/specinvoke -d /media/hahafish/Data/ForUbuntu/speccpu2006/benchspec/CPU2006/483.xalancbmk/run/run_base_ref_infra-rsan-orig_O2.0000 -e speccmds.err -o speccmds.stdout -f speccmds.cmd -C'
Start command: Wed Jul  1 11:49:43 2026 (1782877783)
Stop command: Wed Jul  1 11:52:27 2026 (1782877947)
Elapsed time for command: 00:02:44 (164)
Workload elapsed time (0:1) = 155.802214 seconds
copy 0 finished @ Wed Jul  1 11:52:19 2026.  Total elapsed time: 155.802214
comparing files in '/media/hahafish/Data/ForUbuntu/speccpu2006/benchspec/CPU2006/483.xalancbmk/run/run_base_ref_infra-rsan-orig_O2.0000'
comparing 'ref.out' with abstol=, binary=, calctol=0, cw=, floatcompare=, ignorecase=, obiwan=, reltol=, skipabstol=, skipobiwan=, skipreltol=, skiptol=
Specinvoke: /media/hahafish/Data/ForUbuntu/speccpu2006/bin/specinvoke -E -d /media/hahafish/Data/ForUbuntu/speccpu2006/benchspec/CPU2006/483.xalancbmk/run/run_base_ref_infra-rsan-orig_O2.0000 -c 1 -e compare.err -o compare.stdout -f compare.cmd
Issuing command '/media/hahafish/Data/ForUbuntu/speccpu2006/bin/specinvoke -E -d /media/hahafish/Data/ForUbuntu/speccpu2006/benchspec/CPU2006/483.xalancbmk/run/run_base_ref_infra-rsan-orig_O2.0000 -c 1 -e compare.err -o compare.stdout -f compare.cmd'
Start command: Wed Jul  1 11:52:27 2026 (1782877947)
Stop command: Wed Jul  1 11:52:29 2026 (1782877949)
Elapsed time for command: 00:00:02 (2)
Benchmark Times:
  Start:    Wed Jul  1 11:49:43 2026 (1782877783)
  Stop:     Wed Jul  1 11:52:27 2026 (1782877947)
  Elapsed:  00:02:44 (164)
  Reported: 155 802261000 155.802261
 Success 483.xalancbmk base ref ratio=44.29, runtime=155.802261
Error: 3x450.soplex
Success: 3x400.perlbench 3x401.bzip2 3x403.gcc 3x429.mcf 3x433.milc 3x444.namd 3x445.gobmk 3x447.dealII 3x453.povray 3x456.hmmer 3x458.sjeng 3x462.libquantum 3x464.h264ref 3x470.lbm 3x471.omnetpp 3x473.astar 3x482.sphinx3 3x483.xalancbmk
Producing Reports
mach: default
  ext: infra-rsan-orig_O2
    size: ref
      set: int
           Flag reduction took 0.0022271s
        format: raw -> /media/hahafish/Data/ForUbuntu/speccpu2006/result/CINT2006.1863.rsf
        format: flags -> /media/hahafish/Data/ForUbuntu/speccpu2006/result/CINT2006.1863.flags.html
        format: ASCII -> /media/hahafish/Data/ForUbuntu/speccpu2006/result/CINT2006.1863.txt
        format: HTML -> /media/hahafish/Data/ForUbuntu/speccpu2006/result/CINT2006.1863.html, CINT2006.1863.gif
      set: fp
           Flag reduction took 0.0012689s
        format: raw -> /media/hahafish/Data/ForUbuntu/speccpu2006/result/CFP2006.1863.rsf
        format: flags -> /media/hahafish/Data/ForUbuntu/speccpu2006/result/CFP2006.1863.flags.html
        format: ASCII -> /media/hahafish/Data/ForUbuntu/speccpu2006/result/CFP2006.1863.txt
        format: HTML -> /media/hahafish/Data/ForUbuntu/speccpu2006/result/CFP2006.1863.html, CFP2006.1863.gif

The log for this run is in /media/hahafish/Data/ForUbuntu/speccpu2006/result/CPU2006.1863.log

runspec finished at Wed Jul  1 11:52:29 2026; 12288 total seconds elapsed
